task_type,input_size,exec_ms
COMPRESS_TASK,1,34.0
COMPRESS_TASK,1,34.0
COMPRESS_TASK,1,34.0
COMPRESS_TASK,1,35.0
COMPRESS_TASK,1,35.0
COMPRESS_TASK,1,35.0
COMPRESS_TASK,1,35.0
COMPRESS_TASK,1,35.0
COMPRESS_TASK,1,35.0
COMPRESS_TASK,1,35.0
COMPRESS_TASK,1,35.5
COMPRESS_TASK,1,36.0
COMPRESS_TASK,1,36.0
COMPRESS_TASK,1,36.0
COMPRESS_TASK,1,36.0
COMPRESS_TASK,1,36.0
COMPRESS_TASK,1,36.0
COMPRESS_TASK,1,36.0
COMPRESS_TASK,1,36.0
COMPRESS_TASK,1,36.0
COMPRESS_TASK,1,36.0
COMPRESS_TASK,1,36.5
COMPRESS_TASK,1,37.0
COMPRESS_TASK,1,37.0
COMPRESS_TASK,1,37.0
COMPRESS_TASK,1,37.0
COMPRESS_TASK,1,37.0
COMPRESS_TASK,1,37.0
COMPRESS_TASK,1,37.0
COMPRESS_TASK,1,37.5
COMPRESS_TASK,1,38.0
COMPRESS_TASK,1,38.0
COMPRESS_TASK,1,38.0
COMPRESS_TASK,1,38.0
COMPRESS_TASK,1,38.0
COMPRESS_TASK,1,38.0
COMPRESS_TASK,1,38.0
COMPRESS_TASK,1,38.0
COMPRESS_TASK,1,38.0
COMPRESS_TASK,1,38.0
COMPRESS_TASK,1,38.5
COMPRESS_TASK,1,39.0
COMPRESS_TASK,1,39.0
COMPRESS_TASK,1,39.0
COMPRESS_TASK,1,39.0
COMPRESS_TASK,1,39.0
COMPRESS_TASK,1,39.0
COMPRESS_TASK,1,39.0
COMPRESS_TASK,1,40.0
COMPRESS_TASK,1,40.0
COMPRESS_TASK,1,40.0
COMPRESS_TASK,1,40.0
COMPRESS_TASK,1,40.5
COMPRESS_TASK,1,41.0
COMPRESS_TASK,1,41.0
COMPRESS_TASK,1,41.0
COMPRESS_TASK,1,41.0
COMPRESS_TASK,1,41.5
COMPRESS_TASK,1,41.5
COMPRESS_TASK,1,42.0
COMPRESS_TASK,1,42.0
COMPRESS_TASK,1,42.0
COMPRESS_TASK,1,42.0
COMPRESS_TASK,1,42.0
COMPRESS_TASK,1,44.0
COMPRESS_TASK,1,44.0
COMPRESS_TASK,1,45.0
COMPRESS_TASK,1,45.0
COMPRESS_TASK,1,45.0
COMPRESS_TASK,1,45.0
COMPRESS_TASK,1,47.0
COMPRESS_TASK,1,47.0
COMPRESS_TASK,1,47.0
COMPRESS_TASK,1,48.0
COMPRESS_TASK,1,48.0
COMPRESS_TASK,1,49.0
COMPRESS_TASK,1,49.5
COMPRESS_TASK,1,50.0
COMPRESS_TASK,1,51.0
COMPRESS_TASK,1,52.0
COMPRESS_TASK,1,53.0
COMPRESS_TASK,1,53.0
COMPRESS_TASK,1,53.5
COMPRESS_TASK,1,54.0
COMPRESS_TASK,1,54.5
COMPRESS_TASK,1,59.0
COMPRESS_TASK,1,60.0
COMPRESS_TASK,1,60.0
COMPRESS_TASK,1,61.0
COMPRESS_TASK,1,73.0
COMPRESS_TASK,1,76.5
COMPRESS_TASK,1,96.5
COMPRESS_TASK,2,70.0
COMPRESS_TASK,2,70.0
COMPRESS_TASK,2,71.0
COMPRESS_TASK,2,71.0
COMPRESS_TASK,2,72.0
COMPRESS_TASK,2,72.0
COMPRESS_TASK,2,72.0
COMPRESS_TASK,2,72.0
COMPRESS_TASK,2,72.5
COMPRESS_TASK,2,72.5
COMPRESS_TASK,2,74.0
COMPRESS_TASK,2,75.0
COMPRESS_TASK,2,76.0
COMPRESS_TASK,2,76.0
COMPRESS_TASK,2,76.0
COMPRESS_TASK,2,77.0
COMPRESS_TASK,2,78.0
COMPRESS_TASK,2,78.0
COMPRESS_TASK,2,78.0
COMPRESS_TASK,2,79.0
COMPRESS_TASK,2,79.0
COMPRESS_TASK,2,80.0
COMPRESS_TASK,2,80.0
COMPRESS_TASK,2,81.0
COMPRESS_TASK,2,83.0
COMPRESS_TASK,2,83.0
COMPRESS_TASK,2,85.0
COMPRESS_TASK,2,85.0
COMPRESS_TASK,2,85.0
COMPRESS_TASK,2,86.0
COMPRESS_TASK,2,86.0
COMPRESS_TASK,2,88.0
COMPRESS_TASK,2,89.0
COMPRESS_TASK,2,90.0
COMPRESS_TASK,2,90.0
COMPRESS_TASK,2,90.0
COMPRESS_TASK,2,90.0
COMPRESS_TASK,2,91.0
COMPRESS_TASK,2,91.0
COMPRESS_TASK,2,91.5
COMPRESS_TASK,2,93.0
COMPRESS_TASK,2,93.0
COMPRESS_TASK,2,94.0
COMPRESS_TASK,2,94.0
COMPRESS_TASK,2,96.0
COMPRESS_TASK,2,96.0
COMPRESS_TASK,2,97.0
COMPRESS_TASK,2,97.0
COMPRESS_TASK,2,99.0
COMPRESS_TASK,2,99.0
COMPRESS_TASK,2,102.0
COMPRESS_TASK,2,102.5
COMPRESS_TASK,2,107.0
COMPRESS_TASK,2,109.5
COMPRESS_TASK,2,110.0
COMPRESS_TASK,2,110.0
COMPRESS_TASK,2,110.0
COMPRESS_TASK,2,118.5
COMPRESS_TASK,2,119.0
COMPRESS_TASK,2,121.0
COMPRESS_TASK,2,125.0
COMPRESS_TASK,2,131.5
COMPRESS_TASK,2,132.0
COMPRESS_TASK,2,132.0
COMPRESS_TASK,2,137.0
COMPRESS_TASK,2,139.0
COMPRESS_TASK,2,151.0
COMPRESS_TASK,2,153.5
COMPRESS_TASK,2,154.0
COMPRESS_TASK,2,158.0
COMPRESS_TASK,2,163.5
COMPRESS_TASK,2,171.0
COMPRESS_TASK,3,103.0
COMPRESS_TASK,3,103.0
COMPRESS_TASK,3,104.0
COMPRESS_TASK,3,104.5
COMPRESS_TASK,3,106.0
COMPRESS_TASK,3,106.0
COMPRESS_TASK,3,106.0
COMPRESS_TASK,3,107.0
COMPRESS_TASK,3,107.0
COMPRESS_TASK,3,107.0
COMPRESS_TASK,3,108.0
COMPRESS_TASK,3,108.0
COMPRESS_TASK,3,108.0
COMPRESS_TASK,3,108.5
COMPRESS_TASK,3,109.0
COMPRESS_TASK,3,109.0
COMPRESS_TASK,3,109.0
COMPRESS_TASK,3,110.0
COMPRESS_TASK,3,111.0
COMPRESS_TASK,3,111.0
COMPRESS_TASK,3,111.5
COMPRESS_TASK,3,112.0
COMPRESS_TASK,3,112.0
COMPRESS_TASK,3,112.5
COMPRESS_TASK,3,112.5
COMPRESS_TASK,3,113.0
COMPRESS_TASK,3,113.0
COMPRESS_TASK,3,113.0
COMPRESS_TASK,3,113.0
COMPRESS_TASK,3,113.0
COMPRESS_TASK,3,113.5
COMPRESS_TASK,3,114.0
COMPRESS_TASK,3,115.0
COMPRESS_TASK,3,116.0
COMPRESS_TASK,3,116.0
COMPRESS_TASK,3,116.0
COMPRESS_TASK,3,117.0
COMPRESS_TASK,3,117.0
COMPRESS_TASK,3,118.0
COMPRESS_TASK,3,118.0
COMPRESS_TASK,3,119.0
COMPRESS_TASK,3,119.5
COMPRESS_TASK,3,119.5
COMPRESS_TASK,3,120.0
COMPRESS_TASK,3,120.0
COMPRESS_TASK,3,121.0
COMPRESS_TASK,3,122.0
COMPRESS_TASK,3,123.0
COMPRESS_TASK,3,123.0
COMPRESS_TASK,3,123.5
COMPRESS_TASK,3,124.0
COMPRESS_TASK,3,124.0
COMPRESS_TASK,3,124.0
COMPRESS_TASK,3,125.0
COMPRESS_TASK,3,125.5
COMPRESS_TASK,3,126.0
COMPRESS_TASK,3,126.0
COMPRESS_TASK,3,127.0
COMPRESS_TASK,3,128.0
COMPRESS_TASK,3,129.0
COMPRESS_TASK,3,131.0
COMPRESS_TASK,3,137.0
COMPRESS_TASK,3,137.0
COMPRESS_TASK,3,138.0
COMPRESS_TASK,3,138.0
COMPRESS_TASK,3,138.5
COMPRESS_TASK,3,140.0
COMPRESS_TASK,3,143.0
COMPRESS_TASK,3,143.0
COMPRESS_TASK,3,146.0
COMPRESS_TASK,3,149.0
COMPRESS_TASK,3,154.5
COMPRESS_TASK,3,156.5
COMPRESS_TASK,3,157.0
COMPRESS_TASK,3,164.0
COMPRESS_TASK,3,168.0
COMPRESS_TASK,3,169.0
COMPRESS_TASK,3,175.0
COMPRESS_TASK,3,185.0
COMPRESS_TASK,3,188.5
COMPRESS_TASK,3,195.0
COMPRESS_TASK,3,212.0
COMPRESS_TASK,3,218.0
COMPRESS_TASK,3,223.0
COMPRESS_TASK,4,139.0
COMPRESS_TASK,4,139.0
COMPRESS_TASK,4,139.0
COMPRESS_TASK,4,139.0
COMPRESS_TASK,4,139.0
COMPRESS_TASK,4,140.0
COMPRESS_TASK,4,141.0
COMPRESS_TASK,4,141.0
COMPRESS_TASK,4,141.5
COMPRESS_TASK,4,142.0
COMPRESS_TASK,4,142.0
COMPRESS_TASK,4,142.5
COMPRESS_TASK,4,142.5
COMPRESS_TASK,4,146.0
COMPRESS_TASK,4,146.5
COMPRESS_TASK,4,147.0
COMPRESS_TASK,4,147.0
COMPRESS_TASK,4,147.0
COMPRESS_TASK,4,147.0
COMPRESS_TASK,4,147.0
COMPRESS_TASK,4,149.0
COMPRESS_TASK,4,150.0
COMPRESS_TASK,4,152.0
COMPRESS_TASK,4,155.0
COMPRESS_TASK,4,155.0
COMPRESS_TASK,4,159.5
COMPRESS_TASK,4,160.0
COMPRESS_TASK,4,160.0
COMPRESS_TASK,4,160.5
COMPRESS_TASK,4,161.0
COMPRESS_TASK,4,162.0
COMPRESS_TASK,4,162.0
COMPRESS_TASK,4,163.0
COMPRESS_TASK,4,166.0
COMPRESS_TASK,4,166.0
COMPRESS_TASK,4,166.5
COMPRESS_TASK,4,167.0
COMPRESS_TASK,4,167.0
COMPRESS_TASK,4,170.0
COMPRESS_TASK,4,175.0
COMPRESS_TASK,4,175.0
COMPRESS_TASK,4,178.5
COMPRESS_TASK,4,182.0
COMPRESS_TASK,4,187.0
COMPRESS_TASK,4,193.0
COMPRESS_TASK,4,201.0
COMPRESS_TASK,4,213.0
COMPRESS_TASK,4,247.0
COMPRESS_TASK,5,175.0
COMPRESS_TASK,5,176.0
COMPRESS_TASK,5,176.0
COMPRESS_TASK,5,177.0
COMPRESS_TASK,5,178.0
COMPRESS_TASK,5,179.0
COMPRESS_TASK,5,179.0
COMPRESS_TASK,5,180.0
COMPRESS_TASK,5,181.0
COMPRESS_TASK,5,181.0
COMPRESS_TASK,5,182.0
COMPRESS_TASK,5,182.0
COMPRESS_TASK,5,183.0
COMPRESS_TASK,5,183.0
COMPRESS_TASK,5,185.0
COMPRESS_TASK,5,186.0
COMPRESS_TASK,5,189.0
COMPRESS_TASK,5,189.0
COMPRESS_TASK,5,189.0
COMPRESS_TASK,5,190.0
COMPRESS_TASK,5,191.0
COMPRESS_TASK,5,191.0
COMPRESS_TASK,5,191.5
COMPRESS_TASK,5,197.0
COMPRESS_TASK,5,198.0
COMPRESS_TASK,5,199.0
COMPRESS_TASK,5,200.0
COMPRESS_TASK,5,202.0
COMPRESS_TASK,5,202.0
COMPRESS_TASK,5,204.0
COMPRESS_TASK,5,205.0
COMPRESS_TASK,5,205.0
COMPRESS_TASK,5,215.0
COMPRESS_TASK,5,220.0
COMPRESS_TASK,5,222.5
COMPRESS_TASK,5,223.0
COMPRESS_TASK,5,230.0
COMPRESS_TASK,5,236.0
COMPRESS_TASK,5,238.5
COMPRESS_TASK,5,241.0
COMPRESS_TASK,5,243.0
COMPRESS_TASK,5,253.0
COMPRESS_TASK,5,256.0
COMPRESS_TASK,5,257.0
COMPRESS_TASK,5,275.0
COMPRESS_TASK,5,307.0
COMPRESS_TASK,5,308.0
COMPRESS_TASK,5,358.0
COMPRESS_TASK,6,209.0
COMPRESS_TASK,6,209.0
COMPRESS_TASK,6,209.0
COMPRESS_TASK,6,209.0
COMPRESS_TASK,6,209.0
COMPRESS_TASK,6,210.0
COMPRESS_TASK,6,210.0
COMPRESS_TASK,6,211.0
COMPRESS_TASK,6,212.5
COMPRESS_TASK,6,213.0
COMPRESS_TASK,6,214.0
COMPRESS_TASK,6,216.5
COMPRESS_TASK,6,217.5
COMPRESS_TASK,6,218.0
COMPRESS_TASK,6,219.0
COMPRESS_TASK,6,220.0
COMPRESS_TASK,6,220.0
COMPRESS_TASK,6,221.5
COMPRESS_TASK,6,223.0
COMPRESS_TASK,6,225.0
COMPRESS_TASK,6,227.0
COMPRESS_TASK,6,230.0
COMPRESS_TASK,6,231.0
COMPRESS_TASK,6,231.0
COMPRESS_TASK,6,234.0
COMPRESS_TASK,6,234.0
COMPRESS_TASK,6,235.5
COMPRESS_TASK,6,236.0
COMPRESS_TASK,6,237.0
COMPRESS_TASK,6,237.0
COMPRESS_TASK,6,238.0
COMPRESS_TASK,6,238.0
COMPRESS_TASK,6,238.0
COMPRESS_TASK,6,239.0
COMPRESS_TASK,6,241.0
COMPRESS_TASK,6,244.0
COMPRESS_TASK,6,245.5
COMPRESS_TASK,6,258.0
COMPRESS_TASK,6,264.0
COMPRESS_TASK,6,266.5
COMPRESS_TASK,6,267.0
COMPRESS_TASK,6,274.0
COMPRESS_TASK,6,274.0
COMPRESS_TASK,6,278.0
COMPRESS_TASK,6,279.0
COMPRESS_TASK,6,285.0
COMPRESS_TASK,6,286.0
COMPRESS_TASK,6,287.0
COMPRESS_TASK,6,298.0
COMPRESS_TASK,6,299.0
COMPRESS_TASK,6,308.0
COMPRESS_TASK,6,323.0
COMPRESS_TASK,6,324.0
COMPRESS_TASK,6,326.0
COMPRESS_TASK,6,330.0
COMPRESS_TASK,6,345.0
COMPRESS_TASK,6,351.0
COMPRESS_TASK,6,358.0
COMPRESS_TASK,6,358.5
COMPRESS_TASK,6,362.0
COMPRESS_TASK,6,372.0
COMPRESS_TASK,6,428.0
COMPRESS_TASK,6,434.0
COMPRESS_TASK,6,458.0
COMPRESS_TASK,6,483.0
COMPRESS_TASK,6,510.0
COMPRESS_TASK,6,513.0
COMPRESS_TASK,6,541.0
COMPRESS_TASK,12,493.0
COMPRESS_TASK,12,497.0
COMPRESS_TASK,12,529.0
COMPRESS_TASK,12,529.0
COMPRESS_TASK,12,555.0
COMPRESS_TASK,12,591.5
COMPRESS_TASK,12,599.0
COMPRESS_TASK,12,599.5
COMPRESS_TASK,12,613.0
COMPRESS_TASK,12,771.0
COMPRESS_TASK,12,789.0
COMPRESS_TASK,12,1111.0
COMPRESS_TASK,13,523.0
COMPRESS_TASK,13,540.0
COMPRESS_TASK,13,546.0
COMPRESS_TASK,13,635.0
COMPRESS_TASK,16,637.0
COMPRESS_TASK,16,655.0
COMPRESS_TASK,16,690.5
COMPRESS_TASK,16,1026.0
COMPRESS_TASK,17,646.0
COMPRESS_TASK,17,678.0
COMPRESS_TASK,17,690.0
COMPRESS_TASK,17,702.5
COMPRESS_TASK,17,719.0
COMPRESS_TASK,17,764.0
COMPRESS_TASK,17,801.0
COMPRESS_TASK,17,801.0
COMPRESS_TASK,17,845.0
COMPRESS_TASK,17,901.0
COMPRESS_TASK,17,907.5
COMPRESS_TASK,17,1122.0
COMPRESS_TASK,18,651.0
COMPRESS_TASK,18,672.0
COMPRESS_TASK,18,706.0
COMPRESS_TASK,18,725.0
COMPRESS_TASK,19,714.0
COMPRESS_TASK,19,752.0
COMPRESS_TASK,19,777.0
COMPRESS_TASK,19,818.0
COMPRESS_TASK,21,961.0
COMPRESS_TASK,21,1058.0
COMPRESS_TASK,21,1564.0
COMPRESS_TASK,21,1759.0
COMPRESS_TASK,23,823.0
COMPRESS_TASK,23,963.0
COMPRESS_TASK,23,1030.0
COMPRESS_TASK,23,1064.0
COMPRESS_TASK,23,1065.0
COMPRESS_TASK,23,1195.0
COMPRESS_TASK,23,1234.0
COMPRESS_TASK,23,1350.0
COMPRESS_TASK,24,1072.0
COMPRESS_TASK,24,1091.0
COMPRESS_TASK,24,1104.5
COMPRESS_TASK,24,1261.0
COMPRESS_TASK,26,1024.0
COMPRESS_TASK,26,1058.0
COMPRESS_TASK,26,1072.0
COMPRESS_TASK,26,1089.0
COMPRESS_TASK,26,1416.0
COMPRESS_TASK,26,1452.0
COMPRESS_TASK,26,1536.5
COMPRESS_TASK,26,1582.0
COMPRESS_TASK,28,1271.0
COMPRESS_TASK,28,1365.5
COMPRESS_TASK,28,1413.0
COMPRESS_TASK,28,1431.5
COMPRESS_TASK,29,1005.0
COMPRESS_TASK,29,1009.0
COMPRESS_TASK,29,1078.0
COMPRESS_TASK,29,1283.0
COMPRESS_TASK,30,1290.0
COMPRESS_TASK,30,1527.0
COMPRESS_TASK,30,1551.0
COMPRESS_TASK,30,1681.5
COMPRESS_TASK,31,1367.0
COMPRESS_TASK,31,1380.0
COMPRESS_TASK,31,1514.0
COMPRESS_TASK,31,1743.0
CPU_TASK,202833,0.0
CPU_TASK,202833,0.0
CPU_TASK,202833,1.0
CPU_TASK,202833,1.5
CPU_TASK,207338,0.0
CPU_TASK,207338,0.0
CPU_TASK,207338,0.0
CPU_TASK,207338,1.0
CPU_TASK,214011,0.0
CPU_TASK,214011,1.5
CPU_TASK,214011,2.0
CPU_TASK,214011,4.0
CPU_TASK,215312,0.0
CPU_TASK,215312,1.0
CPU_TASK,215312,1.0
CPU_TASK,215312,1.5
CPU_TASK,219691,0.0
CPU_TASK,219691,0.0
CPU_TASK,219691,0.0
CPU_TASK,219691,1.0
CPU_TASK,220893,0.0
CPU_TASK,220893,1.0
CPU_TASK,220893,1.0
CPU_TASK,220893,1.5
CPU_TASK,220947,0.0
CPU_TASK,220947,0.0
CPU_TASK,220947,0.0
CPU_TASK,220947,1.0
CPU_TASK,221270,0.0
CPU_TASK,221270,1.0
CPU_TASK,221270,1.5
CPU_TASK,221270,1.5
CPU_TASK,222732,0.0
CPU_TASK,222732,0.0
CPU_TASK,222732,1.0
CPU_TASK,222732,1.0
CPU_TASK,223063,0.0
CPU_TASK,223063,0.0
CPU_TASK,223063,1.0
CPU_TASK,223063,1.5
CPU_TASK,225695,0.0
CPU_TASK,225695,0.0
CPU_TASK,225695,0.0
CPU_TASK,225695,1.0
CPU_TASK,233982,0.0
CPU_TASK,233982,0.5
CPU_TASK,233982,1.0
CPU_TASK,233982,1.0
CPU_TASK,236536,0.5
CPU_TASK,236536,0.5
CPU_TASK,236536,1.0
CPU_TASK,236536,1.5
CPU_TASK,236651,0.0
CPU_TASK,236651,0.0
CPU_TASK,236651,0.5
CPU_TASK,236651,1.5
CPU_TASK,237912,0.0
CPU_TASK,237912,1.0
CPU_TASK,237912,1.0
CPU_TASK,237912,1.0
CPU_TASK,238663,0.0
CPU_TASK,238663,0.0
CPU_TASK,238663,1.0
CPU_TASK,238663,1.0
CPU_TASK,246612,0.0
CPU_TASK,246612,0.0
CPU_TASK,246612,0.0
CPU_TASK,246612,1.5
CPU_TASK,252944,1.0
CPU_TASK,252944,1.0
CPU_TASK,252944,1.5
CPU_TASK,252944,4.0
CPU_TASK,254158,1.0
CPU_TASK,254158,1.0
CPU_TASK,254158,1.0
CPU_TASK,254158,1.5
CPU_TASK,255696,0.0
CPU_TASK,255696,0.0
CPU_TASK,255696,1.0
CPU_TASK,255696,1.0
CPU_TASK,257411,0.0
CPU_TASK,257411,1.0
CPU_TASK,257411,1.0
CPU_TASK,257411,1.5
CPU_TASK,258339,1.0
CPU_TASK,258339,1.5
CPU_TASK,258339,1.5
CPU_TASK,258339,1.5
CPU_TASK,260460,29.0
CPU_TASK,260460,36.0
CPU_TASK,260460,88.0
CPU_TASK,260460,107.5
CPU_TASK,260498,0.0
CPU_TASK,260498,1.0
CPU_TASK,260498,1.0
CPU_TASK,260498,1.0
CPU_TASK,261097,1.0
CPU_TASK,261097,2.0
CPU_TASK,261097,13.5
CPU_TASK,261097,26.0
CPU_TASK,261801,0.0
CPU_TASK,261801,0.0
CPU_TASK,261801,2.0
CPU_TASK,261801,2.5
CPU_TASK,262957,0.0
CPU_TASK,262957,1.0
CPU_TASK,262957,2.5
CPU_TASK,262957,3.0
CPU_TASK,263336,0.0
CPU_TASK,263336,1.0
CPU_TASK,263336,1.5
CPU_TASK,263336,1.5
CPU_TASK,264222,0.0
CPU_TASK,264222,1.0
CPU_TASK,264222,1.0
CPU_TASK,264222,2.5
CPU_TASK,272249,1.0
CPU_TASK,272249,1.5
CPU_TASK,272249,2.0
CPU_TASK,272249,2.0
CPU_TASK,272486,1.0
CPU_TASK,272486,1.0
CPU_TASK,272486,1.0
CPU_TASK,272486,1.0
CPU_TASK,273572,0.0
CPU_TASK,273572,0.0
CPU_TASK,273572,0.0
CPU_TASK,273572,1.0
CPU_TASK,275342,0.0
CPU_TASK,275342,1.0
CPU_TASK,275342,2.0
CPU_TASK,275342,3.0
CPU_TASK,276042,1.0
CPU_TASK,276042,1.5
CPU_TASK,276042,2.0
CPU_TASK,276042,3.0
CPU_TASK,277515,0.0
CPU_TASK,277515,1.0
CPU_TASK,277515,1.0
CPU_TASK,277515,1.0
CPU_TASK,289416,1.0
CPU_TASK,289416,1.5
CPU_TASK,289416,2.0
CPU_TASK,289416,2.0
CPU_TASK,294968,1.0
CPU_TASK,294968,2.0
CPU_TASK,294968,5.0
CPU_TASK,294968,11.0
CPU_TASK,299452,1.0
CPU_TASK,299452,1.0
CPU_TASK,299452,2.0
CPU_TASK,299452,2.0
CPU_TASK,300764,1.0
CPU_TASK,300764,2.0
CPU_TASK,300764,2.0
CPU_TASK,300764,4.0
CPU_TASK,301618,0.0
CPU_TASK,301618,0.0
CPU_TASK,301618,1.0
CPU_TASK,301618,1.0
CPU_TASK,308520,1.0
CPU_TASK,308520,1.0
CPU_TASK,308520,2.0
CPU_TASK,308520,4.0
CPU_TASK,312167,1.0
CPU_TASK,312167,1.0
CPU_TASK,312167,1.0
CPU_TASK,312167,2.5
CPU_TASK,314262,1.0
CPU_TASK,314262,1.0
CPU_TASK,314262,1.0
CPU_TASK,314262,1.0
CPU_TASK,317006,2.0
CPU_TASK,317006,2.0
CPU_TASK,317006,2.5
CPU_TASK,317006,5.5
CPU_TASK,317095,1.0
CPU_TASK,317839,1.0
CPU_TASK,317839,1.0
CPU_TASK,317839,1.0
CPU_TASK,317839,1.0
CPU_TASK,323100,1.0
CPU_TASK,323100,2.0
CPU_TASK,323100,2.0
CPU_TASK,323100,2.0
CPU_TASK,328972,1.0
CPU_TASK,328972,1.0
CPU_TASK,328972,1.5
CPU_TASK,328972,2.0
CPU_TASK,329937,1.0
CPU_TASK,329937,1.0
CPU_TASK,329937,1.0
CPU_TASK,329937,1.0
CPU_TASK,334009,1.0
CPU_TASK,334009,1.0
CPU_TASK,334009,1.0
CPU_TASK,334009,1.5
CPU_TASK,336191,1.0
CPU_TASK,336191,1.0
CPU_TASK,336191,1.0
CPU_TASK,336191,2.0
CPU_TASK,338203,1.0
CPU_TASK,338203,1.0
CPU_TASK,338203,1.0
CPU_TASK,338203,1.5
CPU_TASK,339024,1.0
CPU_TASK,339024,1.0
CPU_TASK,339024,1.5
CPU_TASK,339024,3.0
CPU_TASK,340158,1.0
CPU_TASK,340158,1.0
CPU_TASK,340158,2.0
CPU_TASK,340158,5.0
CPU_TASK,342519,1.0
CPU_TASK,342519,1.0
CPU_TASK,342519,2.0
CPU_TASK,343203,1.0
CPU_TASK,343203,1.5
CPU_TASK,343203,2.0
CPU_TASK,343203,2.5
CPU_TASK,343633,1.0
CPU_TASK,343633,1.0
CPU_TASK,343633,1.0
CPU_TASK,343633,1.5
CPU_TASK,344598,1.0
CPU_TASK,344598,1.0
CPU_TASK,344598,2.5
CPU_TASK,344598,3.0
CPU_TASK,351605,1.0
CPU_TASK,351605,1.0
CPU_TASK,351605,1.0
CPU_TASK,351605,1.5
CPU_TASK,352962,1.0
CPU_TASK,352962,1.0
CPU_TASK,352962,4.0
CPU_TASK,352962,5.5
CPU_TASK,355809,1.0
CPU_TASK,355809,1.0
CPU_TASK,355809,2.0
CPU_TASK,355809,2.0
CPU_TASK,355827,1.0
CPU_TASK,355827,1.0
CPU_TASK,355827,3.5
CPU_TASK,355827,3.5
CPU_TASK,360744,1.0
CPU_TASK,360744,1.5
CPU_TASK,360744,1.5
CPU_TASK,360744,2.5
CPU_TASK,360853,1.0
CPU_TASK,360853,1.0
CPU_TASK,360853,2.0
CPU_TASK,360853,2.5
CPU_TASK,361329,1.0
CPU_TASK,361329,1.0
CPU_TASK,361329,1.5
CPU_TASK,361329,2.0
CPU_TASK,368251,1.0
CPU_TASK,368251,1.0
CPU_TASK,368251,1.0
CPU_TASK,368251,1.0
CPU_TASK,369349,1.0
CPU_TASK,369349,1.0
CPU_TASK,369349,2.0
CPU_TASK,369349,2.0
CPU_TASK,371896,1.0
CPU_TASK,371896,1.5
CPU_TASK,371896,2.0
CPU_TASK,371896,2.0
CPU_TASK,374400,1.0
CPU_TASK,374400,1.5
CPU_TASK,374400,2.0
CPU_TASK,374400,3.0
CPU_TASK,377423,1.0
CPU_TASK,377423,2.0
CPU_TASK,377423,3.0
CPU_TASK,377423,19.0
CPU_TASK,378426,1.0
CPU_TASK,378426,1.0
CPU_TASK,378426,3.0
CPU_TASK,378426,3.0
CPU_TASK,379227,1.0
CPU_TASK,379227,1.0
CPU_TASK,379227,6.0
CPU_TASK,379227,8.0
CPU_TASK,382117,1.0
CPU_TASK,382117,1.0
CPU_TASK,382117,2.0
CPU_TASK,382117,6.0
CPU_TASK,384737,1.0
CPU_TASK,384737,2.0
CPU_TASK,384737,2.5
CPU_TASK,384737,2.5
CPU_TASK,387571,1.0
CPU_TASK,387571,1.0
CPU_TASK,387571,1.0
CPU_TASK,387571,2.0
CPU_TASK,396026,1.0
CPU_TASK,396026,1.0
CPU_TASK,396026,1.0
CPU_TASK,396026,2.0
CPU_TASK,399227,1.0
CPU_TASK,399227,1.5
CPU_TASK,399227,1.5
CPU_TASK,399227,2.0
CPU_TASK,401284,1.0
CPU_TASK,401284,1.5
CPU_TASK,401284,2.0
CPU_TASK,401284,2.0
CPU_TASK,404937,1.0
CPU_TASK,404937,1.5
CPU_TASK,404937,2.0
CPU_TASK,404937,7.0
CPU_TASK,412980,1.0
CPU_TASK,412980,1.5
CPU_TASK,412980,2.0
CPU_TASK,412980,2.5
CPU_TASK,413824,1.0
CPU_TASK,413824,1.0
CPU_TASK,413824,2.0
CPU_TASK,415334,1.0
CPU_TASK,415334,1.5
CPU_TASK,415334,2.0
CPU_TASK,415334,3.0
CPU_TASK,416986,1.0
CPU_TASK,416986,1.0
CPU_TASK,416986,2.0
CPU_TASK,416986,2.5
CPU_TASK,418177,1.0
CPU_TASK,418177,1.0
CPU_TASK,418177,2.0
CPU_TASK,418177,2.0
CPU_TASK,420057,1.0
CPU_TASK,420057,2.0
CPU_TASK,420057,2.0
CPU_TASK,420057,6.5
CPU_TASK,423409,1.0
CPU_TASK,423409,2.0
CPU_TASK,423409,2.0
CPU_TASK,423409,3.0
CPU_TASK,423951,1.0
CPU_TASK,423951,1.5
CPU_TASK,423951,4.0
CPU_TASK,423951,5.0
CPU_TASK,424560,1.0
CPU_TASK,424560,1.5
CPU_TASK,424560,2.0
CPU_TASK,424560,2.0
CPU_TASK,429911,1.5
CPU_TASK,429911,2.0
CPU_TASK,429911,2.5
CPU_TASK,429911,3.0
CPU_TASK,432901,2.0
CPU_TASK,432901,2.0
CPU_TASK,432901,2.0
CPU_TASK,432901,2.5
CPU_TASK,436243,1.0
CPU_TASK,436243,2.0
CPU_TASK,436243,2.0
CPU_TASK,436243,4.0
CPU_TASK,438818,1.0
CPU_TASK,438818,1.0
CPU_TASK,438818,2.0
CPU_TASK,438818,2.0
CPU_TASK,442430,1.0
CPU_TASK,442430,2.0
CPU_TASK,442430,2.0
CPU_TASK,442430,3.0
CPU_TASK,443527,2.0
CPU_TASK,443527,2.0
CPU_TASK,443527,2.0
CPU_TASK,443527,3.5
CPU_TASK,444796,1.0
CPU_TASK,444796,1.0
CPU_TASK,444796,2.0
CPU_TASK,444796,2.0
CPU_TASK,446103,2.0
CPU_TASK,446103,2.0
CPU_TASK,446103,2.0
CPU_TASK,446103,3.5
CPU_TASK,446311,1.0
CPU_TASK,446311,1.5
CPU_TASK,446311,2.0
CPU_TASK,446311,2.5
CPU_TASK,448630,1.0
CPU_TASK,448630,2.5
CPU_TASK,448630,3.0
CPU_TASK,448630,3.5
CPU_TASK,451112,1.5
CPU_TASK,451112,2.0
CPU_TASK,451112,2.0
CPU_TASK,451112,2.5
CPU_TASK,455864,1.5
CPU_TASK,455864,2.0
CPU_TASK,455864,2.5
CPU_TASK,455864,5.0
CPU_TASK,456964,1.5
CPU_TASK,456964,2.0
CPU_TASK,456964,2.0
CPU_TASK,456964,2.0
CPU_TASK,457084,1.5
CPU_TASK,457084,2.0
CPU_TASK,457084,2.0
CPU_TASK,457084,3.0
CPU_TASK,457288,1.0
CPU_TASK,457288,1.0
CPU_TASK,457288,1.5
CPU_TASK,457288,8.0
CPU_TASK,457532,2.0
CPU_TASK,457532,2.0
CPU_TASK,457532,2.0
CPU_TASK,457532,3.0
CPU_TASK,460468,1.5
CPU_TASK,460468,2.0
CPU_TASK,460468,2.5
CPU_TASK,460468,3.5
CPU_TASK,462361,1.0
CPU_TASK,462361,1.0
CPU_TASK,462361,2.0
CPU_TASK,462361,3.0
CPU_TASK,469220,2.0
CPU_TASK,469220,2.0
CPU_TASK,469220,4.0
CPU_TASK,469220,4.5
CPU_TASK,471701,1.0
CPU_TASK,471701,1.5
CPU_TASK,471701,2.5
CPU_TASK,471701,18.0
CPU_TASK,477348,1.0
CPU_TASK,477348,1.0
CPU_TASK,477348,2.5
CPU_TASK,477348,2.5
CPU_TASK,477608,2.0
CPU_TASK,477608,2.0
CPU_TASK,477608,3.0
CPU_TASK,477608,3.5
CPU_TASK,478509,1.0
CPU_TASK,478509,1.0
CPU_TASK,478509,3.0
CPU_TASK,478509,4.0
CPU_TASK,485617,1.0
CPU_TASK,485617,2.0
CPU_TASK,485617,3.0
CPU_TASK,485617,4.0
CPU_TASK,486312,1.0
CPU_TASK,486312,1.0
CPU_TASK,486312,2.0
CPU_TASK,486312,3.0
CPU_TASK,486484,2.0
CPU_TASK,486484,2.5
CPU_TASK,486484,2.5
CPU_TASK,486484,2.5
CPU_TASK,488067,1.0
CPU_TASK,488067,1.0
CPU_TASK,488067,2.0
CPU_TASK,488067,3.0
CPU_TASK,491679,1.0
CPU_TASK,491679,2.0
CPU_TASK,491679,2.0
CPU_TASK,491679,3.5
CPU_TASK,494857,2.0
CPU_TASK,494857,2.0
CPU_TASK,494857,4.0
CPU_TASK,495123,1.0
CPU_TASK,495123,1.0
CPU_TASK,495123,2.0
CPU_TASK,495123,2.0
CPU_TASK,496087,1.0
CPU_TASK,496087,2.0
CPU_TASK,496087,2.5
CPU_TASK,496087,3.5
CPU_TASK,499915,1.0
CPU_TASK,499915,1.0
CPU_TASK,499915,3.0
CPU_TASK,499915,3.5
CPU_TASK,500951,1.0
CPU_TASK,500951,4.0
CPU_TASK,500951,4.0
CPU_TASK,500951,7.0
CPU_TASK,502741,1.0
CPU_TASK,502741,1.0
CPU_TASK,502741,2.0
CPU_TASK,502741,3.5
CPU_TASK,503136,1.0
CPU_TASK,503136,1.0
CPU_TASK,503136,1.0
CPU_TASK,503136,3.0
CPU_TASK,503986,2.0
CPU_TASK,503986,2.5
CPU_TASK,503986,3.0
CPU_TASK,503986,9.0
CPU_TASK,504522,1.0
CPU_TASK,504522,2.0
CPU_TASK,504522,3.0
CPU_TASK,504522,5.0
CPU_TASK,505254,1.0
CPU_TASK,505254,2.5
CPU_TASK,505254,2.5
CPU_TASK,505254,2.5
CPU_TASK,508163,2.0
CPU_TASK,508163,2.0
CPU_TASK,508163,3.0
CPU_TASK,508163,4.5
CPU_TASK,511060,2.0
CPU_TASK,511060,2.0
CPU_TASK,511060,3.0
CPU_TASK,511060,3.0
CPU_TASK,514843,1.0
CPU_TASK,514843,1.0
CPU_TASK,514843,1.0
CPU_TASK,514843,1.0
CPU_TASK,516584,1.0
CPU_TASK,516584,2.0
CPU_TASK,516584,2.0
CPU_TASK,516584,3.0
CPU_TASK,516714,1.0
CPU_TASK,516714,1.0
CPU_TASK,516714,3.0
CPU_TASK,516714,3.5
CPU_TASK,521216,1.0
CPU_TASK,521216,2.0
CPU_TASK,521216,2.0
CPU_TASK,521216,2.0
CPU_TASK,522184,1.0
CPU_TASK,522184,1.0
CPU_TASK,522184,2.5
CPU_TASK,522184,2.5
CPU_TASK,522786,2.0
CPU_TASK,522786,2.0
CPU_TASK,522786,2.0
CPU_TASK,522786,2.0
CPU_TASK,524410,1.0
CPU_TASK,524410,1.0
CPU_TASK,524410,2.0
CPU_TASK,524410,9.0
CPU_TASK,527600,2.0
CPU_TASK,527600,3.0
CPU_TASK,527600,3.5
CPU_TASK,527600,6.0
CPU_TASK,531483,1.0
CPU_TASK,531483,2.0
CPU_TASK,531483,2.0
CPU_TASK,531483,3.0
CPU_TASK,532839,1.0
CPU_TASK,532839,2.0
CPU_TASK,532839,3.0
CPU_TASK,532839,3.0
CPU_TASK,534299,2.0
CPU_TASK,534299,2.5
CPU_TASK,534299,3.0
CPU_TASK,534299,3.0
CPU_TASK,542101,3.0
CPU_TASK,542101,3.0
CPU_TASK,542101,5.0
CPU_TASK,542101,6.0
CPU_TASK,542949,1.0
CPU_TASK,542949,2.0
CPU_TASK,542949,3.0
CPU_TASK,542949,7.0
CPU_TASK,543630,1.0
CPU_TASK,543630,1.0
CPU_TASK,543630,2.0
CPU_TASK,543630,3.0
CPU_TASK,549576,1.0
CPU_TASK,549576,2.5
CPU_TASK,549576,3.0
CPU_TASK,549576,3.0
CPU_TASK,549795,1.0
CPU_TASK,549795,1.0
CPU_TASK,549795,2.0
CPU_TASK,549795,4.0
CPU_TASK,554092,2.0
CPU_TASK,554092,2.0
CPU_TASK,554092,3.0
CPU_TASK,554092,3.0
CPU_TASK,558333,1.0
CPU_TASK,558333,1.0
CPU_TASK,558333,2.0
CPU_TASK,558333,8.5
CPU_TASK,564529,2.0
CPU_TASK,564529,3.0
CPU_TASK,564529,4.0
CPU_TASK,564529,5.0
CPU_TASK,568805,2.0
CPU_TASK,568805,2.0
CPU_TASK,568805,3.0
CPU_TASK,568805,4.5
CPU_TASK,570828,2.0
CPU_TASK,570828,2.5
CPU_TASK,570828,2.5
CPU_TASK,570828,3.0
CPU_TASK,576810,2.0
CPU_TASK,576810,3.0
CPU_TASK,576810,4.0
CPU_TASK,576810,5.0
CPU_TASK,577366,2.0
CPU_TASK,577366,3.0
CPU_TASK,577366,3.0
CPU_TASK,577366,4.0
CPU_TASK,578681,2.0
CPU_TASK,578681,2.0
CPU_TASK,578681,3.0
CPU_TASK,578681,5.5
CPU_TASK,579766,2.0
CPU_TASK,579766,2.0
CPU_TASK,579766,3.0
CPU_TASK,579766,3.0
CPU_TASK,582745,1.0
CPU_TASK,582745,2.0
CPU_TASK,582745,2.0
CPU_TASK,582745,3.0
CPU_TASK,583326,1.0
CPU_TASK,583326,2.0
CPU_TASK,583326,2.0
CPU_TASK,583326,3.0
CPU_TASK,583490,2.5
CPU_TASK,583490,2.5
CPU_TASK,583490,6.0
CPU_TASK,583490,11.5
CPU_TASK,589227,2.0
CPU_TASK,589227,2.0
CPU_TASK,589227,2.0
CPU_TASK,589227,3.0
CPU_TASK,590594,1.0
CPU_TASK,590594,2.0
CPU_TASK,590594,2.0
CPU_TASK,590594,3.0
CPU_TASK,596896,2.0
CPU_TASK,596896,2.0
CPU_TASK,596896,4.0
CPU_TASK,596896,5.0
CPU_TASK,598373,2.0
CPU_TASK,598373,3.0
CPU_TASK,598373,4.0
CPU_TASK,598373,5.0
CPU_TASK,601032,2.0
CPU_TASK,601032,2.0
CPU_TASK,601032,2.0
CPU_TASK,601032,4.0
CPU_TASK,601086,2.0
CPU_TASK,601086,3.5
CPU_TASK,601086,4.0
CPU_TASK,601086,4.0
CPU_TASK,603410,2.5
CPU_TASK,603410,3.0
CPU_TASK,603410,3.0
CPU_TASK,603410,6.5
CPU_TASK,604632,36.0
CPU_TASK,604632,46.0
CPU_TASK,604632,82.5
CPU_TASK,604632,102.0
CPU_TASK,608309,2.0
CPU_TASK,608309,2.0
CPU_TASK,608309,3.0
CPU_TASK,608309,9.0
CPU_TASK,609230,1.0
CPU_TASK,609230,2.0
CPU_TASK,609230,2.0
CPU_TASK,609230,3.0
CPU_TASK,609703,2.0
CPU_TASK,609703,2.0
CPU_TASK,609703,7.0
CPU_TASK,609703,11.0
CPU_TASK,611201,1.0
CPU_TASK,611201,3.0
CPU_TASK,611201,4.0
CPU_TASK,611201,4.0
CPU_TASK,612455,2.0
CPU_TASK,612455,2.0
CPU_TASK,612455,3.0
CPU_TASK,612455,9.0
CPU_TASK,615098,2.0
CPU_TASK,615098,2.0
CPU_TASK,615098,2.0
CPU_TASK,615098,4.0
CPU_TASK,615246,2.0
CPU_TASK,615246,2.5
CPU_TASK,615246,2.5
CPU_TASK,615246,3.0
CPU_TASK,618955,2.0
CPU_TASK,618955,2.0
CPU_TASK,618955,2.0
CPU_TASK,618955,3.0
CPU_TASK,621369,2.0
CPU_TASK,621369,2.5
CPU_TASK,621369,2.5
CPU_TASK,621369,8.0
CPU_TASK,622821,2.0
CPU_TASK,622821,2.0
CPU_TASK,622821,3.0
CPU_TASK,622821,3.0
CPU_TASK,628890,2.5
CPU_TASK,628890,2.5
CPU_TASK,628890,3.0
CPU_TASK,628890,3.0
CPU_TASK,637302,2.0
CPU_TASK,637302,2.0
CPU_TASK,637302,3.0
CPU_TASK,637302,3.5
CPU_TASK,637555,2.0
CPU_TASK,637555,2.0
CPU_TASK,637555,3.0
CPU_TASK,637555,5.0
CPU_TASK,639251,2.0
CPU_TASK,639251,3.0
CPU_TASK,639251,3.0
CPU_TASK,639251,3.5
CPU_TASK,640889,2.0
CPU_TASK,640889,2.5
CPU_TASK,640889,3.0
CPU_TASK,640889,3.0
CPU_TASK,641265,2.0
CPU_TASK,641265,2.0
CPU_TASK,641265,4.0
CPU_TASK,641265,5.0
CPU_TASK,641591,2.0
CPU_TASK,641591,2.0
CPU_TASK,641591,3.0
CPU_TASK,641591,4.5
CPU_TASK,648349,2.0
CPU_TASK,648349,2.0
CPU_TASK,648349,2.5
CPU_TASK,648349,3.0
CPU_TASK,649423,2.0
CPU_TASK,649423,3.0
CPU_TASK,649423,4.0
CPU_TASK,649423,9.0
CPU_TASK,649809,2.5
CPU_TASK,649809,3.0
CPU_TASK,649809,3.0
CPU_TASK,649809,4.0
CPU_TASK,650476,2.0
CPU_TASK,650476,3.0
CPU_TASK,650476,3.0
CPU_TASK,650476,4.0
CPU_TASK,652363,2.0
CPU_TASK,652363,2.0
CPU_TASK,652363,3.0
CPU_TASK,652363,3.0
CPU_TASK,654214,2.0
CPU_TASK,654214,3.0
CPU_TASK,654214,10.0
CPU_TASK,654214,15.0
CPU_TASK,657851,2.0
CPU_TASK,657851,2.5
CPU_TASK,657851,4.0
CPU_TASK,657851,4.0
CPU_TASK,659530,2.0
CPU_TASK,659530,3.0
CPU_TASK,659530,3.5
CPU_TASK,659530,3.5
CPU_TASK,664912,3.0
CPU_TASK,664912,3.0
CPU_TASK,664912,3.5
CPU_TASK,664912,4.0
CPU_TASK,671503,2.5
CPU_TASK,671503,3.5
CPU_TASK,671503,4.5
CPU_TASK,671503,5.0
CPU_TASK,673346,2.0
CPU_TASK,673346,2.0
CPU_TASK,673346,2.0
CPU_TASK,673346,3.5
CPU_TASK,676163,2.5
CPU_TASK,676163,3.0
CPU_TASK,676163,6.0
CPU_TASK,676163,9.0
CPU_TASK,684288,2.0
CPU_TASK,684288,3.0
CPU_TASK,684288,3.0
CPU_TASK,684288,3.0
CPU_TASK,685760,3.0
CPU_TASK,685760,4.0
CPU_TASK,685760,5.0
CPU_TASK,685760,6.0
CPU_TASK,687454,2.0
CPU_TASK,687454,4.0
CPU_TASK,687454,5.5
CPU_TASK,687454,6.0
CPU_TASK,687785,3.0
CPU_TASK,687785,4.0
CPU_TASK,687785,4.0
CPU_TASK,687785,6.0
CPU_TASK,696296,2.0
CPU_TASK,696296,2.0
CPU_TASK,696296,3.0
CPU_TASK,696296,3.0
CPU_TASK,696949,2.0
CPU_TASK,696949,2.0
CPU_TASK,696949,3.0
CPU_TASK,696949,4.0
CPU_TASK,698082,2.0
CPU_TASK,698082,2.5
CPU_TASK,698082,3.0
CPU_TASK,698082,3.0
CPU_TASK,700948,3.0
CPU_TASK,700948,3.5
CPU_TASK,700948,6.0
CPU_TASK,700948,7.0
CPU_TASK,701255,2.0
CPU_TASK,701255,2.0
CPU_TASK,701255,2.0
CPU_TASK,701255,2.0
CPU_TASK,701767,3.0
CPU_TASK,701767,3.0
CPU_TASK,701767,5.0
CPU_TASK,701767,5.0
CPU_TASK,707295,2.0
CPU_TASK,707295,2.0
CPU_TASK,707295,2.0
CPU_TASK,707295,2.5
CPU_TASK,712886,2.5
CPU_TASK,712886,3.0
CPU_TASK,712886,5.5
CPU_TASK,712886,21.0
CPU_TASK,716007,4.0
CPU_TASK,716007,4.0
CPU_TASK,716007,4.5
CPU_TASK,716007,6.5
CPU_TASK,719841,3.5
CPU_TASK,719841,4.0
CPU_TASK,719841,4.5
CPU_TASK,719841,15.5
CPU_TASK,722686,2.0
CPU_TASK,722686,3.0
CPU_TASK,722686,4.0
CPU_TASK,722686,9.0
CPU_TASK,722974,2.0
CPU_TASK,722974,2.5
CPU_TASK,722974,3.0
CPU_TASK,722974,5.0
CPU_TASK,724240,2.0
CPU_TASK,724240,2.5
CPU_TASK,724240,3.0
CPU_TASK,724240,4.0
CPU_TASK,728140,2.0
CPU_TASK,728140,2.0
CPU_TASK,728140,3.0
CPU_TASK,728140,7.5
CPU_TASK,728202,2.0
CPU_TASK,728202,3.0
CPU_TASK,728202,3.5
CPU_TASK,728202,11.0
CPU_TASK,730275,2.0
CPU_TASK,730275,3.0
CPU_TASK,730275,3.0
CPU_TASK,730275,4.5
CPU_TASK,731024,2.0
CPU_TASK,731024,2.0
CPU_TASK,731024,3.0
CPU_TASK,731024,3.0
CPU_TASK,731308,3.0
CPU_TASK,731308,3.5
CPU_TASK,731308,4.5
CPU_TASK,731308,5.0
CPU_TASK,731497,3.0
CPU_TASK,731497,3.5
CPU_TASK,731497,3.5
CPU_TASK,731497,5.0
CPU_TASK,732642,2.0
CPU_TASK,732642,2.0
CPU_TASK,732642,6.0
CPU_TASK,732642,10.0
CPU_TASK,733527,2.0
CPU_TASK,733527,2.0
CPU_TASK,733527,2.0
CPU_TASK,733527,3.5
CPU_TASK,735768,2.0
CPU_TASK,735768,3.0
CPU_TASK,735768,4.0
CPU_TASK,735768,4.0
CPU_TASK,738187,4.0
CPU_TASK,738187,4.0
CPU_TASK,738187,4.0
CPU_TASK,738187,7.0
CPU_TASK,741846,3.0
CPU_TASK,741846,4.0
CPU_TASK,741846,6.0
CPU_TASK,741846,10.0
CPU_TASK,745037,3.0
CPU_TASK,745037,3.0
CPU_TASK,745037,5.0
CPU_TASK,745037,5.5
CPU_TASK,745382,2.0
CPU_TASK,745382,3.0
CPU_TASK,745382,3.5
CPU_TASK,745382,4.0
CPU_TASK,749450,2.0
CPU_TASK,749450,3.0
CPU_TASK,749450,3.0
CPU_TASK,749450,3.5
CPU_TASK,756651,3.0
CPU_TASK,756651,4.0
CPU_TASK,756651,4.0
CPU_TASK,756651,5.0
CPU_TASK,758721,2.0
CPU_TASK,758721,3.0
CPU_TASK,758721,3.0
CPU_TASK,758721,4.0
CPU_TASK,759406,2.0
CPU_TASK,759406,3.0
CPU_TASK,759406,3.0
CPU_TASK,759406,5.0
CPU_TASK,760470,2.0
CPU_TASK,760470,4.0
CPU_TASK,760470,4.0
CPU_TASK,760470,17.0
CPU_TASK,763741,2.0
CPU_TASK,763741,3.0
CPU_TASK,763741,3.0
CPU_TASK,763741,4.0
CPU_TASK,764758,2.0
CPU_TASK,764758,2.5
CPU_TASK,764758,2.5
CPU_TASK,764758,4.5
CPU_TASK,767808,3.5
CPU_TASK,767808,5.0
CPU_TASK,767808,5.5
CPU_TASK,767808,8.0
CPU_TASK,769524,2.5
CPU_TASK,769524,3.0
CPU_TASK,769524,3.0
CPU_TASK,769524,3.0
CPU_TASK,773216,2.0
CPU_TASK,773216,3.0
CPU_TASK,773216,5.0
CPU_TASK,773216,6.0
CPU_TASK,774085,3.0
CPU_TASK,774085,3.0
CPU_TASK,774085,4.0
CPU_TASK,774085,4.5
CPU_TASK,774883,3.0
CPU_TASK,774883,3.0
CPU_TASK,774883,5.0
CPU_TASK,774883,5.5
CPU_TASK,786595,2.0
CPU_TASK,786595,3.0
CPU_TASK,786595,3.0
CPU_TASK,786595,3.5
CPU_TASK,787965,3.0
CPU_TASK,787965,4.0
CPU_TASK,787965,5.5
CPU_TASK,787965,6.0
CPU_TASK,788649,2.0
CPU_TASK,788649,3.0
CPU_TASK,788649,3.0
CPU_TASK,788649,4.0
CPU_TASK,789342,2.0
CPU_TASK,789342,2.0
CPU_TASK,789342,2.0
CPU_TASK,789342,4.0
CPU_TASK,791038,2.0
CPU_TASK,791038,2.0
CPU_TASK,791038,2.0
CPU_TASK,791038,3.0
CPU_TASK,795859,2.0
CPU_TASK,795859,2.0
CPU_TASK,795859,2.0
CPU_TASK,795859,4.5
CPU_TASK,798005,2.0
CPU_TASK,798005,2.0
CPU_TASK,798005,4.5
CPU_TASK,798005,7.0
CPU_TASK,798397,3.0
CPU_TASK,798397,3.5
CPU_TASK,798397,5.0
CPU_TASK,798397,9.0
CPU_TASK,807522,2.0
CPU_TASK,807522,3.0
CPU_TASK,807522,3.0
CPU_TASK,807522,13.5
CPU_TASK,808160,2.0
CPU_TASK,808160,2.0
CPU_TASK,808160,2.0
CPU_TASK,808160,3.0
CPU_TASK,808473,3.0
CPU_TASK,808473,3.0
CPU_TASK,808473,4.0
CPU_TASK,808473,4.0
CPU_TASK,810480,2.0
CPU_TASK,810480,2.0
CPU_TASK,810480,2.0
CPU_TASK,810480,3.0
CPU_TASK,813634,2.0
CPU_TASK,813634,3.0
CPU_TASK,813634,4.0
CPU_TASK,813634,4.5
CPU_TASK,816184,3.0
CPU_TASK,816184,3.0
CPU_TASK,816184,4.0
CPU_TASK,816184,6.5
CPU_TASK,817027,3.0
CPU_TASK,817027,3.0
CPU_TASK,817027,3.5
CPU_TASK,817027,5.0
CPU_TASK,820747,4.0
CPU_TASK,820747,5.0
CPU_TASK,820747,5.0
CPU_TASK,820747,6.0
CPU_TASK,820845,3.0
CPU_TASK,820845,3.0
CPU_TASK,820845,4.5
CPU_TASK,820845,6.0
CPU_TASK,825020,3.0
CPU_TASK,825020,4.0
CPU_TASK,825020,5.0
CPU_TASK,825020,6.0
CPU_TASK,830024,2.0
CPU_TASK,830024,2.0
CPU_TASK,830024,4.0
CPU_TASK,830024,6.0
CPU_TASK,832452,2.0
CPU_TASK,832452,3.5
CPU_TASK,832452,4.0
CPU_TASK,832452,7.0
CPU_TASK,834270,2.0
CPU_TASK,834270,2.0
CPU_TASK,834270,4.5
CPU_TASK,834270,4.5
CPU_TASK,841047,3.0
CPU_TASK,841047,3.0
CPU_TASK,841047,4.0
CPU_TASK,841047,4.0
CPU_TASK,843412,2.0
CPU_TASK,843412,3.5
CPU_TASK,843412,4.5
CPU_TASK,843412,12.0
CPU_TASK,846026,5.0
CPU_TASK,846026,5.0
CPU_TASK,846026,5.0
CPU_TASK,846026,12.0
CPU_TASK,848839,2.0
CPU_TASK,848839,3.5
CPU_TASK,848839,4.0
CPU_TASK,848839,8.0
CPU_TASK,853833,3.0
CPU_TASK,853833,3.0
CPU_TASK,853833,4.0
CPU_TASK,853833,7.5
CPU_TASK,858317,3.0
CPU_TASK,858317,4.0
CPU_TASK,858317,4.0
CPU_TASK,858317,4.0
CPU_TASK,859788,2.0
CPU_TASK,859788,3.0
CPU_TASK,859788,3.0
CPU_TASK,859788,3.0
CPU_TASK,859877,2.0
CPU_TASK,859877,2.0
CPU_TASK,859877,2.5
CPU_TASK,859877,3.5
CPU_TASK,860212,2.0
CPU_TASK,860212,3.0
CPU_TASK,860212,3.0
CPU_TASK,860212,3.5
CPU_TASK,866428,3.0
CPU_TASK,866428,3.0
CPU_TASK,866428,7.0
CPU_TASK,866428,8.0
CPU_TASK,867417,2.0
CPU_TASK,867417,4.0
CPU_TASK,867417,4.0
CPU_TASK,867417,5.0
CPU_TASK,869235,3.0
CPU_TASK,869235,3.5
CPU_TASK,869235,4.5
CPU_TASK,869235,4.5
CPU_TASK,870729,2.0
CPU_TASK,870729,3.0
CPU_TASK,870729,5.0
CPU_TASK,870729,5.5
CPU_TASK,881682,2.0
CPU_TASK,881682,3.5
CPU_TASK,881682,9.0
CPU_TASK,881682,13.0
CPU_TASK,881926,3.0
CPU_TASK,881926,4.0
CPU_TASK,881926,4.5
CPU_TASK,881926,5.0
CPU_TASK,885103,3.0
CPU_TASK,885103,3.0
CPU_TASK,885103,3.0
CPU_TASK,885103,5.0
CPU_TASK,887857,3.0
CPU_TASK,887857,4.0
CPU_TASK,887857,4.0
CPU_TASK,887857,4.0
CPU_TASK,888915,2.0
CPU_TASK,888915,2.0
CPU_TASK,888915,3.0
CPU_TASK,888915,6.0
CPU_TASK,888948,3.0
CPU_TASK,888948,3.0
CPU_TASK,888948,3.5
CPU_TASK,888948,4.0
CPU_TASK,893876,5.0
CPU_TASK,893876,5.0
CPU_TASK,893876,5.0
CPU_TASK,893876,6.0
CPU_TASK,894983,3.0
CPU_TASK,894983,3.5
CPU_TASK,894983,4.5
CPU_TASK,894983,8.0
CPU_TASK,898130,2.0
CPU_TASK,898130,3.0
CPU_TASK,898130,4.0
CPU_TASK,898130,4.5
CPU_TASK,898760,3.0
CPU_TASK,898760,3.5
CPU_TASK,898760,4.0
CPU_TASK,898760,4.5
CPU_TASK,898778,2.0
CPU_TASK,898778,2.0
CPU_TASK,898778,3.0
CPU_TASK,898778,3.5
CPU_TASK,900982,5.0
CPU_TASK,900982,7.0
CPU_TASK,900982,7.0
CPU_TASK,900982,7.0
CPU_TASK,904851,4.0
CPU_TASK,904851,4.0
CPU_TASK,904851,4.0
CPU_TASK,904851,6.0
CPU_TASK,913636,3.0
CPU_TASK,913636,3.0
CPU_TASK,913636,3.0
CPU_TASK,913636,5.0
CPU_TASK,914381,3.0
CPU_TASK,914381,3.0
CPU_TASK,914381,4.0
CPU_TASK,914381,4.5
CPU_TASK,915826,3.0
CPU_TASK,915826,3.0
CPU_TASK,915826,3.5
CPU_TASK,915826,11.0
CPU_TASK,922425,3.0
CPU_TASK,922425,7.0
CPU_TASK,922425,8.0
CPU_TASK,922425,19.0
CPU_TASK,926251,3.0
CPU_TASK,926251,3.0
CPU_TASK,926251,3.0
CPU_TASK,926251,5.0
CPU_TASK,928264,3.0
CPU_TASK,928264,3.0
CPU_TASK,928264,4.0
CPU_TASK,928264,5.0
CPU_TASK,928939,3.0
CPU_TASK,928939,7.0
CPU_TASK,928939,9.5
CPU_TASK,928939,12.0
CPU_TASK,929782,4.0
CPU_TASK,929782,4.0
CPU_TASK,929782,5.0
CPU_TASK,929782,6.0
CPU_TASK,934249,3.5
CPU_TASK,934249,4.0
CPU_TASK,934249,5.0
CPU_TASK,934249,7.5
CPU_TASK,936135,3.0
CPU_TASK,936135,3.0
CPU_TASK,936135,3.0
CPU_TASK,936135,4.0
CPU_TASK,939079,3.0
CPU_TASK,939079,4.0
CPU_TASK,939079,6.0
CPU_TASK,939079,11.0
CPU_TASK,939273,3.5
CPU_TASK,939273,5.0
CPU_TASK,939273,10.0
CPU_TASK,939273,11.0
CPU_TASK,941206,3.0
CPU_TASK,941206,4.0
CPU_TASK,941206,4.0
CPU_TASK,941206,5.5
CPU_TASK,946002,4.0
CPU_TASK,946002,4.0
CPU_TASK,946002,4.0
CPU_TASK,946002,5.0
CPU_TASK,951983,3.0
CPU_TASK,951983,3.0
CPU_TASK,951983,3.0
CPU_TASK,951983,3.5
CPU_TASK,956265,3.0
CPU_TASK,956265,3.0
CPU_TASK,956265,3.5
CPU_TASK,956265,4.5
CPU_TASK,956711,3.0
CPU_TASK,956711,3.0
CPU_TASK,956711,3.5
CPU_TASK,956711,4.5
CPU_TASK,960699,4.0
CPU_TASK,960699,5.0
CPU_TASK,960699,6.0
CPU_TASK,960699,6.0
CPU_TASK,962063,3.0
CPU_TASK,962063,3.0
CPU_TASK,962063,3.0
CPU_TASK,962063,8.0
CPU_TASK,964632,3.0
CPU_TASK,964632,3.5
CPU_TASK,964632,6.5
CPU_TASK,964632,16.0
CPU_TASK,964776,3.0
CPU_TASK,964776,4.0
CPU_TASK,964776,5.0
CPU_TASK,964776,5.5
CPU_TASK,966488,3.0
CPU_TASK,966488,3.5
CPU_TASK,966488,4.5
CPU_TASK,966488,5.5
CPU_TASK,970997,3.0
CPU_TASK,970997,3.5
CPU_TASK,970997,5.0
CPU_TASK,970997,6.0
CPU_TASK,971870,3.0
CPU_TASK,971870,3.0
CPU_TASK,971870,3.0
CPU_TASK,971870,3.0
CPU_TASK,979411,3.0
CPU_TASK,979411,3.0
CPU_TASK,979411,4.0
CPU_TASK,979411,5.0
CPU_TASK,979679,3.0
CPU_TASK,979679,4.0
CPU_TASK,979679,7.0
CPU_TASK,979679,9.0
CPU_TASK,982023,3.0
CPU_TASK,982023,3.0
CPU_TASK,982023,3.0
CPU_TASK,982023,4.0
CPU_TASK,983327,3.0
CPU_TASK,983327,4.0
CPU_TASK,983327,4.0
CPU_TASK,983327,4.0
CPU_TASK,985362,5.0
CPU_TASK,985362,6.5
CPU_TASK,985362,7.0
CPU_TASK,985362,11.0
CPU_TASK,995913,3.0
CPU_TASK,995913,3.0
CPU_TASK,995913,4.0
CPU_TASK,995913,5.5
CPU_TASK,1002400,3.0
CPU_TASK,1002400,3.0
CPU_TASK,1002400,3.0
CPU_TASK,1002400,3.0
CPU_TASK,1006956,3.0
CPU_TASK,1006956,3.0
CPU_TASK,1006956,5.0
CPU_TASK,1006956,5.5
CPU_TASK,1006993,3.0
CPU_TASK,1006993,4.0
CPU_TASK,1006993,5.0
CPU_TASK,1006993,5.5
CPU_TASK,1012060,3.0
CPU_TASK,1012060,4.0
CPU_TASK,1012060,4.0
CPU_TASK,1012060,4.0
CPU_TASK,1013146,3.0
CPU_TASK,1013146,4.0
CPU_TASK,1013146,4.0
CPU_TASK,1013146,6.0
CPU_TASK,1014006,3.0
CPU_TASK,1014006,4.0
CPU_TASK,1014006,4.0
CPU_TASK,1014006,5.5
CPU_TASK,1016993,3.0
CPU_TASK,1016993,3.0
CPU_TASK,1016993,3.0
CPU_TASK,1016993,4.5
CPU_TASK,1017180,4.0
CPU_TASK,1017180,4.0
CPU_TASK,1017180,5.0
CPU_TASK,1017180,6.5
CPU_TASK,1020090,5.0
CPU_TASK,1020090,5.0
CPU_TASK,1020090,5.0
CPU_TASK,1020090,5.5
CPU_TASK,1022679,4.0
CPU_TASK,1022679,5.0
CPU_TASK,1022679,6.0
CPU_TASK,1022679,6.5
CPU_TASK,1024325,3.0
CPU_TASK,1024325,5.0
CPU_TASK,1024325,5.0
CPU_TASK,1024325,8.0
CPU_TASK,1025167,3.0
CPU_TASK,1025167,3.0
CPU_TASK,1025167,4.0
CPU_TASK,1025167,17.0
CPU_TASK,1027840,4.5
CPU_TASK,1027840,5.0
CPU_TASK,1027840,6.0
CPU_TASK,1027840,7.0
CPU_TASK,1028290,3.0
CPU_TASK,1028290,3.0
CPU_TASK,1028290,3.0
CPU_TASK,1028290,5.0
CPU_TASK,1029358,3.0
CPU_TASK,1029358,3.0
CPU_TASK,1029358,4.0
CPU_TASK,1029358,5.0
CPU_TASK,1030202,4.0
CPU_TASK,1030202,4.5
CPU_TASK,1030202,6.5
CPU_TASK,1030202,7.0
CPU_TASK,1032448,3.0
CPU_TASK,1032448,3.5
CPU_TASK,1032448,4.5
CPU_TASK,1032448,5.5
CPU_TASK,1032679,4.0
CPU_TASK,1032679,5.0
CPU_TASK,1032679,6.0
CPU_TASK,1044072,4.0
CPU_TASK,1044072,4.5
CPU_TASK,1044072,5.5
CPU_TASK,1044072,14.0
CPU_TASK,1044927,4.0
CPU_TASK,1044927,5.0
CPU_TASK,1044927,5.5
CPU_TASK,1044927,6.0
CPU_TASK,1054161,3.0
CPU_TASK,1054161,5.0
CPU_TASK,1054161,5.0
CPU_TASK,1054161,7.0
CPU_TASK,1061307,3.0
CPU_TASK,1061307,4.0
CPU_TASK,1061307,4.5
CPU_TASK,1061307,7.0
CPU_TASK,1068099,5.0
CPU_TASK,1068099,7.0
CPU_TASK,1068099,8.0
CPU_TASK,1075479,3.0
CPU_TASK,1075479,3.5
CPU_TASK,1075479,5.0
CPU_TASK,1075479,12.0
CPU_TASK,1079451,3.0
CPU_TASK,1079451,4.0
CPU_TASK,1079451,4.0
CPU_TASK,1079451,5.0
CPU_TASK,1082652,3.0
CPU_TASK,1082652,3.0
CPU_TASK,1082652,4.0
CPU_TASK,1082652,5.0
CPU_TASK,1083636,3.5
CPU_TASK,1083636,4.0
CPU_TASK,1083636,6.0
CPU_TASK,1083636,13.0
CPU_TASK,1086152,4.0
CPU_TASK,1086152,4.5
CPU_TASK,1086152,5.0
CPU_TASK,1086152,5.0
CPU_TASK,1087217,3.0
CPU_TASK,1087217,3.0
CPU_TASK,1087217,5.0
CPU_TASK,1087217,8.0
CPU_TASK,1092234,3.0
CPU_TASK,1092234,4.0
CPU_TASK,1092234,5.0
CPU_TASK,1092234,6.0
CPU_TASK,1099799,3.0
CPU_TASK,1099799,4.0
CPU_TASK,1099799,5.0
CPU_TASK,1099799,7.0
CPU_TASK,1102883,5.0
CPU_TASK,1102883,5.0
CPU_TASK,1102883,5.5
CPU_TASK,1102883,6.0
CPU_TASK,1104154,3.0
CPU_TASK,1104154,4.0
CPU_TASK,1104154,4.0
CPU_TASK,1104154,5.0
CPU_TASK,1104629,3.0
CPU_TASK,1104629,7.5
CPU_TASK,1104629,8.0
CPU_TASK,1104629,9.0
CPU_TASK,1116115,4.0
CPU_TASK,1116115,5.0
CPU_TASK,1116115,5.5
CPU_TASK,1116115,7.5
CPU_TASK,1118141,3.0
CPU_TASK,1118141,3.0
CPU_TASK,1118141,3.0
CPU_TASK,1118141,6.5
CPU_TASK,1120775,4.0
CPU_TASK,1120775,4.0
CPU_TASK,1120775,5.0
CPU_TASK,1120775,9.0
CPU_TASK,1121224,4.0
CPU_TASK,1121224,5.0
CPU_TASK,1121224,5.5
CPU_TASK,1121224,19.0
CPU_TASK,1122684,3.0
CPU_TASK,1122684,3.0
CPU_TASK,1122684,6.0
CPU_TASK,1122684,7.0
CPU_TASK,1122757,4.0
CPU_TASK,1122757,4.0
CPU_TASK,1122757,6.0
CPU_TASK,1122757,8.0
CPU_TASK,1124693,5.0
CPU_TASK,1124693,14.0
CPU_TASK,1124893,3.0
CPU_TASK,1124893,4.0
CPU_TASK,1124893,4.0
CPU_TASK,1124893,4.0
CPU_TASK,1130138,4.0
CPU_TASK,1130138,4.0
CPU_TASK,1130138,5.0
CPU_TASK,1130138,13.0
CPU_TASK,1131405,4.0
CPU_TASK,1131405,6.0
CPU_TASK,1131405,7.0
CPU_TASK,1134956,3.0
CPU_TASK,1134956,4.0
CPU_TASK,1134956,4.0
CPU_TASK,1134956,8.0
CPU_TASK,1135268,4.0
CPU_TASK,1135268,4.5
CPU_TASK,1135268,5.0
CPU_TASK,1135268,7.5
CPU_TASK,1140974,5.0
CPU_TASK,1140974,5.0
CPU_TASK,1140974,6.0
CPU_TASK,1140974,6.0
CPU_TASK,1146081,3.0
CPU_TASK,1146081,4.0
CPU_TASK,1146081,5.5
CPU_TASK,1146081,6.5
CPU_TASK,1151130,4.0
CPU_TASK,1151130,5.0
CPU_TASK,1151130,5.5
CPU_TASK,1151130,8.0
CPU_TASK,1160703,3.0
CPU_TASK,1160703,4.0
CPU_TASK,1160703,6.0
CPU_TASK,1160703,7.0
CPU_TASK,1163044,3.0
CPU_TASK,1163044,3.0
CPU_TASK,1163044,5.5
CPU_TASK,1163044,7.0
CPU_TASK,1171292,4.0
CPU_TASK,1171292,4.0
CPU_TASK,1171292,6.5
CPU_TASK,1171292,8.0
CPU_TASK,1175607,5.0
CPU_TASK,1175607,5.0
CPU_TASK,1175607,6.0
CPU_TASK,1175607,6.0
CPU_TASK,1177179,5.0
CPU_TASK,1177179,5.0
CPU_TASK,1177179,7.0
CPU_TASK,1177179,8.0
CPU_TASK,1184151,3.0
CPU_TASK,1184151,4.0
CPU_TASK,1184151,4.5
CPU_TASK,1184151,5.0
CPU_TASK,1186266,5.0
CPU_TASK,1186266,8.0
CPU_TASK,1186266,9.0
CPU_TASK,1189913,3.0
CPU_TASK,1189913,4.0
CPU_TASK,1189913,5.0
CPU_TASK,1189913,8.5
CPU_TASK,1197260,4.0
CPU_TASK,1197260,6.0
CPU_TASK,1197260,6.0
CPU_TASK,1197260,11.0
CPU_TASK,1197754,4.0
CPU_TASK,1197754,4.5
CPU_TASK,1197754,4.5
CPU_TASK,1197754,9.0
CPU_TASK,1198390,4.0
CPU_TASK,1199867,3.0
CPU_TASK,1199867,4.0
CPU_TASK,1199867,6.5
CPU_TASK,1199867,7.0
CPU_TASK,1204609,6.0
CPU_TASK,1204609,6.0
CPU_TASK,1204609,8.0
CPU_TASK,1204609,8.5
CPU_TASK,1214523,4.0
CPU_TASK,1214523,4.0
CPU_TASK,1214523,4.5
CPU_TASK,1214523,5.0
CPU_TASK,1215425,4.5
CPU_TASK,1215425,4.5
CPU_TASK,1215425,5.0
CPU_TASK,1215425,12.0
CPU_TASK,1215593,5.0
CPU_TASK,1215593,5.0
CPU_TASK,1215593,7.0
CPU_TASK,1215593,7.5
CPU_TASK,1220168,5.0
CPU_TASK,1220168,5.5
CPU_TASK,1220168,7.0
CPU_TASK,1220168,7.0
CPU_TASK,1221768,4.0
CPU_TASK,1221768,7.0
CPU_TASK,1221768,9.0
CPU_TASK,1221768,11.5
CPU_TASK,1223483,4.0
CPU_TASK,1223483,5.0
CPU_TASK,1223483,7.0
CPU_TASK,1223483,10.0
CPU_TASK,1228101,5.0
CPU_TASK,1228101,5.0
CPU_TASK,1228101,7.0
CPU_TASK,1228101,7.0
CPU_TASK,1234310,4.0
CPU_TASK,1235363,4.0
CPU_TASK,1235363,4.0
CPU_TASK,1235363,5.0
CPU_TASK,1235363,5.5
CPU_TASK,1243481,4.0
CPU_TASK,1243481,4.0
CPU_TASK,1243481,4.5
CPU_TASK,1243481,5.0
CPU_TASK,1247480,4.0
CPU_TASK,1247480,4.0
CPU_TASK,1247480,5.0
CPU_TASK,1247480,13.0
CPU_TASK,1249223,4.0
CPU_TASK,1249223,4.5
CPU_TASK,1249223,5.0
CPU_TASK,1249223,5.5
CPU_TASK,1250494,5.0
CPU_TASK,1250494,6.0
CPU_TASK,1250494,21.0
CPU_TASK,1250494,23.5
CPU_TASK,1252582,6.0
CPU_TASK,1252582,7.0
CPU_TASK,1252582,7.0
CPU_TASK,1252582,10.0
CPU_TASK,1257541,5.0
CPU_TASK,1257541,6.0
CPU_TASK,1257541,8.0
CPU_TASK,1257541,9.0
CPU_TASK,1266631,5.0
CPU_TASK,1266631,6.0
CPU_TASK,1266631,8.0
CPU_TASK,1266631,12.0
CPU_TASK,1272771,6.0
CPU_TASK,1272771,7.0
CPU_TASK,1272771,7.5
CPU_TASK,1272771,8.0
CPU_TASK,1278006,6.0
CPU_TASK,1278006,6.0
CPU_TASK,1278006,8.0
CPU_TASK,1278006,8.0
CPU_TASK,1280981,4.5
CPU_TASK,1280981,5.0
CPU_TASK,1280981,5.0
CPU_TASK,1280981,8.5
CPU_TASK,1281243,5.0
CPU_TASK,1281243,5.0
CPU_TASK,1281243,8.0
CPU_TASK,1281243,9.0
CPU_TASK,1284835,7.0
CPU_TASK,1284835,7.0
CPU_TASK,1284835,8.0
CPU_TASK,1284835,28.0
CPU_TASK,1285102,4.0
CPU_TASK,1285102,4.0
CPU_TASK,1285102,5.5
CPU_TASK,1285102,7.0
CPU_TASK,1293146,4.0
CPU_TASK,1293146,6.0
CPU_TASK,1293146,7.0
CPU_TASK,1293146,10.0
CPU_TASK,1293386,4.0
CPU_TASK,1293386,5.0
CPU_TASK,1293386,6.5
CPU_TASK,1293386,11.0
CPU_TASK,1294137,4.0
CPU_TASK,1294137,4.0
CPU_TASK,1294137,11.0
CPU_TASK,1294137,15.0
CPU_TASK,1297409,4.0
CPU_TASK,1297409,6.0
CPU_TASK,1297409,8.0
CPU_TASK,1297409,10.0
CPU_TASK,1297741,5.5
CPU_TASK,1297741,6.0
CPU_TASK,1297741,8.0
CPU_TASK,1297741,9.0
CPU_TASK,1298172,4.0
CPU_TASK,1298172,5.0
CPU_TASK,1298172,6.0
CPU_TASK,1298172,7.0
CPU_TASK,1301721,5.0
CPU_TASK,1301721,5.5
CPU_TASK,1301721,7.0
CPU_TASK,1301721,16.0
CPU_TASK,1304966,5.5
CPU_TASK,1304966,7.0
CPU_TASK,1304966,10.0
CPU_TASK,1304966,11.0
CPU_TASK,1306313,4.0
CPU_TASK,1306313,4.0
CPU_TASK,1306313,4.0
CPU_TASK,1306313,8.5
CPU_TASK,1306814,6.0
CPU_TASK,1306814,6.0
CPU_TASK,1306814,10.5
CPU_TASK,1306814,12.0
CPU_TASK,1308072,4.0
CPU_TASK,1308072,4.0
CPU_TASK,1308072,5.0
CPU_TASK,1308072,5.0
CPU_TASK,1310497,4.5
CPU_TASK,1310497,7.0
CPU_TASK,1310497,7.0
CPU_TASK,1310497,8.0
CPU_TASK,1311312,5.0
CPU_TASK,1311312,5.0
CPU_TASK,1311312,21.0
CPU_TASK,1311629,4.0
CPU_TASK,1311629,5.0
CPU_TASK,1311629,5.5
CPU_TASK,1311629,8.0
CPU_TASK,1319480,5.0
CPU_TASK,1319480,5.0
CPU_TASK,1319480,7.0
CPU_TASK,1319480,8.0
CPU_TASK,1331519,4.0
CPU_TASK,1331519,5.0
CPU_TASK,1331519,5.0
CPU_TASK,1331519,6.0
CPU_TASK,1332699,4.0
CPU_TASK,1339774,5.5
CPU_TASK,1339774,7.5
CPU_TASK,1339774,9.0
CPU_TASK,1339890,4.0
CPU_TASK,1339890,5.0
CPU_TASK,1339890,5.0
CPU_TASK,1339890,6.0
CPU_TASK,1343444,4.0
CPU_TASK,1343444,4.0
CPU_TASK,1343444,5.0
CPU_TASK,1343444,6.0
CPU_TASK,1350121,6.5
CPU_TASK,1350121,7.0
CPU_TASK,1350121,8.0
CPU_TASK,1350121,10.0
CPU_TASK,1353364,5.0
CPU_TASK,1353364,5.5
CPU_TASK,1353364,6.0
CPU_TASK,1353364,7.0
CPU_TASK,1357949,4.0
CPU_TASK,1357949,6.0
CPU_TASK,1357949,9.0
CPU_TASK,1357949,10.0
CPU_TASK,1360034,4.0
CPU_TASK,1360034,4.5
CPU_TASK,1360034,5.0
CPU_TASK,1360034,5.0
CPU_TASK,1365926,5.0
CPU_TASK,1365926,9.0
CPU_TASK,1365926,11.5
CPU_TASK,1365926,15.0
CPU_TASK,1371714,4.0
CPU_TASK,1371714,5.0
CPU_TASK,1371714,6.5
CPU_TASK,1371714,13.5
CPU_TASK,1372550,5.0
CPU_TASK,1372550,8.0
CPU_TASK,1372550,8.0
CPU_TASK,1372550,9.0
CPU_TASK,1384396,4.0
CPU_TASK,1384396,6.0
CPU_TASK,1384396,7.0
CPU_TASK,1384396,16.5
CPU_TASK,1385861,4.0
CPU_TASK,1385861,5.0
CPU_TASK,1385861,5.0
CPU_TASK,1385861,6.0
CPU_TASK,1389589,4.0
CPU_TASK,1389589,5.0
CPU_TASK,1389589,6.0
CPU_TASK,1389589,7.5
CPU_TASK,1392435,5.0
CPU_TASK,1392435,5.0
CPU_TASK,1392435,7.0
CPU_TASK,1392435,7.0
CPU_TASK,1410137,5.0
CPU_TASK,1410137,6.0
CPU_TASK,1410137,10.0
CPU_TASK,1410137,13.5
CPU_TASK,1410755,4.0
CPU_TASK,1410755,7.0
CPU_TASK,1410755,7.0
CPU_TASK,1410755,8.0
CPU_TASK,1412644,4.0
CPU_TASK,1412644,5.0
CPU_TASK,1412644,7.0
CPU_TASK,1412644,7.0
CPU_TASK,1412967,5.0
CPU_TASK,1412967,6.0
CPU_TASK,1412967,8.0
CPU_TASK,1412967,9.0
CPU_TASK,1429481,6.0
CPU_TASK,1429481,7.0
CPU_TASK,1429481,8.0
CPU_TASK,1429481,9.0
CPU_TASK,1437846,6.0
CPU_TASK,1437846,6.0
CPU_TASK,1437846,6.0
CPU_TASK,1437846,10.0
CPU_TASK,1440193,4.5
CPU_TASK,1440193,6.0
CPU_TASK,1440193,7.0
CPU_TASK,1440193,7.0
CPU_TASK,1441000,4.0
CPU_TASK,1441000,7.0
CPU_TASK,1441000,8.0
CPU_TASK,1441000,13.5
CPU_TASK,1442859,4.0
CPU_TASK,1442859,5.0
CPU_TASK,1442859,6.0
CPU_TASK,1442859,6.5
CPU_TASK,1446177,4.0
CPU_TASK,1446177,5.0
CPU_TASK,1446177,6.0
CPU_TASK,1446177,7.0
CPU_TASK,1446585,6.0
CPU_TASK,1446585,6.0
CPU_TASK,1446585,7.0
CPU_TASK,1446585,7.0
CPU_TASK,1450627,6.0
CPU_TASK,1450627,6.0
CPU_TASK,1450627,10.0
CPU_TASK,1450627,22.0
CPU_TASK,1451402,8.0
CPU_TASK,1451402,10.5
CPU_TASK,1451402,11.5
CPU_TASK,1451402,23.0
CPU_TASK,1454192,5.0
CPU_TASK,1454192,5.0
CPU_TASK,1454192,5.0
CPU_TASK,1454192,5.5
CPU_TASK,1457120,5.0
CPU_TASK,1457120,6.0
CPU_TASK,1457120,7.5
CPU_TASK,1457120,15.0
CPU_TASK,1458806,5.0
CPU_TASK,1458806,6.0
CPU_TASK,1458806,8.0
CPU_TASK,1458806,10.0
CPU_TASK,1461826,4.0
CPU_TASK,1461826,5.0
CPU_TASK,1461826,5.0
CPU_TASK,1461826,8.0
CPU_TASK,1466073,4.0
CPU_TASK,1466073,4.0
CPU_TASK,1466073,5.0
CPU_TASK,1466073,6.0
CPU_TASK,1468021,5.0
CPU_TASK,1468021,6.0
CPU_TASK,1468021,8.5
CPU_TASK,1468021,9.0
CPU_TASK,1471786,5.0
CPU_TASK,1471786,5.0
CPU_TASK,1471786,5.0
CPU_TASK,1471786,7.0
CPU_TASK,1472091,4.0
CPU_TASK,1472091,5.0
CPU_TASK,1472091,11.0
CPU_TASK,1472091,19.0
CPU_TASK,1474139,5.0
CPU_TASK,1474139,6.0
CPU_TASK,1474139,9.0
CPU_TASK,1474139,18.0
CPU_TASK,1475240,7.0
CPU_TASK,1475240,8.0
CPU_TASK,1475240,9.0
CPU_TASK,1475240,45.0
CPU_TASK,1475505,5.5
CPU_TASK,1475505,6.0
CPU_TASK,1475505,7.0
CPU_TASK,1475505,7.0
CPU_TASK,1477060,5.5
CPU_TASK,1477060,5.5
CPU_TASK,1477060,6.0
CPU_TASK,1477060,7.5
CPU_TASK,1486123,5.0
CPU_TASK,1486123,5.0
CPU_TASK,1486123,6.0
CPU_TASK,1486123,14.0
CPU_TASK,1489019,6.0
CPU_TASK,1489019,7.0
CPU_TASK,1489019,7.5
CPU_TASK,1489019,11.0
CPU_TASK,1497308,4.0
CPU_TASK,1497308,4.0
CPU_TASK,1497308,5.0
CPU_TASK,1497308,5.0
CPU_TASK,1510233,4.0
CPU_TASK,1510233,5.0
CPU_TASK,1510233,5.5
CPU_TASK,1510233,6.5
CPU_TASK,1513558,4.0
CPU_TASK,1513558,4.0
CPU_TASK,1513558,5.0
CPU_TASK,1513558,5.0
CPU_TASK,1514129,7.0
CPU_TASK,1514129,7.0
CPU_TASK,1514129,8.5
CPU_TASK,1514129,14.0
CPU_TASK,1514279,5.0
CPU_TASK,1514279,6.0
CPU_TASK,1514279,7.0
CPU_TASK,1514279,19.0
CPU_TASK,1521559,5.5
CPU_TASK,1521559,6.0
CPU_TASK,1521559,7.0
CPU_TASK,1521559,8.0
CPU_TASK,1522230,5.5
CPU_TASK,1522230,6.0
CPU_TASK,1522230,7.0
CPU_TASK,1522230,7.0
CPU_TASK,1524736,6.0
CPU_TASK,1524736,6.5
CPU_TASK,1524736,7.0
CPU_TASK,1524736,16.0
CPU_TASK,1527219,7.5
CPU_TASK,1527219,9.0
CPU_TASK,1527219,9.5
CPU_TASK,1527219,12.0
CPU_TASK,1529597,5.0
CPU_TASK,1529597,6.0
CPU_TASK,1529597,7.0
CPU_TASK,1529597,7.0
CPU_TASK,1531370,5.0
CPU_TASK,1531370,6.5
CPU_TASK,1531370,7.0
CPU_TASK,1531370,9.0
CPU_TASK,1531509,5.0
CPU_TASK,1531509,5.0
CPU_TASK,1531509,6.5
CPU_TASK,1531509,7.0
CPU_TASK,1535477,12.0
CPU_TASK,1535477,12.5
CPU_TASK,1535477,16.0
CPU_TASK,1535477,33.0
CPU_TASK,1536908,5.0
CPU_TASK,1536908,17.0
CPU_TASK,1536908,20.0
CPU_TASK,1536908,30.0
CPU_TASK,1548055,5.0
CPU_TASK,1548055,5.0
CPU_TASK,1548055,5.0
CPU_TASK,1548055,5.0
CPU_TASK,1555410,6.0
CPU_TASK,1555410,6.5
CPU_TASK,1555410,8.0
CPU_TASK,1555410,8.0
CPU_TASK,1569621,5.5
CPU_TASK,1569621,5.5
CPU_TASK,1569621,7.0
CPU_TASK,1569621,8.0
CPU_TASK,1570182,6.0
CPU_TASK,1570182,6.0
CPU_TASK,1570182,8.0
CPU_TASK,1570182,8.0
CPU_TASK,1571468,6.0
CPU_TASK,1571468,6.0
CPU_TASK,1571468,6.0
CPU_TASK,1571468,6.5
CPU_TASK,1580268,6.0
CPU_TASK,1580268,7.0
CPU_TASK,1580268,7.0
CPU_TASK,1580268,11.0
CPU_TASK,1582946,6.0
CPU_TASK,1582946,7.0
CPU_TASK,1582946,7.0
CPU_TASK,1582946,17.0
CPU_TASK,1583309,5.0
CPU_TASK,1583309,5.0
CPU_TASK,1583309,7.0
CPU_TASK,1583309,7.0
CPU_TASK,1585724,5.0
CPU_TASK,1585724,5.0
CPU_TASK,1585724,6.0
CPU_TASK,1585724,10.0
CPU_TASK,1593072,5.0
CPU_TASK,1593072,5.0
CPU_TASK,1593072,7.0
CPU_TASK,1593072,8.0
CPU_TASK,1593317,5.0
CPU_TASK,1593317,5.0
CPU_TASK,1593317,5.0
CPU_TASK,1593317,5.0
CPU_TASK,1598996,5.0
CPU_TASK,1598996,5.5
CPU_TASK,1598996,7.0
CPU_TASK,1598996,8.0
CPU_TASK,1605914,5.0
CPU_TASK,1605914,5.0
CPU_TASK,1605914,6.0
CPU_TASK,1605914,7.0
CPU_TASK,1607013,5.0
CPU_TASK,1607013,6.0
CPU_TASK,1607013,7.0
CPU_TASK,1607013,9.0
CPU_TASK,1611305,5.0
CPU_TASK,1611305,5.0
CPU_TASK,1611305,5.0
CPU_TASK,1611305,7.0
CPU_TASK,1613728,5.0
CPU_TASK,1613728,7.0
CPU_TASK,1613728,8.5
CPU_TASK,1613728,10.0
CPU_TASK,1614291,5.0
CPU_TASK,1614291,5.0
CPU_TASK,1614291,7.0
CPU_TASK,1614291,10.0
CPU_TASK,1616369,6.0
CPU_TASK,1616369,7.0
CPU_TASK,1616369,8.0
CPU_TASK,1616369,14.0
CPU_TASK,1619006,7.0
CPU_TASK,1619006,8.0
CPU_TASK,1619006,9.0
CPU_TASK,1619006,10.0
CPU_TASK,1619902,6.0
CPU_TASK,1619902,6.5
CPU_TASK,1619902,8.0
CPU_TASK,1619902,10.5
CPU_TASK,1622438,5.5
CPU_TASK,1622438,6.0
CPU_TASK,1622438,7.0
CPU_TASK,1622438,9.0
CPU_TASK,1622873,5.0
CPU_TASK,1622873,6.0
CPU_TASK,1622873,6.0
CPU_TASK,1622873,9.0
CPU_TASK,1627145,5.0
CPU_TASK,1627145,5.5
CPU_TASK,1627145,6.0
CPU_TASK,1627145,7.0
CPU_TASK,1627654,5.0
CPU_TASK,1627654,5.0
CPU_TASK,1627654,5.5
CPU_TASK,1627654,6.0
CPU_TASK,1632972,6.0
CPU_TASK,1632972,6.5
CPU_TASK,1632972,9.0
CPU_TASK,1632972,16.0
CPU_TASK,1634174,5.5
CPU_TASK,1634174,6.0
CPU_TASK,1634174,6.0
CPU_TASK,1634174,9.0
CPU_TASK,1640461,6.0
CPU_TASK,1640461,10.0
CPU_TASK,1640461,13.0
CPU_TASK,1640461,21.0
CPU_TASK,1642803,6.0
CPU_TASK,1642803,8.5
CPU_TASK,1642803,9.0
CPU_TASK,1642803,10.0
CPU_TASK,1647479,5.0
CPU_TASK,1647479,5.5
CPU_TASK,1647479,10.0
CPU_TASK,1647479,10.5
CPU_TASK,1648552,6.0
CPU_TASK,1648552,7.0
CPU_TASK,1648552,8.0
CPU_TASK,1648552,11.0
CPU_TASK,1658687,6.0
CPU_TASK,1658687,8.0
CPU_TASK,1658687,8.0
CPU_TASK,1658687,11.0
CPU_TASK,1662066,5.0
CPU_TASK,1662066,7.0
CPU_TASK,1662066,8.0
CPU_TASK,1662066,8.5
CPU_TASK,1667089,5.0
CPU_TASK,1667089,5.0
CPU_TASK,1667089,6.0
CPU_TASK,1667089,6.0
CPU_TASK,1667563,6.0
CPU_TASK,1667563,6.0
CPU_TASK,1667563,7.5
CPU_TASK,1667563,8.0
CPU_TASK,1671700,5.0
CPU_TASK,1671700,6.0
CPU_TASK,1671700,8.0
CPU_TASK,1671700,10.0
CPU_TASK,1678069,5.0
CPU_TASK,1678069,6.0
CPU_TASK,1678069,23.5
CPU_TASK,1678069,30.0
CPU_TASK,1683959,5.0
CPU_TASK,1683959,5.0
CPU_TASK,1683959,7.0
CPU_TASK,1683959,7.0
CPU_TASK,1691218,5.0
CPU_TASK,1691218,7.0
CPU_TASK,1691218,8.0
CPU_TASK,1691218,10.0
CPU_TASK,1692576,71.0
CPU_TASK,1692576,73.0
CPU_TASK,1692576,79.0
CPU_TASK,1692576,80.5
CPU_TASK,1694408,5.0
CPU_TASK,1694408,5.0
CPU_TASK,1694408,5.0
CPU_TASK,1694408,6.0
CPU_TASK,1701747,9.0
CPU_TASK,1701747,10.0
CPU_TASK,1701747,12.0
CPU_TASK,1701747,34.0
CPU_TASK,1718672,5.0
CPU_TASK,1718672,6.0
CPU_TASK,1718672,6.0
CPU_TASK,1718672,6.0
CPU_TASK,1724196,5.0
CPU_TASK,1724196,5.0
CPU_TASK,1724196,6.0
CPU_TASK,1724196,6.0
CPU_TASK,1724438,5.0
CPU_TASK,1724438,9.0
CPU_TASK,1724438,9.0
CPU_TASK,1724438,12.0
CPU_TASK,1735643,5.0
CPU_TASK,1735643,6.0
CPU_TASK,1735643,6.0
CPU_TASK,1735643,6.5
CPU_TASK,1736832,6.0
CPU_TASK,1736832,10.0
CPU_TASK,1736832,14.0
CPU_TASK,1736832,14.0
CPU_TASK,1736897,6.0
CPU_TASK,1736897,6.5
CPU_TASK,1736897,8.0
CPU_TASK,1736897,10.0
CPU_TASK,1738624,8.0
CPU_TASK,1738624,9.0
CPU_TASK,1738624,9.0
CPU_TASK,1738624,10.0
CPU_TASK,1739348,5.0
CPU_TASK,1739348,5.0
CPU_TASK,1739348,10.0
CPU_TASK,1739348,17.0
CPU_TASK,1747321,5.5
CPU_TASK,1747321,6.0
CPU_TASK,1747321,7.0
CPU_TASK,1747321,9.0
CPU_TASK,1751055,8.0
CPU_TASK,1751055,8.0
CPU_TASK,1751055,8.0
CPU_TASK,1751055,16.0
CPU_TASK,1753681,7.5
CPU_TASK,1753681,9.5
CPU_TASK,1753681,10.0
CPU_TASK,1753681,18.0
CPU_TASK,1756132,6.0
CPU_TASK,1756132,6.0
CPU_TASK,1756132,7.0
CPU_TASK,1756132,7.0
CPU_TASK,1758014,5.0
CPU_TASK,1758014,6.0
CPU_TASK,1758014,9.0
CPU_TASK,1758014,12.0
CPU_TASK,1760784,8.0
CPU_TASK,1760784,11.0
CPU_TASK,1760784,12.0
CPU_TASK,1760784,14.0
CPU_TASK,1767422,7.0
CPU_TASK,1767422,8.0
CPU_TASK,1767422,11.0
CPU_TASK,1767422,19.0
CPU_TASK,1769517,5.0
CPU_TASK,1769517,5.0
CPU_TASK,1769517,7.0
CPU_TASK,1769517,10.0
CPU_TASK,1769557,6.0
CPU_TASK,1769557,7.0
CPU_TASK,1769557,9.0
CPU_TASK,1769557,15.0
CPU_TASK,1770938,6.0
CPU_TASK,1770938,6.0
CPU_TASK,1770938,6.0
CPU_TASK,1770938,6.5
CPU_TASK,1773200,7.0
CPU_TASK,1773200,8.5
CPU_TASK,1773200,11.0
CPU_TASK,1773200,11.0
CPU_TASK,1778932,6.0
CPU_TASK,1778932,7.0
CPU_TASK,1778932,9.0
CPU_TASK,1778932,10.0
CPU_TASK,1784200,7.0
CPU_TASK,1784200,7.0
CPU_TASK,1784200,8.5
CPU_TASK,1784200,9.0
CPU_TASK,1786285,6.5
CPU_TASK,1786285,9.0
CPU_TASK,1786285,10.5
CPU_TASK,1786285,14.0
CPU_TASK,1786626,8.0
CPU_TASK,1786626,9.0
CPU_TASK,1786626,10.5
CPU_TASK,1786626,17.0
CPU_TASK,1787290,5.0
CPU_TASK,1787290,6.0
CPU_TASK,1787290,7.0
CPU_TASK,1787290,8.0
CPU_TASK,1789615,7.5
CPU_TASK,1789615,9.5
CPU_TASK,1789615,10.0
CPU_TASK,1789615,12.5
CPU_TASK,1791641,6.0
CPU_TASK,1791641,6.5
CPU_TASK,1791641,7.0
CPU_TASK,1791641,10.0
CPU_TASK,1794093,6.0
CPU_TASK,1794093,7.0
CPU_TASK,1798399,6.5
CPU_TASK,1798399,7.0
CPU_TASK,1798399,9.0
CPU_TASK,1798399,10.0
CPU_TASK,1807303,6.5
CPU_TASK,1807303,7.5
CPU_TASK,1807303,8.0
CPU_TASK,1807303,9.0
CPU_TASK,1809169,6.0
CPU_TASK,1809169,13.0
CPU_TASK,1809169,21.5
CPU_TASK,1809169,33.0
CPU_TASK,1821541,6.5
CPU_TASK,1821541,7.0
CPU_TASK,1821541,12.0
CPU_TASK,1821541,12.0
CPU_TASK,1832235,6.0
CPU_TASK,1832235,8.0
CPU_TASK,1832235,9.0
CPU_TASK,1832235,11.0
CPU_TASK,1834817,6.0
CPU_TASK,1834817,6.5
CPU_TASK,1834817,7.0
CPU_TASK,1834817,12.0
CPU_TASK,1841195,6.0
CPU_TASK,1841195,10.0
CPU_TASK,1841195,13.0
CPU_TASK,1841195,15.0
CPU_TASK,1841527,6.5
CPU_TASK,1841527,8.0
CPU_TASK,1841527,9.0
CPU_TASK,1841527,15.0
CPU_TASK,1844308,6.0
CPU_TASK,1844308,6.0
CPU_TASK,1844308,9.0
CPU_TASK,1844308,10.0
CPU_TASK,1844812,6.0
CPU_TASK,1844812,8.5
CPU_TASK,1844812,17.0
CPU_TASK,1844812,26.0
CPU_TASK,1849697,5.0
CPU_TASK,1849697,6.0
CPU_TASK,1849697,6.0
CPU_TASK,1849697,6.0
CPU_TASK,1855335,11.0
CPU_TASK,1855335,14.0
CPU_TASK,1855335,23.5
CPU_TASK,1856182,6.0
CPU_TASK,1856182,7.0
CPU_TASK,1856182,10.0
CPU_TASK,1856182,22.0
CPU_TASK,1859170,6.0
CPU_TASK,1859170,6.0
CPU_TASK,1859170,8.0
CPU_TASK,1859170,10.5
CPU_TASK,1864114,6.0
CPU_TASK,1864114,6.0
CPU_TASK,1864114,8.5
CPU_TASK,1864114,10.0
CPU_TASK,1867706,8.0
CPU_TASK,1867706,13.0
CPU_TASK,1867706,18.0
CPU_TASK,1873570,6.0
CPU_TASK,1873570,10.0
CPU_TASK,1873570,15.0
CPU_TASK,1873570,17.5
CPU_TASK,1886208,8.0
CPU_TASK,1886208,10.0
CPU_TASK,1886208,11.0
CPU_TASK,1886208,11.0
CPU_TASK,1893663,9.0
CPU_TASK,1893663,9.0
CPU_TASK,1893663,11.0
CPU_TASK,1893663,14.0
CPU_TASK,1894420,13.0
CPU_TASK,1894420,13.0
CPU_TASK,1894420,16.5
CPU_TASK,1894420,25.5
CPU_TASK,1898517,7.0
CPU_TASK,1898517,7.5
CPU_TASK,1898517,8.0
CPU_TASK,1898517,9.5
CPU_TASK,1898753,8.0
CPU_TASK,1898753,9.0
CPU_TASK,1898753,10.0
CPU_TASK,1898753,12.0
CPU_TASK,1907726,10.0
CPU_TASK,1907726,13.0
CPU_TASK,1907726,17.0
CPU_TASK,1907726,21.0
CPU_TASK,1912573,7.0
CPU_TASK,1912573,8.0
CPU_TASK,1912573,11.0
CPU_TASK,1912573,12.5
CPU_TASK,1913059,9.0
CPU_TASK,1913059,10.0
CPU_TASK,1913059,11.0
CPU_TASK,1913059,28.5
CPU_TASK,1920133,10.0
CPU_TASK,1920133,10.0
CPU_TASK,1920133,12.0
CPU_TASK,1920133,31.0
CPU_TASK,1921461,8.0
CPU_TASK,1921461,9.0
CPU_TASK,1921461,11.0
CPU_TASK,1921461,12.0
CPU_TASK,1925035,9.0
CPU_TASK,1925035,10.0
CPU_TASK,1925035,11.0
CPU_TASK,1925035,14.0
CPU_TASK,1929941,6.0
CPU_TASK,1929941,6.0
CPU_TASK,1929941,6.0
CPU_TASK,1929941,11.5
CPU_TASK,1932285,6.0
CPU_TASK,1932285,8.0
CPU_TASK,1932285,8.0
CPU_TASK,1932285,13.0
CPU_TASK,1932628,7.0
CPU_TASK,1932628,9.0
CPU_TASK,1938697,6.0
CPU_TASK,1938697,7.0
CPU_TASK,1938697,8.0
CPU_TASK,1938697,10.0
CPU_TASK,1947409,7.0
CPU_TASK,1947409,7.0
CPU_TASK,1947409,7.0
CPU_TASK,1947409,7.5
CPU_TASK,1951712,6.0
CPU_TASK,1951712,8.0
CPU_TASK,1951712,11.5
CPU_TASK,1951712,14.5
CPU_TASK,1956712,6.0
CPU_TASK,1956712,6.0
CPU_TASK,1956712,6.5
CPU_TASK,1956712,7.0
CPU_TASK,1958926,9.0
CPU_TASK,1958926,10.0
CPU_TASK,1958926,11.0
CPU_TASK,1958926,13.0
CPU_TASK,1968366,6.0
CPU_TASK,1968366,7.0
CPU_TASK,1968366,11.0
CPU_TASK,1968366,11.0
CPU_TASK,1971468,8.0
CPU_TASK,1971468,13.0
CPU_TASK,1971468,13.5
CPU_TASK,1971468,21.5
CPU_TASK,1984793,6.0
CPU_TASK,1984793,8.0
CPU_TASK,1984793,9.0
CPU_TASK,1984793,14.0
CPU_TASK,1985252,6.0
CPU_TASK,1985252,6.0
CPU_TASK,1985252,7.0
CPU_TASK,1985252,12.0
CPU_TASK,1986421,10.0
CPU_TASK,1986421,11.0
CPU_TASK,1986421,15.0
CPU_TASK,1990332,6.0
CPU_TASK,1990332,8.0
CPU_TASK,1990332,8.0
CPU_TASK,1990332,10.0
CPU_TASK,1991783,6.0
CPU_TASK,1991783,8.5
CPU_TASK,1991783,10.0
CPU_TASK,1991783,11.5
CPU_TASK,1998974,7.0
CPU_TASK,1998974,9.0
CPU_TASK,1998974,10.0
CPU_TASK,1998974,10.0
FILE_IO_TASK,1,5.0
FILE_IO_TASK,1,5.0
FILE_IO_TASK,1,5.0
FILE_IO_TASK,1,5.0
FILE_IO_TASK,1,5.0
FILE_IO_TASK,1,5.0
FILE_IO_TASK,1,5.0
FILE_IO_TASK,1,6.0
FILE_IO_TASK,1,6.0
FILE_IO_TASK,1,6.0
FILE_IO_TASK,1,6.0
FILE_IO_TASK,1,6.0
FILE_IO_TASK,1,6.0
FILE_IO_TASK,1,6.0
FILE_IO_TASK,1,6.0
FILE_IO_TASK,1,6.0
FILE_IO_TASK,1,6.0
FILE_IO_TASK,1,6.0
FILE_IO_TASK,1,6.5
FILE_IO_TASK,1,6.5
FILE_IO_TASK,1,7.0
FILE_IO_TASK,1,7.0
FILE_IO_TASK,1,7.0
FILE_IO_TASK,1,7.0
FILE_IO_TASK,1,7.0
FILE_IO_TASK,1,7.0
FILE_IO_TASK,1,7.0
FILE_IO_TASK,1,8.0
FILE_IO_TASK,1,8.0
FILE_IO_TASK,1,8.0
FILE_IO_TASK,1,8.0
FILE_IO_TASK,1,8.0
FILE_IO_TASK,1,8.0
FILE_IO_TASK,1,8.5
FILE_IO_TASK,1,9.0
FILE_IO_TASK,1,9.0
FILE_IO_TASK,1,9.0
FILE_IO_TASK,1,9.0
FILE_IO_TASK,1,9.0
FILE_IO_TASK,1,9.0
FILE_IO_TASK,1,10.0
FILE_IO_TASK,1,10.0
FILE_IO_TASK,1,10.0
FILE_IO_TASK,1,10.0
FILE_IO_TASK,1,10.0
FILE_IO_TASK,1,10.0
FILE_IO_TASK,1,10.5
FILE_IO_TASK,1,11.0
FILE_IO_TASK,1,11.0
FILE_IO_TASK,1,11.0
FILE_IO_TASK,1,12.0
FILE_IO_TASK,1,13.0
FILE_IO_TASK,1,13.0
FILE_IO_TASK,1,14.0
FILE_IO_TASK,1,14.0
FILE_IO_TASK,1,14.0
FILE_IO_TASK,1,14.0
FILE_IO_TASK,1,14.0
FILE_IO_TASK,1,14.0
FILE_IO_TASK,1,14.0
FILE_IO_TASK,1,14.0
FILE_IO_TASK,1,14.0
FILE_IO_TASK,1,14.0
FILE_IO_TASK,1,15.0
FILE_IO_TASK,1,15.0
FILE_IO_TASK,1,15.0
FILE_IO_TASK,1,15.0
FILE_IO_TASK,1,15.0
FILE_IO_TASK,1,15.0
FILE_IO_TASK,1,15.0
FILE_IO_TASK,1,15.0
FILE_IO_TASK,1,15.0
FILE_IO_TASK,1,15.0
FILE_IO_TASK,1,15.0
FILE_IO_TASK,1,15.0
FILE_IO_TASK,1,15.0
FILE_IO_TASK,1,15.0
FILE_IO_TASK,1,15.0
FILE_IO_TASK,1,15.5
FILE_IO_TASK,1,15.5
FILE_IO_TASK,1,16.0
FILE_IO_TASK,1,16.0
FILE_IO_TASK,1,16.0
FILE_IO_TASK,1,16.0
FILE_IO_TASK,1,16.0
FILE_IO_TASK,1,16.0
FILE_IO_TASK,1,16.0
FILE_IO_TASK,1,16.0
FILE_IO_TASK,1,16.0
FILE_IO_TASK,1,16.0
FILE_IO_TASK,1,16.0
FILE_IO_TASK,1,16.5
FILE_IO_TASK,1,16.5
FILE_IO_TASK,1,17.0
FILE_IO_TASK,1,17.0
FILE_IO_TASK,1,17.0
FILE_IO_TASK,1,17.0
FILE_IO_TASK,1,17.0
FILE_IO_TASK,1,17.0
FILE_IO_TASK,1,17.0
FILE_IO_TASK,1,17.0
FILE_IO_TASK,1,17.0
FILE_IO_TASK,1,17.0
FILE_IO_TASK,1,17.0
FILE_IO_TASK,1,17.0
FILE_IO_TASK,1,17.5
FILE_IO_TASK,1,18.0
FILE_IO_TASK,1,18.0
FILE_IO_TASK,1,18.0
FILE_IO_TASK,1,18.0
FILE_IO_TASK,1,18.0
FILE_IO_TASK,1,18.5
FILE_IO_TASK,1,19.0
FILE_IO_TASK,1,19.0
FILE_IO_TASK,1,19.5
FILE_IO_TASK,1,19.5
FILE_IO_TASK,1,20.0
FILE_IO_TASK,1,20.0
FILE_IO_TASK,1,20.0
FILE_IO_TASK,1,20.0
FILE_IO_TASK,1,20.0
FILE_IO_TASK,1,20.0
FILE_IO_TASK,1,20.0
FILE_IO_TASK,1,20.5
FILE_IO_TASK,1,21.0
FILE_IO_TASK,1,21.0
FILE_IO_TASK,1,21.0
FILE_IO_TASK,1,21.0
FILE_IO_TASK,1,22.0
FILE_IO_TASK,1,22.0
FILE_IO_TASK,1,22.0
FILE_IO_TASK,1,22.0
FILE_IO_TASK,1,22.0
FILE_IO_TASK,1,22.5
FILE_IO_TASK,1,23.0
FILE_IO_TASK,1,23.0
FILE_IO_TASK,1,23.0
FILE_IO_TASK,1,23.0
FILE_IO_TASK,1,23.5
FILE_IO_TASK,1,24.0
FILE_IO_TASK,1,24.0
FILE_IO_TASK,1,24.0
FILE_IO_TASK,1,24.5
FILE_IO_TASK,1,25.0
FILE_IO_TASK,1,25.0
FILE_IO_TASK,1,25.0
FILE_IO_TASK,1,25.0
FILE_IO_TASK,1,25.0
FILE_IO_TASK,1,25.5
FILE_IO_TASK,1,27.5
FILE_IO_TASK,1,28.0
FILE_IO_TASK,1,28.0
FILE_IO_TASK,1,28.5
FILE_IO_TASK,1,29.0
FILE_IO_TASK,1,30.0
FILE_IO_TASK,1,31.0
FILE_IO_TASK,1,32.0
FILE_IO_TASK,1,34.0
FILE_IO_TASK,1,34.5
FILE_IO_TASK,1,42.0
FILE_IO_TASK,1,47.0
FILE_IO_TASK,2,8.0
FILE_IO_TASK,2,8.0
FILE_IO_TASK,2,8.0
FILE_IO_TASK,2,8.0
FILE_IO_TASK,2,8.0
FILE_IO_TASK,2,8.0
FILE_IO_TASK,2,8.0
FILE_IO_TASK,2,9.0
FILE_IO_TASK,2,9.0
FILE_IO_TASK,2,9.0
FILE_IO_TASK,2,9.0
FILE_IO_TASK,2,9.0
FILE_IO_TASK,2,9.0
FILE_IO_TASK,2,9.0
FILE_IO_TASK,2,9.0
FILE_IO_TASK,2,9.0
FILE_IO_TASK,2,9.5
FILE_IO_TASK,2,9.5
FILE_IO_TASK,2,9.5
FILE_IO_TASK,2,10.0
FILE_IO_TASK,2,10.0
FILE_IO_TASK,2,10.0
FILE_IO_TASK,2,10.0
FILE_IO_TASK,2,10.5
FILE_IO_TASK,2,11.0
FILE_IO_TASK,2,11.0
FILE_IO_TASK,2,11.0
FILE_IO_TASK,2,11.0
FILE_IO_TASK,2,11.5
FILE_IO_TASK,2,12.0
FILE_IO_TASK,2,12.0
FILE_IO_TASK,2,12.0
FILE_IO_TASK,2,12.0
FILE_IO_TASK,2,12.0
FILE_IO_TASK,2,12.0
FILE_IO_TASK,2,13.0
FILE_IO_TASK,2,13.0
FILE_IO_TASK,2,13.0
FILE_IO_TASK,2,13.5
FILE_IO_TASK,2,14.0
FILE_IO_TASK,2,14.0
FILE_IO_TASK,2,14.0
FILE_IO_TASK,2,14.0
FILE_IO_TASK,2,14.0
FILE_IO_TASK,2,14.0
FILE_IO_TASK,2,15.0
FILE_IO_TASK,2,15.0
FILE_IO_TASK,2,16.0
FILE_IO_TASK,2,19.0
FILE_IO_TASK,2,19.0
FILE_IO_TASK,2,20.0
FILE_IO_TASK,2,20.0
FILE_IO_TASK,2,20.0
FILE_IO_TASK,2,20.0
FILE_IO_TASK,2,21.0
FILE_IO_TASK,2,21.0
FILE_IO_TASK,2,21.0
FILE_IO_TASK,2,21.0
FILE_IO_TASK,2,21.0
FILE_IO_TASK,2,21.0
FILE_IO_TASK,2,21.0
FILE_IO_TASK,2,21.5
FILE_IO_TASK,2,21.5
FILE_IO_TASK,2,22.0
FILE_IO_TASK,2,22.0
FILE_IO_TASK,2,22.0
FILE_IO_TASK,2,22.0
FILE_IO_TASK,2,22.0
FILE_IO_TASK,2,22.0
FILE_IO_TASK,2,22.0
FILE_IO_TASK,2,22.0
FILE_IO_TASK,2,22.0
FILE_IO_TASK,2,22.0
FILE_IO_TASK,2,22.0
FILE_IO_TASK,2,22.0
FILE_IO_TASK,2,22.5
FILE_IO_TASK,2,22.5
FILE_IO_TASK,2,22.5
FILE_IO_TASK,2,23.0
FILE_IO_TASK,2,23.0
FILE_IO_TASK,2,23.0
FILE_IO_TASK,2,23.0
FILE_IO_TASK,2,23.0
FILE_IO_TASK,2,23.0
FILE_IO_TASK,2,23.0
FILE_IO_TASK,2,23.0
FILE_IO_TASK,2,23.0
FILE_IO_TASK,2,23.0
FILE_IO_TASK,2,23.0
FILE_IO_TASK,2,24.0
FILE_IO_TASK,2,24.0
FILE_IO_TASK,2,24.0
FILE_IO_TASK,2,24.0
FILE_IO_TASK,2,24.0
FILE_IO_TASK,2,24.0
FILE_IO_TASK,2,24.0
FILE_IO_TASK,2,24.5
FILE_IO_TASK,2,25.0
FILE_IO_TASK,2,25.0
FILE_IO_TASK,2,25.0
FILE_IO_TASK,2,25.0
FILE_IO_TASK,2,25.0
FILE_IO_TASK,2,25.0
FILE_IO_TASK,2,25.0
FILE_IO_TASK,2,25.0
FILE_IO_TASK,2,26.0
FILE_IO_TASK,2,26.0
FILE_IO_TASK,2,26.0
FILE_IO_TASK,2,26.0
FILE_IO_TASK,2,26.0
FILE_IO_TASK,2,26.5
FILE_IO_TASK,2,26.5
FILE_IO_TASK,2,27.0
FILE_IO_TASK,2,27.0
FILE_IO_TASK,2,27.0
FILE_IO_TASK,2,27.0
FILE_IO_TASK,2,27.0
FILE_IO_TASK,2,27.0
FILE_IO_TASK,2,27.0
FILE_IO_TASK,2,27.0
FILE_IO_TASK,2,27.0
FILE_IO_TASK,2,27.0
FILE_IO_TASK,2,28.0
FILE_IO_TASK,2,28.0
FILE_IO_TASK,2,28.0
FILE_IO_TASK,2,28.0
FILE_IO_TASK,2,29.0
FILE_IO_TASK,2,30.0
FILE_IO_TASK,2,30.0
FILE_IO_TASK,2,30.0
FILE_IO_TASK,2,30.0
FILE_IO_TASK,2,30.0
FILE_IO_TASK,2,30.0
FILE_IO_TASK,2,30.0
FILE_IO_TASK,2,30.5
FILE_IO_TASK,2,31.0
FILE_IO_TASK,2,31.0
FILE_IO_TASK,2,32.0
FILE_IO_TASK,2,32.0
FILE_IO_TASK,2,32.0
FILE_IO_TASK,2,33.0
FILE_IO_TASK,2,33.0
FILE_IO_TASK,2,33.0
FILE_IO_TASK,2,33.0
FILE_IO_TASK,2,34.0
FILE_IO_TASK,2,34.0
FILE_IO_TASK,2,34.0
FILE_IO_TASK,2,34.0
FILE_IO_TASK,2,34.5
FILE_IO_TASK,2,36.0
FILE_IO_TASK,2,36.0
FILE_IO_TASK,2,36.0
FILE_IO_TASK,2,37.0
FILE_IO_TASK,2,37.0
FILE_IO_TASK,2,38.0
FILE_IO_TASK,2,40.0
FILE_IO_TASK,2,41.0
FILE_IO_TASK,2,41.0
FILE_IO_TASK,2,42.0
FILE_IO_TASK,2,42.0
FILE_IO_TASK,2,43.0
FILE_IO_TASK,2,44.0
FILE_IO_TASK,2,44.0
FILE_IO_TASK,2,45.0
FILE_IO_TASK,2,45.0
FILE_IO_TASK,2,46.0
FILE_IO_TASK,2,46.0
FILE_IO_TASK,2,49.0
FILE_IO_TASK,2,51.0
FILE_IO_TASK,2,55.0
FILE_IO_TASK,2,57.5
FILE_IO_TASK,2,64.0
FILE_IO_TASK,3,11.0
FILE_IO_TASK,3,11.0
FILE_IO_TASK,3,11.0
FILE_IO_TASK,3,11.5
FILE_IO_TASK,3,12.0
FILE_IO_TASK,3,12.0
FILE_IO_TASK,3,12.0
FILE_IO_TASK,3,12.0
FILE_IO_TASK,3,12.0
FILE_IO_TASK,3,12.0
FILE_IO_TASK,3,12.5
FILE_IO_TASK,3,13.0
FILE_IO_TASK,3,13.0
FILE_IO_TASK,3,13.0
FILE_IO_TASK,3,13.0
FILE_IO_TASK,3,13.0
FILE_IO_TASK,3,13.0
FILE_IO_TASK,3,13.0
FILE_IO_TASK,3,13.5
FILE_IO_TASK,3,14.0
FILE_IO_TASK,3,14.0
FILE_IO_TASK,3,14.0
FILE_IO_TASK,3,14.0
FILE_IO_TASK,3,14.0
FILE_IO_TASK,3,14.5
FILE_IO_TASK,3,14.5
FILE_IO_TASK,3,15.0
FILE_IO_TASK,3,15.0
FILE_IO_TASK,3,15.0
FILE_IO_TASK,3,15.0
FILE_IO_TASK,3,15.0
FILE_IO_TASK,3,15.0
FILE_IO_TASK,3,15.0
FILE_IO_TASK,3,15.5
FILE_IO_TASK,3,16.0
FILE_IO_TASK,3,16.0
FILE_IO_TASK,3,16.0
FILE_IO_TASK,3,16.0
FILE_IO_TASK,3,17.0
FILE_IO_TASK,3,17.0
FILE_IO_TASK,3,18.0
FILE_IO_TASK,3,18.0
FILE_IO_TASK,3,18.0
FILE_IO_TASK,3,18.5
FILE_IO_TASK,3,19.0
FILE_IO_TASK,3,20.0
FILE_IO_TASK,3,20.0
FILE_IO_TASK,3,22.0
FILE_IO_TASK,3,22.0
FILE_IO_TASK,3,24.0
FILE_IO_TASK,3,24.0
FILE_IO_TASK,3,24.0
FILE_IO_TASK,3,24.0
FILE_IO_TASK,3,25.0
FILE_IO_TASK,3,25.0
FILE_IO_TASK,3,25.0
FILE_IO_TASK,3,26.0
FILE_IO_TASK,3,26.0
FILE_IO_TASK,3,26.0
FILE_IO_TASK,3,26.0
FILE_IO_TASK,3,26.0
FILE_IO_TASK,3,26.0
FILE_IO_TASK,3,26.0
FILE_IO_TASK,3,26.0
FILE_IO_TASK,3,26.0
FILE_IO_TASK,3,26.0
FILE_IO_TASK,3,27.0
FILE_IO_TASK,3,27.0
FILE_IO_TASK,3,27.0
FILE_IO_TASK,3,27.0
FILE_IO_TASK,3,27.0
FILE_IO_TASK,3,27.0
FILE_IO_TASK,3,27.0
FILE_IO_TASK,3,27.0
FILE_IO_TASK,3,27.5
FILE_IO_TASK,3,28.0
FILE_IO_TASK,3,28.0
FILE_IO_TASK,3,28.0
FILE_IO_TASK,3,28.0
FILE_IO_TASK,3,28.0
FILE_IO_TASK,3,28.0
FILE_IO_TASK,3,28.0
FILE_IO_TASK,3,28.0
FILE_IO_TASK,3,28.0
FILE_IO_TASK,3,28.0
FILE_IO_TASK,3,28.0
FILE_IO_TASK,3,28.0
FILE_IO_TASK,3,28.5
FILE_IO_TASK,3,29.0
FILE_IO_TASK,3,29.0
FILE_IO_TASK,3,29.0
FILE_IO_TASK,3,29.0
FILE_IO_TASK,3,29.0
FILE_IO_TASK,3,29.0
FILE_IO_TASK,3,29.0
FILE_IO_TASK,3,29.0
FILE_IO_TASK,3,29.0
FILE_IO_TASK,3,29.5
FILE_IO_TASK,3,29.5
FILE_IO_TASK,3,29.5
FILE_IO_TASK,3,30.0
FILE_IO_TASK,3,31.0
FILE_IO_TASK,3,31.0
FILE_IO_TASK,3,31.0
FILE_IO_TASK,3,31.0
FILE_IO_TASK,3,31.0
FILE_IO_TASK,3,31.0
FILE_IO_TASK,3,31.5
FILE_IO_TASK,3,32.0
FILE_IO_TASK,3,32.0
FILE_IO_TASK,3,32.0
FILE_IO_TASK,3,32.0
FILE_IO_TASK,3,33.0
FILE_IO_TASK,3,33.0
FILE_IO_TASK,3,33.0
FILE_IO_TASK,3,33.0
FILE_IO_TASK,3,33.0
FILE_IO_TASK,3,33.5
FILE_IO_TASK,3,34.0
FILE_IO_TASK,3,34.0
FILE_IO_TASK,3,34.0
FILE_IO_TASK,3,34.0
FILE_IO_TASK,3,34.0
FILE_IO_TASK,3,35.0
FILE_IO_TASK,3,35.0
FILE_IO_TASK,3,35.0
FILE_IO_TASK,3,35.0
FILE_IO_TASK,3,35.0
FILE_IO_TASK,3,35.5
FILE_IO_TASK,3,36.0
FILE_IO_TASK,3,36.0
FILE_IO_TASK,3,36.0
FILE_IO_TASK,3,36.0
FILE_IO_TASK,3,37.0
FILE_IO_TASK,3,37.0
FILE_IO_TASK,3,37.0
FILE_IO_TASK,3,37.0
FILE_IO_TASK,3,37.0
FILE_IO_TASK,3,37.0
FILE_IO_TASK,3,37.5
FILE_IO_TASK,3,38.0
FILE_IO_TASK,3,38.0
FILE_IO_TASK,3,38.0
FILE_IO_TASK,3,38.0
FILE_IO_TASK,3,38.0
FILE_IO_TASK,3,39.0
FILE_IO_TASK,3,39.0
FILE_IO_TASK,3,39.0
FILE_IO_TASK,3,39.5
FILE_IO_TASK,3,40.0
FILE_IO_TASK,3,40.0
FILE_IO_TASK,3,40.0
FILE_IO_TASK,3,41.0
FILE_IO_TASK,3,41.0
FILE_IO_TASK,3,41.0
FILE_IO_TASK,3,41.0
FILE_IO_TASK,3,41.5
FILE_IO_TASK,3,42.0
FILE_IO_TASK,3,42.0
FILE_IO_TASK,3,43.0
FILE_IO_TASK,3,43.0
FILE_IO_TASK,3,43.0
FILE_IO_TASK,3,43.0
FILE_IO_TASK,3,44.0
FILE_IO_TASK,3,44.0
FILE_IO_TASK,3,44.0
FILE_IO_TASK,3,45.0
FILE_IO_TASK,3,45.0
FILE_IO_TASK,3,45.5
FILE_IO_TASK,3,45.5
FILE_IO_TASK,3,46.0
FILE_IO_TASK,3,47.0
FILE_IO_TASK,3,47.0
FILE_IO_TASK,3,48.0
FILE_IO_TASK,3,48.0
FILE_IO_TASK,3,48.0
FILE_IO_TASK,3,49.0
FILE_IO_TASK,3,49.0
FILE_IO_TASK,3,50.0
FILE_IO_TASK,3,50.0
FILE_IO_TASK,3,50.0
FILE_IO_TASK,3,50.5
FILE_IO_TASK,3,55.5
FILE_IO_TASK,3,56.0
FILE_IO_TASK,3,57.0
FILE_IO_TASK,3,57.0
FILE_IO_TASK,3,57.0
FILE_IO_TASK,3,59.0
FILE_IO_TASK,3,61.5
FILE_IO_TASK,3,62.5
FILE_IO_TASK,3,64.0
FILE_IO_TASK,3,67.0
FILE_IO_TASK,3,72.0
FILE_IO_TASK,3,74.0
FILE_IO_TASK,3,83.0
FILE_IO_TASK,3,88.0
FILE_IO_TASK,3,88.5
FILE_IO_TASK,3,92.0
FILE_IO_TASK,3,123.0
FILE_IO_TASK,4,14.0
FILE_IO_TASK,4,14.0
FILE_IO_TASK,4,14.0
FILE_IO_TASK,4,14.5
FILE_IO_TASK,4,15.0
FILE_IO_TASK,4,15.0
FILE_IO_TASK,4,15.0
FILE_IO_TASK,4,15.0
FILE_IO_TASK,4,15.0
FILE_IO_TASK,4,15.0
FILE_IO_TASK,4,15.5
FILE_IO_TASK,4,16.0
FILE_IO_TASK,4,16.0
FILE_IO_TASK,4,16.0
FILE_IO_TASK,4,16.0
FILE_IO_TASK,4,16.0
FILE_IO_TASK,4,16.0
FILE_IO_TASK,4,17.0
FILE_IO_TASK,4,17.0
FILE_IO_TASK,4,17.0
FILE_IO_TASK,4,18.0
FILE_IO_TASK,4,18.5
FILE_IO_TASK,4,19.0
FILE_IO_TASK,4,19.0
FILE_IO_TASK,4,19.0
FILE_IO_TASK,4,19.0
FILE_IO_TASK,4,20.0
FILE_IO_TASK,4,20.0
FILE_IO_TASK,4,21.0
FILE_IO_TASK,4,21.0
FILE_IO_TASK,4,21.0
FILE_IO_TASK,4,22.0
FILE_IO_TASK,4,22.0
FILE_IO_TASK,4,22.0
FILE_IO_TASK,4,23.0
FILE_IO_TASK,4,23.0
FILE_IO_TASK,4,24.0
FILE_IO_TASK,4,25.0
FILE_IO_TASK,4,25.0
FILE_IO_TASK,4,26.0
FILE_IO_TASK,4,29.0
FILE_IO_TASK,4,29.0
FILE_IO_TASK,4,30.0
FILE_IO_TASK,4,31.5
FILE_IO_TASK,4,32.0
FILE_IO_TASK,4,33.0
FILE_IO_TASK,4,33.0
FILE_IO_TASK,4,33.0
FILE_IO_TASK,4,33.0
FILE_IO_TASK,4,33.0
FILE_IO_TASK,4,33.0
FILE_IO_TASK,4,33.0
FILE_IO_TASK,4,33.0
FILE_IO_TASK,4,33.0
FILE_IO_TASK,4,33.0
FILE_IO_TASK,4,33.0
FILE_IO_TASK,4,33.0
FILE_IO_TASK,4,33.5
FILE_IO_TASK,4,33.5
FILE_IO_TASK,4,34.0
FILE_IO_TASK,4,34.0
FILE_IO_TASK,4,34.0
FILE_IO_TASK,4,34.0
FILE_IO_TASK,4,34.0
FILE_IO_TASK,4,34.0
FILE_IO_TASK,4,34.0
FILE_IO_TASK,4,34.0
FILE_IO_TASK,4,34.0
FILE_IO_TASK,4,34.0
FILE_IO_TASK,4,34.0
FILE_IO_TASK,4,34.0
FILE_IO_TASK,4,34.0
FILE_IO_TASK,4,34.0
FILE_IO_TASK,4,34.0
FILE_IO_TASK,4,35.0
FILE_IO_TASK,4,35.0
FILE_IO_TASK,4,35.0
FILE_IO_TASK,4,35.0
FILE_IO_TASK,4,35.0
FILE_IO_TASK,4,35.0
FILE_IO_TASK,4,35.5
FILE_IO_TASK,4,36.0
FILE_IO_TASK,4,36.0
FILE_IO_TASK,4,36.0
FILE_IO_TASK,4,36.0
FILE_IO_TASK,4,36.5
FILE_IO_TASK,4,36.5
FILE_IO_TASK,4,36.5
FILE_IO_TASK,4,37.0
FILE_IO_TASK,4,37.0
FILE_IO_TASK,4,37.0
FILE_IO_TASK,4,37.0
FILE_IO_TASK,4,37.0
FILE_IO_TASK,4,37.0
FILE_IO_TASK,4,37.5
FILE_IO_TASK,4,37.5
FILE_IO_TASK,4,38.0
FILE_IO_TASK,4,38.0
FILE_IO_TASK,4,39.0
FILE_IO_TASK,4,39.0
FILE_IO_TASK,4,39.0
FILE_IO_TASK,4,39.5
FILE_IO_TASK,4,39.5
FILE_IO_TASK,4,40.0
FILE_IO_TASK,4,40.0
FILE_IO_TASK,4,40.5
FILE_IO_TASK,4,41.0
FILE_IO_TASK,4,41.0
FILE_IO_TASK,4,41.0
FILE_IO_TASK,4,41.0
FILE_IO_TASK,4,41.0
FILE_IO_TASK,4,41.0
FILE_IO_TASK,4,41.5
FILE_IO_TASK,4,42.0
FILE_IO_TASK,4,42.0
FILE_IO_TASK,4,42.0
FILE_IO_TASK,4,42.0
FILE_IO_TASK,4,42.5
FILE_IO_TASK,4,43.0
FILE_IO_TASK,4,43.0
FILE_IO_TASK,4,43.5
FILE_IO_TASK,4,44.0
FILE_IO_TASK,4,44.0
FILE_IO_TASK,4,44.0
FILE_IO_TASK,4,44.0
FILE_IO_TASK,4,44.0
FILE_IO_TASK,4,44.0
FILE_IO_TASK,4,45.0
FILE_IO_TASK,4,45.0
FILE_IO_TASK,4,45.0
FILE_IO_TASK,4,45.5
FILE_IO_TASK,4,45.5
FILE_IO_TASK,4,46.0
FILE_IO_TASK,4,46.0
FILE_IO_TASK,4,46.0
FILE_IO_TASK,4,47.0
FILE_IO_TASK,4,47.0
FILE_IO_TASK,4,48.0
FILE_IO_TASK,4,48.0
FILE_IO_TASK,4,48.0
FILE_IO_TASK,4,48.0
FILE_IO_TASK,4,49.0
FILE_IO_TASK,4,50.0
FILE_IO_TASK,4,50.0
FILE_IO_TASK,4,50.0
FILE_IO_TASK,4,51.0
FILE_IO_TASK,4,51.5
FILE_IO_TASK,4,52.0
FILE_IO_TASK,4,53.0
FILE_IO_TASK,4,53.0
FILE_IO_TASK,4,53.0
FILE_IO_TASK,4,53.0
FILE_IO_TASK,4,54.0
FILE_IO_TASK,4,54.0
FILE_IO_TASK,4,54.0
FILE_IO_TASK,4,56.0
FILE_IO_TASK,4,57.0
FILE_IO_TASK,4,58.0
FILE_IO_TASK,4,59.0
FILE_IO_TASK,4,60.0
FILE_IO_TASK,4,62.0
FILE_IO_TASK,4,65.0
FILE_IO_TASK,4,65.0
FILE_IO_TASK,4,67.0
FILE_IO_TASK,4,68.5
FILE_IO_TASK,4,69.0
FILE_IO_TASK,4,71.0
FILE_IO_TASK,4,72.0
FILE_IO_TASK,4,74.0
FILE_IO_TASK,4,76.0
FILE_IO_TASK,4,77.0
FILE_IO_TASK,4,78.0
FILE_IO_TASK,4,78.0
FILE_IO_TASK,4,80.0
FILE_IO_TASK,4,85.0
FILE_IO_TASK,4,92.5
FILE_IO_TASK,5,17.0
FILE_IO_TASK,5,17.0
FILE_IO_TASK,5,17.0
FILE_IO_TASK,5,17.0
FILE_IO_TASK,5,18.0
FILE_IO_TASK,5,18.0
FILE_IO_TASK,5,18.0
FILE_IO_TASK,5,18.0
FILE_IO_TASK,5,18.5
FILE_IO_TASK,5,18.5
FILE_IO_TASK,5,19.0
FILE_IO_TASK,5,19.0
FILE_IO_TASK,5,19.0
FILE_IO_TASK,5,19.0
FILE_IO_TASK,5,19.5
FILE_IO_TASK,5,20.0
FILE_IO_TASK,5,21.0
FILE_IO_TASK,5,21.0
FILE_IO_TASK,5,21.0
FILE_IO_TASK,5,21.0
FILE_IO_TASK,5,21.5
FILE_IO_TASK,5,22.0
FILE_IO_TASK,5,22.0
FILE_IO_TASK,5,23.0
FILE_IO_TASK,5,23.0
FILE_IO_TASK,5,23.0
FILE_IO_TASK,5,23.5
FILE_IO_TASK,5,25.0
FILE_IO_TASK,5,25.0
FILE_IO_TASK,5,25.0
FILE_IO_TASK,5,26.0
FILE_IO_TASK,5,26.0
FILE_IO_TASK,5,26.0
FILE_IO_TASK,5,27.0
FILE_IO_TASK,5,30.0
FILE_IO_TASK,5,31.0
FILE_IO_TASK,5,32.0
FILE_IO_TASK,5,35.0
FILE_IO_TASK,5,38.0
FILE_IO_TASK,5,38.0
FILE_IO_TASK,5,38.0
FILE_IO_TASK,5,39.0
FILE_IO_TASK,5,39.0
FILE_IO_TASK,5,39.0
FILE_IO_TASK,5,39.0
FILE_IO_TASK,5,40.0
FILE_IO_TASK,5,40.0
FILE_IO_TASK,5,40.0
FILE_IO_TASK,5,40.0
FILE_IO_TASK,5,40.0
FILE_IO_TASK,5,40.0
FILE_IO_TASK,5,41.0
FILE_IO_TASK,5,41.0
FILE_IO_TASK,5,41.0
FILE_IO_TASK,5,41.0
FILE_IO_TASK,5,41.0
FILE_IO_TASK,5,41.0
FILE_IO_TASK,5,41.5
FILE_IO_TASK,5,42.0
FILE_IO_TASK,5,42.0
FILE_IO_TASK,5,42.0
FILE_IO_TASK,5,42.0
FILE_IO_TASK,5,42.0
FILE_IO_TASK,5,42.5
FILE_IO_TASK,5,43.0
FILE_IO_TASK,5,43.0
FILE_IO_TASK,5,43.0
FILE_IO_TASK,5,43.0
FILE_IO_TASK,5,43.5
FILE_IO_TASK,5,44.0
FILE_IO_TASK,5,44.0
FILE_IO_TASK,5,44.0
FILE_IO_TASK,5,44.0
FILE_IO_TASK,5,44.0
FILE_IO_TASK,5,45.0
FILE_IO_TASK,5,45.0
FILE_IO_TASK,5,45.0
FILE_IO_TASK,5,45.0
FILE_IO_TASK,5,45.0
FILE_IO_TASK,5,45.0
FILE_IO_TASK,5,46.0
FILE_IO_TASK,5,46.0
FILE_IO_TASK,5,46.0
FILE_IO_TASK,5,46.5
FILE_IO_TASK,5,46.5
FILE_IO_TASK,5,47.0
FILE_IO_TASK,5,47.0
FILE_IO_TASK,5,47.5
FILE_IO_TASK,5,48.0
FILE_IO_TASK,5,48.0
FILE_IO_TASK,5,48.0
FILE_IO_TASK,5,48.0
FILE_IO_TASK,5,48.0
FILE_IO_TASK,5,48.0
FILE_IO_TASK,5,49.0
FILE_IO_TASK,5,49.0
FILE_IO_TASK,5,49.0
FILE_IO_TASK,5,49.5
FILE_IO_TASK,5,50.0
FILE_IO_TASK,5,50.5
FILE_IO_TASK,5,52.0
FILE_IO_TASK,5,52.0
FILE_IO_TASK,5,52.0
FILE_IO_TASK,5,54.0
FILE_IO_TASK,5,54.0
FILE_IO_TASK,5,55.0
FILE_IO_TASK,5,55.0
FILE_IO_TASK,5,56.0
FILE_IO_TASK,5,56.0
FILE_IO_TASK,5,57.0
FILE_IO_TASK,5,57.0
FILE_IO_TASK,5,58.0
FILE_IO_TASK,5,58.0
FILE_IO_TASK,5,59.0
FILE_IO_TASK,5,59.0
FILE_IO_TASK,5,59.0
FILE_IO_TASK,5,60.0
FILE_IO_TASK,5,60.0
FILE_IO_TASK,5,61.0
FILE_IO_TASK,5,61.0
FILE_IO_TASK,5,61.5
FILE_IO_TASK,5,62.0
FILE_IO_TASK,5,63.0
FILE_IO_TASK,5,65.0
FILE_IO_TASK,5,66.0
FILE_IO_TASK,5,67.0
FILE_IO_TASK,5,70.0
FILE_IO_TASK,5,71.0
FILE_IO_TASK,5,74.0
FILE_IO_TASK,5,74.0
FILE_IO_TASK,5,75.0
FILE_IO_TASK,5,89.0
FILE_IO_TASK,6,20.0
FILE_IO_TASK,6,20.0
FILE_IO_TASK,6,21.0
FILE_IO_TASK,6,21.0
FILE_IO_TASK,6,21.0
FILE_IO_TASK,6,21.0
FILE_IO_TASK,6,22.0
FILE_IO_TASK,6,22.0
FILE_IO_TASK,6,22.5
FILE_IO_TASK,6,23.0
FILE_IO_TASK,6,23.0
FILE_IO_TASK,6,23.5
FILE_IO_TASK,6,23.5
FILE_IO_TASK,6,24.0
FILE_IO_TASK,6,24.0
FILE_IO_TASK,6,24.0
FILE_IO_TASK,6,24.0
FILE_IO_TASK,6,24.0
FILE_IO_TASK,6,24.5
FILE_IO_TASK,6,25.0
FILE_IO_TASK,6,25.0
FILE_IO_TASK,6,25.0
FILE_IO_TASK,6,26.0
FILE_IO_TASK,6,26.5
FILE_IO_TASK,6,28.0
FILE_IO_TASK,6,28.0
FILE_IO_TASK,6,29.0
FILE_IO_TASK,6,29.5
FILE_IO_TASK,6,31.0
FILE_IO_TASK,6,31.5
FILE_IO_TASK,6,32.0
FILE_IO_TASK,6,32.0
FILE_IO_TASK,6,32.5
FILE_IO_TASK,6,32.5
FILE_IO_TASK,6,33.0
FILE_IO_TASK,6,33.5
FILE_IO_TASK,6,33.5
FILE_IO_TASK,6,34.0
FILE_IO_TASK,6,35.0
FILE_IO_TASK,6,36.0
FILE_IO_TASK,6,36.0
FILE_IO_TASK,6,36.0
FILE_IO_TASK,6,37.0
FILE_IO_TASK,6,41.0
FILE_IO_TASK,6,42.0
FILE_IO_TASK,6,42.0
FILE_IO_TASK,6,43.0
FILE_IO_TASK,6,44.0
FILE_IO_TASK,6,45.0
FILE_IO_TASK,6,45.0
FILE_IO_TASK,6,45.0
FILE_IO_TASK,6,45.0
FILE_IO_TASK,6,45.0
FILE_IO_TASK,6,45.5
FILE_IO_TASK,6,46.0
FILE_IO_TASK,6,46.0
FILE_IO_TASK,6,46.0
FILE_IO_TASK,6,47.0
FILE_IO_TASK,6,47.0
FILE_IO_TASK,6,47.0
FILE_IO_TASK,6,47.0
FILE_IO_TASK,6,47.0
FILE_IO_TASK,6,47.5
FILE_IO_TASK,6,48.0
FILE_IO_TASK,6,48.0
FILE_IO_TASK,6,48.0
FILE_IO_TASK,6,48.0
FILE_IO_TASK,6,48.0
FILE_IO_TASK,6,49.0
FILE_IO_TASK,6,49.0
FILE_IO_TASK,6,49.0
FILE_IO_TASK,6,50.0
FILE_IO_TASK,6,50.5
FILE_IO_TASK,6,50.5
FILE_IO_TASK,6,51.0
FILE_IO_TASK,6,51.0
FILE_IO_TASK,6,51.0
FILE_IO_TASK,6,51.0
FILE_IO_TASK,6,51.0
FILE_IO_TASK,6,51.0
FILE_IO_TASK,6,52.0
FILE_IO_TASK,6,52.0
FILE_IO_TASK,6,52.0
FILE_IO_TASK,6,53.0
FILE_IO_TASK,6,53.0
FILE_IO_TASK,6,54.0
FILE_IO_TASK,6,54.0
FILE_IO_TASK,6,54.0
FILE_IO_TASK,6,54.0
FILE_IO_TASK,6,55.0
FILE_IO_TASK,6,55.0
FILE_IO_TASK,6,56.0
FILE_IO_TASK,6,57.0
FILE_IO_TASK,6,57.5
FILE_IO_TASK,6,58.0
FILE_IO_TASK,6,58.0
FILE_IO_TASK,6,58.0
FILE_IO_TASK,6,58.0
FILE_IO_TASK,6,58.0
FILE_IO_TASK,6,58.0
FILE_IO_TASK,6,58.5
FILE_IO_TASK,6,59.0
FILE_IO_TASK,6,60.0
FILE_IO_TASK,6,60.0
FILE_IO_TASK,6,60.0
FILE_IO_TASK,6,60.5
FILE_IO_TASK,6,61.0
FILE_IO_TASK,6,63.0
FILE_IO_TASK,6,63.0
FILE_IO_TASK,6,65.0
FILE_IO_TASK,6,65.0
FILE_IO_TASK,6,66.0
FILE_IO_TASK,6,67.0
FILE_IO_TASK,6,67.5
FILE_IO_TASK,6,68.0
FILE_IO_TASK,6,68.0
FILE_IO_TASK,6,70.0
FILE_IO_TASK,6,70.5
FILE_IO_TASK,6,71.0
FILE_IO_TASK,6,72.0
FILE_IO_TASK,6,72.0
FILE_IO_TASK,6,72.0
FILE_IO_TASK,6,73.0
FILE_IO_TASK,6,75.0
FILE_IO_TASK,6,76.0
FILE_IO_TASK,6,79.0
FILE_IO_TASK,6,79.5
FILE_IO_TASK,6,83.0
FILE_IO_TASK,6,83.0
FILE_IO_TASK,6,84.0
FILE_IO_TASK,6,84.0
FILE_IO_TASK,6,85.0
FILE_IO_TASK,6,86.0
FILE_IO_TASK,6,87.0
FILE_IO_TASK,6,87.0
FILE_IO_TASK,6,88.0
FILE_IO_TASK,6,97.0
FILE_IO_TASK,6,104.0
FILE_IO_TASK,6,106.5
FILE_IO_TASK,6,119.0
GRAPH_TASK,15176,1.0
GRAPH_TASK,15176,3.0
GRAPH_TASK,15176,3.0
GRAPH_TASK,15176,8.0
GRAPH_TASK,18576,3.0
GRAPH_TASK,18576,3.0
GRAPH_TASK,18576,5.0
GRAPH_TASK,18576,7.5
GRAPH_TASK,20257,3.0
GRAPH_TASK,20257,5.0
GRAPH_TASK,20257,5.5
GRAPH_TASK,20257,7.0
GRAPH_TASK,23460,2.0
GRAPH_TASK,23460,4.0
GRAPH_TASK,23460,5.0
GRAPH_TASK,23460,14.0
GRAPH_TASK,26967,5.0
GRAPH_TASK,26967,6.0
GRAPH_TASK,26967,6.5
GRAPH_TASK,26967,8.0
GRAPH_TASK,28547,2.0
GRAPH_TASK,28547,4.0
GRAPH_TASK,28547,4.5
GRAPH_TASK,28547,15.0
GRAPH_TASK,29978,5.0
GRAPH_TASK,29978,6.0
GRAPH_TASK,29978,6.5
GRAPH_TASK,29978,7.5
GRAPH_TASK,35776,6.5
GRAPH_TASK,35776,7.5
GRAPH_TASK,35776,9.0
GRAPH_TASK,35776,10.0
GRAPH_TASK,36852,4.0
GRAPH_TASK,36852,5.0
GRAPH_TASK,36852,7.0
GRAPH_TASK,36852,8.0
GRAPH_TASK,36949,3.0
GRAPH_TASK,36949,3.0
GRAPH_TASK,36949,3.0
GRAPH_TASK,36949,4.0
GRAPH_TASK,40555,3.0
GRAPH_TASK,40555,4.0
GRAPH_TASK,40555,4.0
GRAPH_TASK,40555,5.0
GRAPH_TASK,42258,7.0
GRAPH_TASK,42258,7.0
GRAPH_TASK,42258,26.5
GRAPH_TASK,42258,43.0
GRAPH_TASK,51309,10.0
GRAPH_TASK,51309,17.5
GRAPH_TASK,51309,24.0
GRAPH_TASK,51309,26.0
GRAPH_TASK,52653,11.5
GRAPH_TASK,52653,11.5
GRAPH_TASK,52653,14.0
GRAPH_TASK,52653,24.0
GRAPH_TASK,52918,10.0
GRAPH_TASK,52918,10.5
GRAPH_TASK,52918,11.0
GRAPH_TASK,52918,11.5
GRAPH_TASK,53704,5.0
GRAPH_TASK,53704,12.0
GRAPH_TASK,53704,14.0
GRAPH_TASK,53704,19.0
GRAPH_TASK,54936,9.5
GRAPH_TASK,54936,14.0
GRAPH_TASK,54936,22.5
GRAPH_TASK,54936,24.0
GRAPH_TASK,59243,11.0
GRAPH_TASK,59243,11.0
GRAPH_TASK,59243,14.0
GRAPH_TASK,59243,14.0
GRAPH_TASK,59735,11.0
GRAPH_TASK,59735,12.0
GRAPH_TASK,59735,12.0
GRAPH_TASK,59735,29.0
GRAPH_TASK,63538,13.5
GRAPH_TASK,63538,18.0
GRAPH_TASK,63538,20.0
GRAPH_TASK,63538,54.0
GRAPH_TASK,76210,9.0
GRAPH_TASK,76210,9.0
GRAPH_TASK,76210,13.0
GRAPH_TASK,76210,15.0
GRAPH_TASK,76762,12.0
GRAPH_TASK,76762,12.0
GRAPH_TASK,76762,13.0
GRAPH_TASK,76762,21.5
GRAPH_TASK,77044,7.0
GRAPH_TASK,77044,8.0
GRAPH_TASK,77044,10.0
GRAPH_TASK,77044,12.0
GRAPH_TASK,77167,18.0
GRAPH_TASK,77167,20.5
GRAPH_TASK,77167,24.0
GRAPH_TASK,77167,25.0
GRAPH_TASK,83038,7.5
GRAPH_TASK,83038,10.0
GRAPH_TASK,83038,14.0
GRAPH_TASK,83038,34.5
GRAPH_TASK,83763,18.0
GRAPH_TASK,83763,25.5
GRAPH_TASK,83763,44.5
GRAPH_TASK,83763,64.5
GRAPH_TASK,85519,16.0
GRAPH_TASK,85519,20.0
GRAPH_TASK,85519,22.0
GRAPH_TASK,85519,31.0
GRAPH_TASK,85964,9.0
GRAPH_TASK,85964,12.0
GRAPH_TASK,85964,23.0
GRAPH_TASK,85964,41.0
GRAPH_TASK,88484,13.0
GRAPH_TASK,88484,14.5
GRAPH_TASK,88484,15.0
GRAPH_TASK,88484,16.0
GRAPH_TASK,91056,24.5
GRAPH_TASK,91056,38.0
GRAPH_TASK,91056,39.0
GRAPH_TASK,91056,48.0
GRAPH_TASK,92493,19.0
GRAPH_TASK,92493,23.0
GRAPH_TASK,92493,27.5
GRAPH_TASK,92493,34.5
GRAPH_TASK,93540,21.0
GRAPH_TASK,93540,22.0
GRAPH_TASK,93540,23.0
GRAPH_TASK,93540,30.5
GRAPH_TASK,106057,38.5
GRAPH_TASK,106057,39.0
GRAPH_TASK,106057,42.0
GRAPH_TASK,106057,47.5
GRAPH_TASK,108264,10.5
GRAPH_TASK,108264,14.0
GRAPH_TASK,108264,24.0
GRAPH_TASK,108264,27.0
GRAPH_TASK,108475,38.0
GRAPH_TASK,108475,52.5
GRAPH_TASK,108475,56.5
GRAPH_TASK,108475,87.0
GRAPH_TASK,109369,11.0
GRAPH_TASK,109369,11.5
GRAPH_TASK,109369,14.0
GRAPH_TASK,109369,20.0
GRAPH_TASK,111145,26.5
GRAPH_TASK,111145,33.0
GRAPH_TASK,111145,36.5
GRAPH_TASK,111145,68.0
GRAPH_TASK,113123,12.0
GRAPH_TASK,113123,13.5
GRAPH_TASK,113123,21.0
GRAPH_TASK,113123,28.0
GRAPH_TASK,113370,32.0
GRAPH_TASK,113370,39.0
GRAPH_TASK,113370,49.5
GRAPH_TASK,113370,83.0
GRAPH_TASK,113473,27.0
GRAPH_TASK,113473,29.0
GRAPH_TASK,113473,34.0
GRAPH_TASK,113473,51.0
GRAPH_TASK,113505,13.0
GRAPH_TASK,113505,14.0
GRAPH_TASK,113505,15.0
GRAPH_TASK,113505,17.0
GRAPH_TASK,118415,29.0
GRAPH_TASK,118415,35.0
GRAPH_TASK,118415,40.0
GRAPH_TASK,118415,41.0
GRAPH_TASK,124714,33.0
GRAPH_TASK,124714,33.0
GRAPH_TASK,124714,48.0
GRAPH_TASK,124714,53.0
GRAPH_TASK,126505,15.0
GRAPH_TASK,126505,16.0
GRAPH_TASK,126505,22.5
GRAPH_TASK,126505,31.0
GRAPH_TASK,127081,65.0
GRAPH_TASK,127081,76.0
GRAPH_TASK,127081,79.0
GRAPH_TASK,127081,106.0
GRAPH_TASK,127293,27.0
GRAPH_TASK,127293,36.5
GRAPH_TASK,127293,53.0
GRAPH_TASK,127293,146.5
GRAPH_TASK,129794,30.0
GRAPH_TASK,129794,32.0
GRAPH_TASK,129794,41.5
GRAPH_TASK,129794,69.0
GRAPH_TASK,140346,31.0
GRAPH_TASK,140346,35.0
GRAPH_TASK,140346,39.0
GRAPH_TASK,140346,75.0
GRAPH_TASK,144115,20.0
GRAPH_TASK,144115,27.0
GRAPH_TASK,144115,27.0
GRAPH_TASK,144115,30.5
GRAPH_TASK,215859,30.0
GRAPH_TASK,215859,33.0
GRAPH_TASK,215859,39.0
GRAPH_TASK,215859,51.5
GRAPH_TASK,236326,29.0
GRAPH_TASK,236326,34.5
GRAPH_TASK,236326,37.0
GRAPH_TASK,236326,40.0
GRAPH_TASK,244924,83.5
GRAPH_TASK,244924,87.0
GRAPH_TASK,244924,91.0
GRAPH_TASK,244924,104.0
GRAPH_TASK,248271,75.0
GRAPH_TASK,248271,119.0
GRAPH_TASK,248271,169.0
GRAPH_TASK,248271,172.0
GRAPH_TASK,272314,39.5
GRAPH_TASK,272314,57.0
GRAPH_TASK,272314,57.5
GRAPH_TASK,272314,97.0
GRAPH_TASK,285414,115.0
GRAPH_TASK,285414,122.0
GRAPH_TASK,285414,139.0
GRAPH_TASK,285414,142.0
GRAPH_TASK,287333,38.0
GRAPH_TASK,287333,42.0
GRAPH_TASK,287333,47.0
GRAPH_TASK,287333,79.5
GRAPH_TASK,311684,153.0
GRAPH_TASK,311684,245.0
GRAPH_TASK,311684,257.0
GRAPH_TASK,311684,296.0
GRAPH_TASK,319664,105.0
GRAPH_TASK,319664,110.0
GRAPH_TASK,319664,116.5
GRAPH_TASK,319664,178.5
GRAPH_TASK,359330,71.5
GRAPH_TASK,359330,91.5
GRAPH_TASK,359330,103.0
GRAPH_TASK,359330,122.0
GRAPH_TASK,360929,135.0
GRAPH_TASK,360929,157.0
GRAPH_TASK,360929,161.5
GRAPH_TASK,360929,244.0
GRAPH_TASK,383763,123.0
GRAPH_TASK,383763,182.0
GRAPH_TASK,383763,195.0
GRAPH_TASK,383763,256.0
GRAPH_TASK,385623,62.0
GRAPH_TASK,385623,71.0
GRAPH_TASK,385623,72.0
GRAPH_TASK,385623,79.5
GRAPH_TASK,385863,117.0
GRAPH_TASK,385863,131.0
GRAPH_TASK,385863,180.0
GRAPH_TASK,385863,185.5
GRAPH_TASK,386904,147.0
GRAPH_TASK,386904,222.0
GRAPH_TASK,386904,269.0
GRAPH_TASK,386904,535.0
GRAPH_TASK,411266,148.0
GRAPH_TASK,411266,161.5
GRAPH_TASK,411266,182.5
GRAPH_TASK,411266,208.0
GRAPH_TASK,420466,177.0
GRAPH_TASK,420466,278.0
GRAPH_TASK,420466,309.0
GRAPH_TASK,420466,634.0
GRAPH_TASK,467040,117.5
GRAPH_TASK,467040,134.0
GRAPH_TASK,467040,181.0
GRAPH_TASK,467040,220.0
HASH_TASK,5445,1.5
HASH_TASK,5445,2.0
HASH_TASK,5445,3.0
HASH_TASK,5445,3.0
HASH_TASK,5570,1.0
HASH_TASK,5570,1.0
HASH_TASK,5570,1.5
HASH_TASK,5570,4.0
HASH_TASK,5676,2.0
HASH_TASK,5676,2.0
HASH_TASK,5676,2.0
HASH_TASK,5676,3.0
HASH_TASK,6055,1.0
HASH_TASK,6055,1.0
HASH_TASK,6055,1.5
HASH_TASK,6055,3.0
HASH_TASK,6128,1.0
HASH_TASK,6128,1.0
HASH_TASK,6128,2.5
HASH_TASK,6128,3.0
HASH_TASK,6239,3.0
HASH_TASK,6239,3.5
HASH_TASK,6239,4.0
HASH_TASK,6239,10.0
HASH_TASK,6327,2.0
HASH_TASK,6327,3.0
HASH_TASK,6327,3.5
HASH_TASK,6327,4.0
HASH_TASK,6739,1.0
HASH_TASK,6739,1.0
HASH_TASK,6739,1.0
HASH_TASK,6739,3.0
HASH_TASK,7193,1.0
HASH_TASK,7193,2.0
HASH_TASK,7193,3.0
HASH_TASK,7193,3.5
HASH_TASK,7273,1.0
HASH_TASK,7273,1.0
HASH_TASK,7273,1.0
HASH_TASK,7273,1.0
HASH_TASK,8922,2.5
HASH_TASK,8922,3.0
HASH_TASK,8922,3.5
HASH_TASK,8922,4.0
HASH_TASK,9305,3.0
HASH_TASK,9305,6.0
HASH_TASK,9305,6.0
HASH_TASK,9305,8.0
HASH_TASK,9340,2.0
HASH_TASK,9340,2.0
HASH_TASK,9340,2.0
HASH_TASK,9340,3.0
HASH_TASK,9759,2.0
HASH_TASK,9759,3.0
HASH_TASK,9759,3.5
HASH_TASK,9759,5.5
HASH_TASK,9956,2.0
HASH_TASK,9956,2.0
HASH_TASK,9956,3.0
HASH_TASK,9956,3.0
HASH_TASK,10635,3.0
HASH_TASK,10635,3.0
HASH_TASK,10635,3.0
HASH_TASK,10635,4.5
HASH_TASK,10716,4.0
HASH_TASK,10716,4.0
HASH_TASK,10716,11.0
HASH_TASK,10716,20.5
HASH_TASK,10766,3.0
HASH_TASK,10766,3.0
HASH_TASK,10766,4.5
HASH_TASK,10766,5.0
HASH_TASK,11343,3.0
HASH_TASK,11343,3.0
HASH_TASK,11343,3.0
HASH_TASK,11343,3.5
HASH_TASK,11363,2.0
HASH_TASK,11363,2.0
HASH_TASK,11363,3.0
HASH_TASK,11363,3.5
HASH_TASK,11512,3.0
HASH_TASK,11512,3.5
HASH_TASK,11512,6.0
HASH_TASK,11512,7.0
HASH_TASK,11836,3.0
HASH_TASK,11836,3.5
HASH_TASK,11836,4.0
HASH_TASK,11836,6.0
HASH_TASK,12907,3.0
HASH_TASK,12907,3.5
HASH_TASK,12907,4.0
HASH_TASK,12907,7.0
HASH_TASK,13052,3.0
HASH_TASK,13052,4.0
HASH_TASK,13052,4.0
HASH_TASK,13052,4.0
HASH_TASK,13160,3.0
HASH_TASK,13160,4.5
HASH_TASK,13160,5.0
HASH_TASK,13160,6.0
HASH_TASK,13271,3.0
HASH_TASK,13271,3.0
HASH_TASK,13271,3.0
HASH_TASK,13271,7.5
HASH_TASK,13831,3.0
HASH_TASK,13831,3.5
HASH_TASK,13831,6.5
HASH_TASK,13831,12.0
HASH_TASK,14565,4.5
HASH_TASK,14565,5.0
HASH_TASK,14565,14.0
HASH_TASK,14565,17.0
HASH_TASK,15026,3.0
HASH_TASK,15026,3.0
HASH_TASK,15026,4.0
HASH_TASK,15026,4.0
HASH_TASK,15167,4.5
HASH_TASK,15167,5.0
HASH_TASK,15167,9.0
HASH_TASK,15167,10.0
HASH_TASK,15412,4.0
HASH_TASK,15412,5.0
HASH_TASK,15412,7.0
HASH_TASK,15412,13.0
HASH_TASK,15449,4.0
HASH_TASK,15449,5.0
HASH_TASK,15449,6.0
HASH_TASK,15449,9.0
HASH_TASK,17683,4.5
HASH_TASK,17683,5.0
HASH_TASK,17683,5.5
HASH_TASK,17683,7.0
HASH_TASK,18103,4.0
HASH_TASK,18103,5.0
HASH_TASK,18103,9.0
HASH_TASK,18103,17.5
HASH_TASK,18450,4.5
HASH_TASK,18450,7.0
HASH_TASK,18450,8.0
HASH_TASK,18450,10.0
HASH_TASK,18453,5.0
HASH_TASK,18453,5.5
HASH_TASK,18453,14.0
HASH_TASK,18453,20.0
HASH_TASK,18646,4.5
HASH_TASK,18646,5.5
HASH_TASK,18646,8.5
HASH_TASK,18646,10.0
HASH_TASK,18909,5.0
HASH_TASK,18909,6.5
HASH_TASK,18909,6.5
HASH_TASK,18909,9.0
HASH_TASK,19155,4.0
HASH_TASK,19155,6.0
HASH_TASK,19155,7.0
HASH_TASK,19155,13.5
HASH_TASK,19369,20.5
HASH_TASK,19369,30.0
HASH_TASK,19369,31.0
HASH_TASK,19369,32.0
HASH_TASK,19469,4.0
HASH_TASK,19469,4.0
HASH_TASK,19469,5.0
HASH_TASK,19469,5.5
HASH_TASK,20462,5.0
HASH_TASK,20462,6.5
HASH_TASK,20462,9.0
HASH_TASK,20462,12.0
HASH_TASK,20717,6.0
HASH_TASK,20717,7.0
HASH_TASK,20717,7.5
HASH_TASK,20717,12.0
HASH_TASK,21052,5.0
HASH_TASK,21052,5.0
HASH_TASK,21052,6.0
HASH_TASK,21052,6.0
HASH_TASK,21205,5.0
HASH_TASK,21205,5.0
HASH_TASK,21205,6.0
HASH_TASK,21205,6.0
HASH_TASK,21324,5.0
HASH_TASK,21324,6.0
HASH_TASK,21324,7.0
HASH_TASK,21324,8.0
HASH_TASK,21324,8.5
HASH_TASK,21324,9.0
HASH_TASK,21324,10.0
HASH_TASK,21324,17.0
HASH_TASK,21465,5.0
HASH_TASK,21465,15.0
HASH_TASK,21465,16.0
HASH_TASK,21465,25.0
HASH_TASK,21773,7.0
HASH_TASK,21773,10.0
HASH_TASK,21773,12.0
HASH_TASK,21773,21.0
HASH_TASK,22604,5.0
HASH_TASK,22604,5.0
HASH_TASK,22604,6.0
HASH_TASK,22604,9.0
HASH_TASK,22688,5.0
HASH_TASK,22688,5.0
HASH_TASK,22688,5.0
HASH_TASK,22688,5.0
HASH_TASK,23424,5.0
HASH_TASK,23424,5.0
HASH_TASK,23424,6.0
HASH_TASK,23424,11.0
HASH_TASK,25631,7.0
HASH_TASK,25631,7.0
HASH_TASK,25631,10.0
HASH_TASK,25631,10.5
HASH_TASK,25771,6.0
HASH_TASK,25771,7.5
HASH_TASK,25771,10.0
HASH_TASK,25771,11.0
HASH_TASK,25793,6.5
HASH_TASK,25793,6.5
HASH_TASK,25793,7.0
HASH_TASK,25793,8.5
HASH_TASK,26251,6.0
HASH_TASK,26251,7.5
HASH_TASK,26251,8.5
HASH_TASK,26251,11.0
HASH_TASK,26498,6.0
HASH_TASK,26498,8.0
HASH_TASK,26498,8.5
HASH_TASK,26498,12.0
HASH_TASK,26787,6.0
HASH_TASK,26787,7.0
HASH_TASK,26787,7.0
HASH_TASK,26787,7.0
HASH_TASK,26875,6.0
HASH_TASK,26875,6.0
HASH_TASK,26875,6.0
HASH_TASK,26875,13.0
HASH_TASK,26957,7.0
HASH_TASK,26957,9.0
HASH_TASK,26957,26.0
HASH_TASK,26957,37.0
HASH_TASK,26978,7.0
HASH_TASK,26978,8.0
HASH_TASK,26978,9.0
HASH_TASK,26978,9.0
HASH_TASK,27272,6.5
HASH_TASK,27272,7.0
HASH_TASK,27272,9.5
HASH_TASK,27272,11.0
HASH_TASK,27454,8.5
HASH_TASK,27454,10.0
HASH_TASK,27454,12.0
HASH_TASK,27454,16.0
HASH_TASK,27940,7.0
HASH_TASK,27940,7.0
HASH_TASK,27940,7.0
HASH_TASK,27940,8.0
HASH_TASK,27949,8.0
HASH_TASK,27949,9.0
HASH_TASK,27949,11.0
HASH_TASK,27949,13.0
HASH_TASK,28266,6.0
HASH_TASK,28266,7.5
HASH_TASK,28266,8.0
HASH_TASK,28266,8.5
HASH_TASK,28547,7.0
HASH_TASK,28547,7.5
HASH_TASK,28547,12.0
HASH_TASK,28547,12.0
HASH_TASK,28676,7.0
HASH_TASK,28676,7.0
HASH_TASK,28676,7.0
HASH_TASK,28676,17.0
HASH_TASK,28918,7.0
HASH_TASK,28918,7.0
HASH_TASK,28918,10.0
HASH_TASK,28918,14.0
HASH_TASK,30381,8.0
HASH_TASK,30381,13.0
HASH_TASK,30381,13.0
HASH_TASK,30381,16.0
HASH_TASK,30666,9.0
HASH_TASK,30666,20.5
HASH_TASK,30666,66.0
HASH_TASK,30666,136.0
HASH_TASK,31226,7.0
HASH_TASK,31226,8.0
HASH_TASK,31226,9.0
HASH_TASK,31226,11.0
HASH_TASK,31745,7.0
HASH_TASK,31745,7.0
HASH_TASK,31745,8.5
HASH_TASK,31745,9.5
HASH_TASK,32325,7.0
HASH_TASK,32325,10.0
HASH_TASK,32325,12.0
HASH_TASK,32325,16.0
HASH_TASK,32353,12.0
HASH_TASK,32353,15.0
HASH_TASK,32353,27.0
HASH_TASK,32353,49.0
HASH_TASK,32497,9.0
HASH_TASK,32497,12.0
HASH_TASK,32497,16.0
HASH_TASK,32497,23.0
HASH_TASK,32656,8.0
HASH_TASK,32656,9.0
HASH_TASK,32656,10.5
HASH_TASK,32656,14.0
HASH_TASK,32953,7.0
HASH_TASK,32953,9.0
HASH_TASK,32953,10.0
HASH_TASK,32953,12.0
HASH_TASK,33374,7.0
HASH_TASK,33374,8.0
HASH_TASK,33374,8.0
HASH_TASK,33374,14.0
HASH_TASK,33698,8.0
HASH_TASK,33698,8.0
HASH_TASK,33698,8.0
HASH_TASK,33698,12.0
HASH_TASK,33770,8.5
HASH_TASK,33770,9.0
HASH_TASK,33770,9.0
HASH_TASK,33770,12.5
HASH_TASK,33874,8.0
HASH_TASK,33874,9.0
HASH_TASK,33874,10.0
HASH_TASK,33874,10.5
HASH_TASK,34601,8.0
HASH_TASK,34601,10.0
HASH_TASK,34601,17.0
HASH_TASK,34601,18.0
HASH_TASK,34643,14.0
HASH_TASK,34643,14.0
HASH_TASK,34643,16.0
HASH_TASK,34643,17.5
HASH_TASK,34720,8.0
HASH_TASK,34729,8.0
HASH_TASK,34729,8.0
HASH_TASK,34729,13.0
HASH_TASK,34729,16.0
HASH_TASK,34841,10.0
HASH_TASK,34841,12.0
HASH_TASK,34841,13.0
HASH_TASK,34841,16.0
HASH_TASK,35074,8.0
HASH_TASK,35074,8.0
HASH_TASK,35074,9.0
HASH_TASK,35074,9.0
HASH_TASK,35683,9.0
HASH_TASK,35683,9.0
HASH_TASK,35683,13.0
HASH_TASK,35683,20.5
HASH_TASK,35773,8.0
HASH_TASK,35773,10.0
HASH_TASK,35773,14.0
HASH_TASK,35773,15.0
HASH_TASK,36062,8.0
HASH_TASK,36062,8.0
HASH_TASK,36062,14.0
HASH_TASK,36062,16.5
HASH_TASK,36244,8.0
HASH_TASK,36244,10.5
HASH_TASK,36244,11.0
HASH_TASK,36244,19.0
HASH_TASK,36265,8.0
HASH_TASK,36265,9.0
HASH_TASK,36265,12.0
HASH_TASK,36265,14.5
HASH_TASK,36493,10.0
HASH_TASK,36493,10.0
HASH_TASK,36493,11.0
HASH_TASK,36493,12.5
HASH_TASK,37258,12.0
HASH_TASK,37258,13.0
HASH_TASK,37258,14.5
HASH_TASK,37258,16.5
HASH_TASK,37265,9.0
HASH_TASK,37265,9.0
HASH_TASK,37265,25.0
HASH_TASK,37265,30.0
HASH_TASK,37355,9.0
HASH_TASK,37355,14.0
HASH_TASK,37355,15.0
HASH_TASK,37355,20.0
HASH_TASK,37516,14.0
HASH_TASK,37516,19.0
HASH_TASK,37516,20.0
HASH_TASK,37516,21.0
HASH_TASK,38132,9.0
HASH_TASK,38132,10.5
HASH_TASK,38132,11.0
HASH_TASK,38132,41.0
HASH_TASK,38853,12.0
HASH_TASK,38853,15.0
HASH_TASK,38853,18.0
HASH_TASK,38853,21.0
HASH_TASK,39046,10.5
HASH_TASK,39046,13.0
HASH_TASK,39046,15.0
HASH_TASK,39046,15.0
HASH_TASK,39852,16.0
HASH_TASK,39852,16.5
HASH_TASK,39852,20.5
HASH_TASK,39852,25.0
HASH_TASK,40296,10.0
HASH_TASK,40296,10.0
HASH_TASK,40296,10.5
HASH_TASK,40296,21.0
HASH_TASK,40579,9.0
HASH_TASK,40579,10.0
HASH_TASK,40579,12.0
HASH_TASK,40579,14.0
HASH_TASK,41342,10.0
HASH_TASK,41342,10.5
HASH_TASK,41342,12.5
HASH_TASK,41342,13.0
HASH_TASK,41454,10.0
HASH_TASK,41454,11.0
HASH_TASK,41454,11.5
HASH_TASK,41454,14.0
HASH_TASK,41660,10.0
HASH_TASK,41660,11.0
HASH_TASK,41660,14.0
HASH_TASK,41660,15.0
HASH_TASK,41939,10.0
HASH_TASK,42059,10.0
HASH_TASK,42059,11.0
HASH_TASK,42059,19.0
HASH_TASK,42059,24.5
HASH_TASK,42065,10.5
HASH_TASK,42065,11.5
HASH_TASK,42065,16.0
HASH_TASK,42065,21.0
HASH_TASK,42499,10.0
HASH_TASK,42499,12.0
HASH_TASK,42499,16.0
HASH_TASK,42499,17.0
HASH_TASK,42729,14.5
HASH_TASK,42729,18.0
HASH_TASK,42729,21.0
HASH_TASK,42729,23.0
HASH_TASK,42771,10.0
HASH_TASK,42771,15.0
HASH_TASK,42771,18.0
HASH_TASK,42771,25.0
HASH_TASK,42825,10.0
HASH_TASK,42825,10.0
HASH_TASK,42825,10.5
HASH_TASK,42825,11.0
HASH_TASK,43313,10.0
HASH_TASK,43313,14.5
HASH_TASK,43313,16.5
HASH_TASK,43313,16.5
HASH_TASK,43463,21.0
HASH_TASK,43463,40.0
HASH_TASK,43463,40.0
HASH_TASK,43463,47.0
HASH_TASK,43650,10.0
HASH_TASK,43650,12.0
HASH_TASK,43650,12.0
HASH_TASK,43650,15.0
HASH_TASK,44042,10.0
HASH_TASK,44042,12.0
HASH_TASK,44042,15.0
HASH_TASK,44042,16.5
HASH_TASK,44133,13.0
HASH_TASK,44133,13.0
HASH_TASK,44133,13.5
HASH_TASK,44133,22.0
HASH_TASK,44156,10.0
HASH_TASK,44156,10.0
HASH_TASK,44156,11.0
HASH_TASK,44156,11.5
HASH_TASK,44501,10.5
HASH_TASK,44501,12.0
HASH_TASK,44501,12.5
HASH_TASK,44501,24.0
HASH_TASK,44647,18.0
HASH_TASK,44647,19.0
HASH_TASK,44647,24.5
HASH_TASK,44647,41.0
HASH_TASK,44879,10.0
HASH_TASK,44879,10.0
HASH_TASK,44879,11.5
HASH_TASK,44879,12.0
HASH_TASK,45026,17.0
HASH_TASK,45026,21.5
HASH_TASK,45026,28.0
HASH_TASK,45026,29.0
HASH_TASK,45214,20.0
HASH_TASK,45214,23.0
HASH_TASK,45214,23.0
HASH_TASK,45214,33.0
HASH_TASK,45344,11.5
HASH_TASK,45344,12.0
HASH_TASK,45344,17.5
HASH_TASK,45344,19.0
HASH_TASK,45431,17.0
HASH_TASK,45431,18.0
HASH_TASK,45431,21.5
HASH_TASK,45431,31.0
HASH_TASK,46628,11.5
HASH_TASK,46628,12.0
HASH_TASK,46628,14.0
HASH_TASK,46628,18.0
HASH_TASK,46901,13.0
HASH_TASK,46901,13.0
HASH_TASK,46901,15.0
HASH_TASK,46901,15.5
HASH_TASK,47438,12.0
HASH_TASK,47438,14.0
HASH_TASK,47438,19.0
HASH_TASK,47438,21.5
HASH_TASK,47589,12.0
HASH_TASK,47589,16.0
HASH_TASK,47589,17.0
HASH_TASK,47589,17.5
HASH_TASK,47917,11.0
HASH_TASK,47917,11.0
HASH_TASK,47917,12.0
HASH_TASK,47917,21.0
HASH_TASK,48125,14.0
HASH_TASK,48125,17.0
HASH_TASK,48125,18.0
HASH_TASK,48125,21.0
HASH_TASK,48153,12.0
HASH_TASK,48153,13.0
HASH_TASK,48153,14.0
HASH_TASK,48153,26.5
HASH_TASK,48236,11.0
HASH_TASK,48236,11.0
HASH_TASK,48236,14.0
HASH_TASK,48236,32.0
HASH_TASK,48289,11.0
HASH_TASK,48289,12.0
HASH_TASK,48289,12.0
HASH_TASK,48289,19.0
HASH_TASK,48689,12.5
HASH_TASK,48689,14.0
HASH_TASK,48689,18.0
HASH_TASK,48689,18.0
HASH_TASK,49227,12.5
HASH_TASK,49227,15.0
HASH_TASK,49227,19.0
HASH_TASK,49227,24.5
HASH_TASK,49307,12.0
HASH_TASK,49307,13.0
HASH_TASK,49307,22.0
HASH_TASK,49307,22.0
HASH_TASK,49610,30.0
HASH_TASK,49610,34.0
HASH_TASK,49610,41.0
HASH_TASK,49610,43.0
HASH_TASK,49967,11.0
HASH_TASK,49967,11.0
HASH_TASK,49967,15.0
HASH_TASK,49967,16.0
HASH_TASK,50482,12.0
HASH_TASK,50482,12.0
HASH_TASK,50482,15.0
HASH_TASK,50482,27.0
HASH_TASK,50868,12.0
HASH_TASK,50868,12.0
HASH_TASK,50868,12.0
HASH_TASK,50868,12.0
HASH_TASK,51027,14.0
HASH_TASK,51027,20.0
HASH_TASK,51027,23.0
HASH_TASK,51027,24.5
HASH_TASK,51438,12.0
HASH_TASK,51438,13.0
HASH_TASK,51438,14.0
HASH_TASK,51438,19.0
HASH_TASK,51446,23.0
HASH_TASK,51446,24.0
HASH_TASK,51446,38.0
HASH_TASK,51446,56.0
HASH_TASK,51868,13.0
HASH_TASK,51868,13.0
HASH_TASK,51868,23.0
HASH_TASK,51868,24.0
HASH_TASK,53019,15.0
HASH_TASK,53019,17.0
HASH_TASK,53019,19.5
HASH_TASK,53019,28.5
HASH_TASK,53827,13.0
HASH_TASK,53827,16.0
HASH_TASK,53827,17.0
HASH_TASK,53827,28.5
HASH_TASK,53909,13.5
HASH_TASK,53909,14.0
HASH_TASK,53909,15.0
HASH_TASK,53909,17.0
HASH_TASK,54248,13.0
HASH_TASK,54248,14.0
HASH_TASK,54248,17.0
HASH_TASK,54248,31.0
HASH_TASK,54285,14.0
HASH_TASK,54285,14.5
HASH_TASK,54285,17.0
HASH_TASK,54285,18.0
HASH_TASK,54340,13.5
HASH_TASK,54340,14.0
HASH_TASK,54340,16.0
HASH_TASK,54340,16.0
HASH_TASK,54358,12.0
HASH_TASK,54358,18.0
HASH_TASK,54358,18.0
HASH_TASK,54358,22.0
HASH_TASK,54556,13.0
HASH_TASK,54556,14.0
HASH_TASK,54556,16.5
HASH_TASK,54556,24.0
HASH_TASK,54583,14.0
HASH_TASK,54583,18.0
HASH_TASK,54583,20.0
HASH_TASK,54583,25.5
HASH_TASK,54588,14.0
HASH_TASK,54588,15.5
HASH_TASK,54588,17.0
HASH_TASK,54588,22.0
HASH_TASK,54634,13.0
HASH_TASK,54634,13.5
HASH_TASK,54634,14.0
HASH_TASK,54634,25.5
HASH_TASK,55281,13.0
HASH_TASK,55281,13.0
HASH_TASK,55281,17.0
HASH_TASK,55281,25.0
HASH_TASK,55428,15.0
HASH_TASK,55428,26.0
HASH_TASK,55428,26.0
HASH_TASK,55428,27.0
HASH_TASK,55473,12.0
HASH_TASK,55473,16.0
HASH_TASK,55473,20.0
HASH_TASK,55473,38.0
HASH_TASK,55498,18.0
HASH_TASK,55498,26.5
HASH_TASK,55498,28.0
HASH_TASK,55498,33.0
HASH_TASK,55577,15.0
HASH_TASK,55577,16.0
HASH_TASK,55577,16.0
HASH_TASK,55577,23.0
HASH_TASK,55812,13.0
HASH_TASK,55812,13.0
HASH_TASK,55812,13.5
HASH_TASK,55812,18.0
HASH_TASK,56254,13.0
HASH_TASK,56254,16.0
HASH_TASK,56254,17.0
HASH_TASK,56308,13.0
HASH_TASK,56308,14.5
HASH_TASK,56308,14.5
HASH_TASK,56308,16.0
HASH_TASK,56923,13.0
HASH_TASK,56923,13.0
HASH_TASK,56923,17.0
HASH_TASK,56923,17.5
HASH_TASK,57047,17.0
HASH_TASK,57047,20.0
HASH_TASK,57047,25.0
HASH_TASK,57047,27.0
HASH_TASK,57288,15.0
HASH_TASK,57288,15.0
HASH_TASK,57288,17.0
HASH_TASK,57288,31.0
HASH_TASK,57797,14.0
HASH_TASK,57797,15.0
HASH_TASK,57797,15.5
HASH_TASK,57797,16.0
HASH_TASK,58435,15.0
HASH_TASK,58435,15.0
HASH_TASK,58435,16.0
HASH_TASK,58435,21.0
HASH_TASK,59064,15.0
HASH_TASK,59064,15.0
HASH_TASK,59064,22.0
HASH_TASK,59064,25.5
HASH_TASK,59125,17.0
HASH_TASK,59125,20.5
HASH_TASK,59125,47.0
HASH_TASK,59125,59.0
HASH_TASK,59787,15.0
HASH_TASK,59787,16.0
HASH_TASK,59787,17.0
HASH_TASK,59787,22.5
HASH_TASK,59980,16.0
HASH_TASK,59980,16.5
HASH_TASK,59980,28.0
HASH_TASK,59980,39.0
HASH_TASK,60151,16.0
HASH_TASK,60151,23.0
HASH_TASK,60151,27.0
HASH_TASK,60151,34.0
HASH_TASK,60593,17.5
HASH_TASK,60593,19.0
HASH_TASK,60593,33.5
HASH_TASK,60593,35.0
HASH_TASK,61011,15.0
HASH_TASK,61011,17.0
HASH_TASK,61011,23.0
HASH_TASK,61011,30.5
HASH_TASK,61660,14.0
HASH_TASK,61660,15.0
HASH_TASK,61660,16.0
HASH_TASK,61660,20.5
HASH_TASK,61997,14.0
HASH_TASK,61997,15.0
HASH_TASK,61997,15.0
HASH_TASK,61997,15.5
HASH_TASK,62340,15.0
HASH_TASK,62340,19.0
HASH_TASK,62340,22.0
HASH_TASK,62340,25.0
HASH_TASK,62443,20.0
HASH_TASK,62443,29.0
HASH_TASK,62443,35.0
HASH_TASK,62443,41.0
HASH_TASK,62972,17.0
HASH_TASK,62972,18.5
HASH_TASK,62972,20.0
HASH_TASK,62972,30.0
HASH_TASK,63668,23.5
HASH_TASK,63668,30.0
HASH_TASK,63668,31.0
HASH_TASK,63668,49.0
HASH_TASK,64042,15.0
HASH_TASK,64042,15.0
HASH_TASK,64042,21.0
HASH_TASK,64042,30.0
HASH_TASK,64176,15.0
HASH_TASK,64176,16.5
HASH_TASK,64176,17.0
HASH_TASK,64176,17.0
HASH_TASK,65262,22.5
HASH_TASK,65262,26.5
HASH_TASK,65262,28.0
HASH_TASK,65262,35.0
HASH_TASK,65859,18.0
HASH_TASK,65859,18.0
HASH_TASK,65859,21.0
HASH_TASK,65859,23.5
HASH_TASK,65861,17.0
HASH_TASK,65861,18.0
HASH_TASK,65861,19.0
HASH_TASK,65861,21.0
HASH_TASK,66255,16.5
HASH_TASK,66255,19.0
HASH_TASK,66255,37.0
HASH_TASK,66255,48.0
HASH_TASK,66343,18.5
HASH_TASK,66343,23.0
HASH_TASK,66343,28.5
HASH_TASK,66343,34.0
HASH_TASK,66637,17.5
HASH_TASK,66637,19.0
HASH_TASK,66637,23.0
HASH_TASK,66637,24.0
HASH_TASK,67082,17.0
HASH_TASK,67082,18.0
HASH_TASK,67082,32.0
HASH_TASK,67082,34.0
HASH_TASK,67673,16.0
HASH_TASK,67673,16.5
HASH_TASK,67673,18.0
HASH_TASK,67673,26.5
HASH_TASK,68214,17.0
HASH_TASK,68214,18.0
HASH_TASK,68214,25.5
HASH_TASK,68214,39.0
HASH_TASK,68250,15.0
HASH_TASK,68250,21.0
HASH_TASK,68250,26.0
HASH_TASK,68250,40.0
HASH_TASK,69012,26.0
HASH_TASK,69012,29.0
HASH_TASK,69012,36.5
HASH_TASK,69012,79.5
HASH_TASK,69344,27.0
HASH_TASK,69344,32.0
HASH_TASK,69344,34.5
HASH_TASK,69344,66.0
HASH_TASK,69857,18.0
HASH_TASK,69857,18.0
HASH_TASK,69857,18.0
HASH_TASK,69857,42.0
HASH_TASK,70263,17.5
HASH_TASK,70263,18.0
HASH_TASK,70263,19.5
HASH_TASK,70263,23.0
HASH_TASK,70391,17.0
HASH_TASK,70391,19.0
HASH_TASK,70391,25.0
HASH_TASK,70391,28.5
HASH_TASK,70458,18.0
HASH_TASK,70458,29.5
HASH_TASK,70458,30.0
HASH_TASK,70458,37.0
HASH_TASK,70492,17.0
HASH_TASK,70492,19.0
HASH_TASK,70492,20.0
HASH_TASK,70492,21.5
HASH_TASK,70623,19.0
HASH_TASK,70623,21.5
HASH_TASK,70623,23.5
HASH_TASK,70623,25.0
HASH_TASK,70695,17.0
HASH_TASK,70695,17.0
HASH_TASK,70695,17.0
HASH_TASK,70695,18.0
HASH_TASK,71269,17.0
HASH_TASK,71269,17.0
HASH_TASK,71269,19.0
HASH_TASK,71269,20.0
HASH_TASK,71817,18.5
HASH_TASK,71817,26.0
HASH_TASK,71817,30.0
HASH_TASK,71817,33.0
HASH_TASK,71941,17.0
HASH_TASK,71941,21.0
HASH_TASK,71941,25.0
HASH_TASK,71941,27.0
HASH_TASK,72765,17.0
HASH_TASK,72765,19.0
HASH_TASK,72765,21.0
HASH_TASK,72765,23.0
HASH_TASK,73262,20.0
HASH_TASK,73262,25.0
HASH_TASK,73262,33.0
HASH_TASK,73262,46.0
HASH_TASK,73530,17.0
HASH_TASK,73530,18.5
HASH_TASK,73530,23.0
HASH_TASK,73530,32.0
HASH_TASK,74121,79.0
HASH_TASK,74121,121.5
HASH_TASK,74121,135.5
HASH_TASK,74121,201.0
HASH_TASK,74201,18.0
HASH_TASK,74201,23.0
HASH_TASK,74201,23.0
HASH_TASK,74201,36.0
HASH_TASK,74357,20.0
HASH_TASK,74410,19.0
HASH_TASK,74410,22.5
HASH_TASK,74410,23.0
HASH_TASK,74410,28.0
HASH_TASK,74590,23.0
HASH_TASK,74590,28.0
HASH_TASK,74590,29.0
HASH_TASK,74590,33.0
HASH_TASK,74764,17.0
HASH_TASK,74764,18.0
HASH_TASK,74764,18.0
HASH_TASK,74764,18.0
HASH_TASK,75077,18.0
HASH_TASK,75077,22.0
HASH_TASK,75077,27.0
HASH_TASK,75077,30.0
HASH_TASK,75339,20.0
HASH_TASK,75339,23.0
HASH_TASK,75339,25.0
HASH_TASK,75339,26.0
HASH_TASK,75607,17.0
HASH_TASK,75607,19.0
HASH_TASK,75607,22.0
HASH_TASK,75607,25.5
HASH_TASK,75891,19.0
HASH_TASK,75891,29.0
HASH_TASK,75891,32.5
HASH_TASK,75891,43.0
HASH_TASK,76063,28.0
HASH_TASK,76063,28.0
HASH_TASK,76063,28.5
HASH_TASK,76063,42.0
HASH_TASK,77039,18.0
HASH_TASK,77039,20.0
HASH_TASK,77039,22.0
HASH_TASK,77039,23.0
HASH_TASK,77241,35.0
HASH_TASK,77241,60.0
HASH_TASK,77241,68.0
HASH_TASK,77241,75.0
HASH_TASK,77300,22.0
HASH_TASK,77300,22.5
HASH_TASK,77300,24.0
HASH_TASK,77300,33.0
HASH_TASK,78014,25.0
HASH_TASK,78014,30.0
HASH_TASK,78014,34.0
HASH_TASK,78014,43.0
HASH_TASK,78138,18.0
HASH_TASK,78138,29.0
HASH_TASK,78138,33.0
HASH_TASK,78138,41.5
HASH_TASK,78560,18.0
HASH_TASK,78560,20.0
HASH_TASK,78560,27.0
HASH_TASK,78560,29.0
HASH_TASK,78572,18.0
HASH_TASK,78572,18.0
HASH_TASK,78572,24.0
HASH_TASK,78572,26.0
HASH_TASK,79268,22.0
HASH_TASK,79268,23.0
HASH_TASK,79268,24.0
HASH_TASK,79268,33.0
HASH_TASK,79450,20.0
HASH_TASK,79450,32.0
HASH_TASK,79860,19.0
HASH_TASK,79860,22.0
HASH_TASK,79860,34.5
HASH_TASK,79860,38.0
HTTP_TASK,2200,22.0
HTTP_TASK,2200,22.0
HTTP_TASK,2200,23.0
HTTP_TASK,2200,23.0
HTTP_TASK,2220,24.0
HTTP_TASK,2220,24.0
HTTP_TASK,2220,24.0
HTTP_TASK,2220,25.0
HTTP_TASK,2220,25.5
HTTP_TASK,2220,26.0
HTTP_TASK,2220,26.0
HTTP_TASK,2220,28.0
HTTP_TASK,2230,27.0
HTTP_TASK,2230,27.0
HTTP_TASK,2230,27.0
HTTP_TASK,2230,27.0
HTTP_TASK,2270,29.0
HTTP_TASK,2270,29.0
HTTP_TASK,2270,30.0
HTTP_TASK,2270,31.0
HTTP_TASK,2310,33.0
HTTP_TASK,2310,33.0
HTTP_TASK,2310,34.0
HTTP_TASK,2310,34.0
HTTP_TASK,2310,34.5
HTTP_TASK,2310,35.0
HTTP_TASK,2310,35.0
HTTP_TASK,2310,40.0
HTTP_TASK,2320,34.0
HTTP_TASK,2320,35.0
HTTP_TASK,2320,35.5
HTTP_TASK,2320,36.0
HTTP_TASK,2320,36.0
HTTP_TASK,2320,36.0
HTTP_TASK,2320,37.0
HTTP_TASK,2320,37.5
HTTP_TASK,2330,35.0
HTTP_TASK,2330,35.0
HTTP_TASK,2330,36.0
HTTP_TASK,2330,37.5
HTTP_TASK,2360,39.0
HTTP_TASK,2360,39.0
HTTP_TASK,2360,40.0
HTTP_TASK,2360,44.0
HTTP_TASK,2400,42.0
HTTP_TASK,2400,43.0
HTTP_TASK,2400,43.0
HTTP_TASK,2400,43.0
HTTP_TASK,2400,43.0
HTTP_TASK,2400,43.0
HTTP_TASK,2400,44.0
HTTP_TASK,2400,47.0
HTTP_TASK,2440,46.0
HTTP_TASK,2440,46.0
HTTP_TASK,2440,47.0
HTTP_TASK,2440,47.0
HTTP_TASK,2440,47.0
HTTP_TASK,2440,47.0
HTTP_TASK,2440,48.0
HTTP_TASK,2440,48.0
HTTP_TASK,2440,48.5
HTTP_TASK,2440,49.5
HTTP_TASK,2440,50.0
HTTP_TASK,2440,51.5
HTTP_TASK,2460,48.0
HTTP_TASK,2460,50.5
HTTP_TASK,2460,51.5
HTTP_TASK,2460,52.5
HTTP_TASK,2460,54.5
HTTP_TASK,2460,57.0
HTTP_TASK,2460,131.0
HTTP_TASK,2460,151.0
HTTP_TASK,2470,50.0
HTTP_TASK,2470,50.0
HTTP_TASK,2470,50.0
HTTP_TASK,2470,50.0
HTTP_TASK,2470,50.0
HTTP_TASK,2470,50.0
HTTP_TASK,2470,50.0
HTTP_TASK,2470,52.5
HTTP_TASK,2480,51.0
HTTP_TASK,2480,51.5
HTTP_TASK,2480,51.5
HTTP_TASK,2480,52.0
HTTP_TASK,2480,52.0
HTTP_TASK,2480,52.0
HTTP_TASK,2480,52.0
HTTP_TASK,2480,53.0
HTTP_TASK,2490,52.0
HTTP_TASK,2490,52.0
HTTP_TASK,2490,52.0
HTTP_TASK,2490,52.0
HTTP_TASK,2500,52.0
HTTP_TASK,2500,53.0
HTTP_TASK,2500,53.0
HTTP_TASK,2500,53.5
HTTP_TASK,2500,54.0
HTTP_TASK,2500,55.0
HTTP_TASK,2500,55.0
HTTP_TASK,2500,63.0
HTTP_TASK,2510,54.0
HTTP_TASK,2510,54.0
HTTP_TASK,2510,54.0
HTTP_TASK,2510,54.0
HTTP_TASK,2540,57.0
HTTP_TASK,2540,57.5
HTTP_TASK,2540,58.0
HTTP_TASK,2540,59.0
HTTP_TASK,2560,58.0
HTTP_TASK,2560,59.0
HTTP_TASK,2560,60.0
HTTP_TASK,2560,60.5
HTTP_TASK,2580,61.0
HTTP_TASK,2580,61.0
HTTP_TASK,2580,64.0
HTTP_TASK,2580,65.5
HTTP_TASK,2590,62.0
HTTP_TASK,2590,63.0
HTTP_TASK,2590,63.0
HTTP_TASK,2590,67.0
HTTP_TASK,2610,64.0
HTTP_TASK,2610,64.0
HTTP_TASK,2610,65.0
HTTP_TASK,2610,65.0
HTTP_TASK,2630,66.0
HTTP_TASK,2630,66.0
HTTP_TASK,2630,67.0
HTTP_TASK,2630,67.0
HTTP_TASK,2670,70.0
HTTP_TASK,2670,71.0
HTTP_TASK,2670,71.5
HTTP_TASK,2670,74.5
HTTP_TASK,2680,70.0
HTTP_TASK,2680,71.5
HTTP_TASK,2680,71.5
HTTP_TASK,2680,71.5
HTTP_TASK,2680,72.0
HTTP_TASK,2680,72.0
HTTP_TASK,2680,72.0
HTTP_TASK,2680,73.0
HTTP_TASK,2690,73.0
HTTP_TASK,2690,73.0
HTTP_TASK,2690,73.0
HTTP_TASK,2690,73.5
HTTP_TASK,2700,73.0
HTTP_TASK,2700,73.0
HTTP_TASK,2700,73.5
HTTP_TASK,2700,73.5
HTTP_TASK,2700,74.5
HTTP_TASK,2700,74.5
HTTP_TASK,2700,75.0
HTTP_TASK,2700,76.0
HTTP_TASK,2710,74.0
HTTP_TASK,2710,74.0
HTTP_TASK,2710,74.0
HTTP_TASK,2710,74.0
HTTP_TASK,2710,75.0
HTTP_TASK,2710,75.0
HTTP_TASK,2710,75.0
HTTP_TASK,2710,75.0
HTTP_TASK,2710,76.5
HTTP_TASK,2710,77.0
HTTP_TASK,2710,78.0
HTTP_TASK,2710,154.5
HTTP_TASK,2720,74.0
HTTP_TASK,2720,75.0
HTTP_TASK,2720,75.0
HTTP_TASK,2720,75.0
HTTP_TASK,2730,75.0
HTTP_TASK,2730,75.0
HTTP_TASK,2730,76.0
HTTP_TASK,2730,76.5
HTTP_TASK,2730,76.5
HTTP_TASK,2730,77.0
HTTP_TASK,2730,77.0
HTTP_TASK,2730,78.0
HTTP_TASK,2740,76.0
HTTP_TASK,2740,77.0
HTTP_TASK,2740,78.0
HTTP_TASK,2740,78.0
HTTP_TASK,2770,80.0
HTTP_TASK,2770,80.0
HTTP_TASK,2770,81.0
HTTP_TASK,2770,82.0
HTTP_TASK,2780,80.0
HTTP_TASK,2780,82.5
HTTP_TASK,2780,84.0
HTTP_TASK,2780,86.0
HTTP_TASK,2790,82.0
HTTP_TASK,2790,82.0
HTTP_TASK,2790,82.0
HTTP_TASK,2790,82.0
HTTP_TASK,2790,83.0
HTTP_TASK,2790,83.0
HTTP_TASK,2790,83.0
HTTP_TASK,2790,83.0
HTTP_TASK,2790,84.0
HTTP_TASK,2790,84.5
HTTP_TASK,2790,85.0
HTTP_TASK,2790,86.0
HTTP_TASK,2810,83.0
HTTP_TASK,2810,83.0
HTTP_TASK,2810,84.0
HTTP_TASK,2810,85.0
HTTP_TASK,2820,85.0
HTTP_TASK,2820,85.0
HTTP_TASK,2820,86.0
HTTP_TASK,2820,86.0
HTTP_TASK,2840,86.0
HTTP_TASK,2840,86.0
HTTP_TASK,2840,87.0
HTTP_TASK,2840,87.5
HTTP_TASK,2840,88.0
HTTP_TASK,2840,88.0
HTTP_TASK,2840,88.5
HTTP_TASK,2840,94.0
HTTP_TASK,2850,87.0
HTTP_TASK,2850,88.0
HTTP_TASK,2850,88.5
HTTP_TASK,2850,90.0
HTTP_TASK,2860,88.0
HTTP_TASK,2860,89.0
HTTP_TASK,2860,89.0
HTTP_TASK,2860,90.5
HTTP_TASK,2870,90.0
HTTP_TASK,2870,91.0
HTTP_TASK,2870,92.0
HTTP_TASK,2870,94.0
HTTP_TASK,2920,95.0
HTTP_TASK,2920,95.0
HTTP_TASK,2920,95.5
HTTP_TASK,2920,97.5
HTTP_TASK,2950,97.0
HTTP_TASK,2950,98.0
HTTP_TASK,2950,98.5
HTTP_TASK,2950,100.0
HTTP_TASK,2960,98.0
HTTP_TASK,2960,99.0
HTTP_TASK,2960,99.0
HTTP_TASK,2960,99.0
HTTP_TASK,2960,99.0
HTTP_TASK,2960,99.0
HTTP_TASK,2960,100.5
HTTP_TASK,2960,101.0
HTTP_TASK,2970,100.0
HTTP_TASK,2970,100.0
HTTP_TASK,2970,100.0
HTTP_TASK,2970,100.0
HTTP_TASK,2970,101.0
HTTP_TASK,2970,101.0
HTTP_TASK,2970,102.0
HTTP_TASK,2970,106.0
HTTP_TASK,2980,100.0
HTTP_TASK,2980,100.0
HTTP_TASK,2980,100.0
HTTP_TASK,2980,101.0
HTTP_TASK,2990,101.0
HTTP_TASK,2990,102.0
HTTP_TASK,2990,103.0
HTTP_TASK,2990,104.5
HTTP_TASK,3010,104.0
HTTP_TASK,3010,107.0
HTTP_TASK,3010,108.0
HTTP_TASK,3010,111.0
HTTP_TASK,3020,104.0
HTTP_TASK,3020,104.0
HTTP_TASK,3020,105.0
HTTP_TASK,3020,105.0
HTTP_TASK,3040,106.0
HTTP_TASK,3040,106.0
HTTP_TASK,3040,107.0
HTTP_TASK,3040,107.0
HTTP_TASK,3040,107.5
HTTP_TASK,3040,108.0
HTTP_TASK,3040,108.0
HTTP_TASK,3040,108.0
HTTP_TASK,3050,107.0
HTTP_TASK,3050,108.0
HTTP_TASK,3050,108.0
HTTP_TASK,3050,108.0
HTTP_TASK,3050,108.5
HTTP_TASK,3050,109.0
HTTP_TASK,3050,109.0
HTTP_TASK,3050,109.5
HTTP_TASK,3060,108.0
HTTP_TASK,3060,109.0
HTTP_TASK,3060,109.5
HTTP_TASK,3060,110.0
HTTP_TASK,3060,110.0
HTTP_TASK,3060,112.0
HTTP_TASK,3060,114.0
HTTP_TASK,3060,126.5
HTTP_TASK,3090,111.0
HTTP_TASK,3090,112.0
HTTP_TASK,3090,112.0
HTTP_TASK,3090,112.0
HTTP_TASK,3090,112.0
HTTP_TASK,3090,112.0
HTTP_TASK,3090,112.0
HTTP_TASK,3090,112.0
HTTP_TASK,3090,112.5
HTTP_TASK,3090,113.0
HTTP_TASK,3090,113.0
HTTP_TASK,3090,114.0
HTTP_TASK,3140,117.0
HTTP_TASK,3140,117.5
HTTP_TASK,3140,119.0
HTTP_TASK,3140,121.0
HTTP_TASK,3190,122.0
HTTP_TASK,3190,122.0
HTTP_TASK,3190,122.0
HTTP_TASK,3190,128.0
HTTP_TASK,3200,123.0
HTTP_TASK,3200,123.0
HTTP_TASK,3200,123.0
HTTP_TASK,3200,125.0
HTTP_TASK,3220,124.0
HTTP_TASK,3220,125.0
HTTP_TASK,3220,125.5
HTTP_TASK,3220,126.5
HTTP_TASK,3240,126.0
HTTP_TASK,3240,127.0
HTTP_TASK,3240,127.5
HTTP_TASK,3240,128.0
HTTP_TASK,3240,128.0
HTTP_TASK,3240,129.0
HTTP_TASK,3240,131.0
HTTP_TASK,3240,131.0
HTTP_TASK,3250,128.0
HTTP_TASK,3250,129.0
HTTP_TASK,3250,130.0
HTTP_TASK,3250,131.0
HTTP_TASK,3290,131.0
HTTP_TASK,3290,132.0
HTTP_TASK,3290,132.0
HTTP_TASK,3290,132.0
HTTP_TASK,3290,132.0
HTTP_TASK,3290,132.5
HTTP_TASK,3290,133.0
HTTP_TASK,3290,137.0
HTTP_TASK,3300,133.0
HTTP_TASK,3300,133.0
HTTP_TASK,3300,133.0
HTTP_TASK,3300,134.0
HTTP_TASK,3300,134.0
HTTP_TASK,3300,134.0
HTTP_TASK,3300,135.0
HTTP_TASK,3300,135.0
HTTP_TASK,3300,219.0
HTTP_TASK,3300,225.0
HTTP_TASK,3300,226.5
HTTP_TASK,3300,278.5
HTTP_TASK,3320,134.0
HTTP_TASK,3320,135.0
HTTP_TASK,3320,135.0
HTTP_TASK,3320,135.0
HTTP_TASK,3320,135.0
HTTP_TASK,3320,135.0
HTTP_TASK,3320,136.5
HTTP_TASK,3320,137.0
HTTP_TASK,3330,136.0
HTTP_TASK,3330,137.0
HTTP_TASK,3330,137.0
HTTP_TASK,3330,140.0
HTTP_TASK,3340,136.0
HTTP_TASK,3340,137.0
HTTP_TASK,3340,137.0
HTTP_TASK,3340,137.5
HTTP_TASK,3340,138.0
HTTP_TASK,3340,138.0
HTTP_TASK,3340,138.0
HTTP_TASK,3340,140.0
HTTP_TASK,3360,138.0
HTTP_TASK,3360,138.0
HTTP_TASK,3360,138.0
HTTP_TASK,3360,139.0
HTTP_TASK,3370,139.0
HTTP_TASK,3370,139.0
HTTP_TASK,3370,140.0
HTTP_TASK,3370,140.0
HTTP_TASK,3380,140.0
HTTP_TASK,3380,141.0
HTTP_TASK,3380,141.5
HTTP_TASK,3380,142.0
HTTP_TASK,3390,142.0
HTTP_TASK,3390,142.5
HTTP_TASK,3390,143.5
HTTP_TASK,3390,144.0
HTTP_TASK,3410,143.0
HTTP_TASK,3410,143.0
HTTP_TASK,3410,143.0
HTTP_TASK,3410,144.0
HTTP_TASK,3410,144.0
HTTP_TASK,3410,144.0
HTTP_TASK,3410,145.0
HTTP_TASK,3410,146.0
HTTP_TASK,3440,146.0
HTTP_TASK,3440,146.0
HTTP_TASK,3440,147.0
HTTP_TASK,3440,147.0
HTTP_TASK,3450,148.0
HTTP_TASK,3450,148.0
HTTP_TASK,3450,148.0
HTTP_TASK,3450,148.5
HTTP_TASK,3450,149.0
HTTP_TASK,3450,149.0
HTTP_TASK,3450,150.0
HTTP_TASK,3450,151.0
HTTP_TASK,3470,150.0
HTTP_TASK,3470,151.0
HTTP_TASK,3470,151.0
HTTP_TASK,3470,151.0
HTTP_TASK,3480,150.0
HTTP_TASK,3480,150.0
HTTP_TASK,3480,150.0
HTTP_TASK,3480,151.0
HTTP_TASK,3520,155.0
HTTP_TASK,3520,155.0
HTTP_TASK,3520,155.0
HTTP_TASK,3520,155.0
HTTP_TASK,3530,155.0
HTTP_TASK,3530,155.0
HTTP_TASK,3530,155.0
HTTP_TASK,3530,157.0
HTTP_TASK,3550,157.0
HTTP_TASK,3550,157.0
HTTP_TASK,3550,158.0
HTTP_TASK,3550,158.0
HTTP_TASK,3550,158.0
HTTP_TASK,3550,158.5
HTTP_TASK,3550,159.0
HTTP_TASK,3550,160.0
HTTP_TASK,3580,160.0
HTTP_TASK,3580,160.0
HTTP_TASK,3580,161.0
HTTP_TASK,3580,161.0
HTTP_TASK,3580,162.0
HTTP_TASK,3580,162.0
HTTP_TASK,3580,162.5
HTTP_TASK,3580,162.5
HTTP_TASK,3600,162.0
HTTP_TASK,3600,163.0
HTTP_TASK,3600,164.0
HTTP_TASK,3600,164.0
HTTP_TASK,3610,164.0
HTTP_TASK,3610,164.0
HTTP_TASK,3610,164.5
HTTP_TASK,3610,165.0
HTTP_TASK,3620,165.0
HTTP_TASK,3620,165.0
HTTP_TASK,3620,166.5
HTTP_TASK,3620,167.5
HTTP_TASK,3640,167.0
HTTP_TASK,3640,167.0
HTTP_TASK,3640,168.5
HTTP_TASK,3640,169.0
HTTP_TASK,3650,168.0
HTTP_TASK,3650,168.5
HTTP_TASK,3650,168.5
HTTP_TASK,3650,169.0
HTTP_TASK,3680,171.0
HTTP_TASK,3680,171.0
HTTP_TASK,3680,171.0
HTTP_TASK,3680,171.5
HTTP_TASK,3680,172.0
HTTP_TASK,3680,172.0
HTTP_TASK,3680,172.0
HTTP_TASK,3680,173.0
HTTP_TASK,3690,172.0
HTTP_TASK,3690,172.0
HTTP_TASK,3690,172.0
HTTP_TASK,3690,173.0
HTTP_TASK,3700,174.5
HTTP_TASK,3700,175.0
HTTP_TASK,3700,178.0
HTTP_TASK,3700,179.5
HTTP_TASK,3710,174.0
HTTP_TASK,3710,174.0
HTTP_TASK,3710,174.5
HTTP_TASK,3710,176.0
HTTP_TASK,3720,175.0
HTTP_TASK,3720,175.0
HTTP_TASK,3720,175.0
HTTP_TASK,3720,186.5
HTTP_TASK,3750,178.0
HTTP_TASK,3750,178.0
HTTP_TASK,3750,178.0
HTTP_TASK,3750,178.0
HTTP_TASK,3750,178.5
HTTP_TASK,3750,179.0
HTTP_TASK,3750,179.0
HTTP_TASK,3750,180.5
HTTP_TASK,3770,180.0
HTTP_TASK,3770,181.0
HTTP_TASK,3770,181.0
HTTP_TASK,3770,183.0
HTTP_TASK,3780,181.0
HTTP_TASK,3780,182.0
HTTP_TASK,3780,182.0
HTTP_TASK,3780,182.0
HTTP_TASK,3780,182.0
HTTP_TASK,3780,182.5
HTTP_TASK,3780,184.0
HTTP_TASK,3780,185.0
HTTP_TASK,3790,181.0
HTTP_TASK,3790,181.0
HTTP_TASK,3790,182.0
HTTP_TASK,3790,183.5
HTTP_TASK,3810,186.0
HTTP_TASK,3810,186.0
HTTP_TASK,3810,186.5
HTTP_TASK,3810,188.0
HTTP_TASK,3820,184.0
HTTP_TASK,3820,184.0
HTTP_TASK,3820,184.0
HTTP_TASK,3820,185.0
HTTP_TASK,3820,185.0
HTTP_TASK,3820,185.0
HTTP_TASK,3820,185.0
HTTP_TASK,3820,186.0
HTTP_TASK,3830,186.0
HTTP_TASK,3830,187.0
HTTP_TASK,3830,192.0
HTTP_TASK,3830,192.0
HTTP_TASK,3900,193.0
HTTP_TASK,3900,193.0
HTTP_TASK,3900,194.0
HTTP_TASK,3900,194.5
HTTP_TASK,3920,196.0
HTTP_TASK,3920,196.0
HTTP_TASK,3920,196.0
HTTP_TASK,3920,202.5
HTTP_TASK,3940,198.0
HTTP_TASK,3940,198.5
HTTP_TASK,3940,199.5
HTTP_TASK,3940,200.5
HTTP_TASK,3940,201.0
HTTP_TASK,3940,201.0
HTTP_TASK,3940,203.0
HTTP_TASK,3940,203.0
HTTP_TASK,3950,198.0
HTTP_TASK,3950,198.0
HTTP_TASK,3950,198.5
HTTP_TASK,3950,210.0
HTTP_TASK,3960,198.5
HTTP_TASK,3960,199.0
HTTP_TASK,3960,199.0
HTTP_TASK,3960,199.5
HTTP_TASK,4000,202.0
HTTP_TASK,4000,203.0
HTTP_TASK,4000,204.0
HTTP_TASK,4000,213.5
HTTP_TASK,4010,203.0
HTTP_TASK,4010,204.0
HTTP_TASK,4010,206.0
HTTP_TASK,4010,207.0
HTTP_TASK,4010,207.0
HTTP_TASK,4010,208.0
HTTP_TASK,4010,208.0
HTTP_TASK,4010,208.5
HTTP_TASK,4040,206.0
HTTP_TASK,4040,207.0
HTTP_TASK,4040,208.0
HTTP_TASK,4040,213.0
HTTP_TASK,4050,208.0
HTTP_TASK,4050,208.0
HTTP_TASK,4050,208.0
HTTP_TASK,4050,208.5
HTTP_TASK,4050,209.0
HTTP_TASK,4050,209.0
HTTP_TASK,4050,209.0
HTTP_TASK,4050,209.0
HTTP_TASK,4050,209.5
HTTP_TASK,4050,210.0
HTTP_TASK,4050,212.0
HTTP_TASK,4050,213.0
HTTP_TASK,4060,210.0
HTTP_TASK,4060,210.0
HTTP_TASK,4060,210.0
HTTP_TASK,4060,211.0
HTTP_TASK,4070,209.0
HTTP_TASK,4070,209.0
HTTP_TASK,4070,210.0
HTTP_TASK,4070,210.0
HTTP_TASK,4070,210.0
HTTP_TASK,4070,210.0
HTTP_TASK,4070,210.5
HTTP_TASK,4070,211.0
HTTP_TASK,4070,211.0
HTTP_TASK,4070,211.0
HTTP_TASK,4070,213.0
HTTP_TASK,4070,221.0
HTTP_TASK,4080,210.0
HTTP_TASK,4080,211.0
HTTP_TASK,4080,211.0
HTTP_TASK,4080,211.0
HTTP_TASK,4080,213.0
HTTP_TASK,4080,214.0
HTTP_TASK,4080,214.5
HTTP_TASK,4080,215.0
HTTP_TASK,4090,212.0
HTTP_TASK,4090,212.5
HTTP_TASK,4090,213.0
HTTP_TASK,4090,213.0
HTTP_TASK,4090,213.5
HTTP_TASK,4090,214.0
HTTP_TASK,4090,214.0
HTTP_TASK,4090,220.0
HTTP_TASK,4100,213.0
HTTP_TASK,4100,213.5
HTTP_TASK,4100,214.5
HTTP_TASK,4100,216.0
HTTP_TASK,4110,214.0
HTTP_TASK,4110,216.0
HTTP_TASK,4110,217.0
HTTP_TASK,4110,217.0
HTTP_TASK,4130,216.0
HTTP_TASK,4130,217.5
HTTP_TASK,4130,217.5
HTTP_TASK,4130,218.0
HTTP_TASK,4140,216.0
HTTP_TASK,4140,216.0
HTTP_TASK,4140,217.0
HTTP_TASK,4140,217.0
HTTP_TASK,4140,217.0
HTTP_TASK,4140,218.0
HTTP_TASK,4140,218.0
HTTP_TASK,4140,218.0
HTTP_TASK,4140,220.0
HTTP_TASK,4140,220.0
HTTP_TASK,4140,229.0
HTTP_TASK,4140,233.0
HTTP_TASK,4150,218.0
HTTP_TASK,4150,218.0
HTTP_TASK,4150,220.0
HTTP_TASK,4150,220.0
HTTP_TASK,4160,220.0
HTTP_TASK,4160,220.0
HTTP_TASK,4160,221.0
HTTP_TASK,4160,225.5
HTTP_TASK,4170,219.0
HTTP_TASK,4170,219.0
HTTP_TASK,4170,220.0
HTTP_TASK,4170,220.0
HTTP_TASK,4170,220.5
HTTP_TASK,4170,222.0
HTTP_TASK,4170,222.0
HTTP_TASK,4170,222.0
HTTP_TASK,4180,221.0
HTTP_TASK,4180,221.5
HTTP_TASK,4180,224.0
HTTP_TASK,4180,225.0
HTTP_TASK,4200,222.0
HTTP_TASK,4200,222.0
HTTP_TASK,4200,223.0
HTTP_TASK,4200,223.0
HTTP_TASK,4230,227.0
HTTP_TASK,4230,227.0
HTTP_TASK,4230,228.5
HTTP_TASK,4230,231.0
HTTP_TASK,4240,227.0
HTTP_TASK,4240,227.0
HTTP_TASK,4240,227.0
HTTP_TASK,4240,227.0
HTTP_TASK,4240,227.5
HTTP_TASK,4240,228.0
HTTP_TASK,4240,229.0
HTTP_TASK,4240,230.5
HTTP_TASK,4260,229.0
HTTP_TASK,4260,229.5
HTTP_TASK,4260,230.0
HTTP_TASK,4260,231.0
HTTP_TASK,4270,230.0
HTTP_TASK,4270,230.5
HTTP_TASK,4270,231.0
HTTP_TASK,4270,232.0
HTTP_TASK,4290,232.0
HTTP_TASK,4290,232.5
HTTP_TASK,4290,232.5
HTTP_TASK,4290,233.0
HTTP_TASK,4300,232.0
HTTP_TASK,4300,232.0
HTTP_TASK,4300,234.0
HTTP_TASK,4300,235.0
HTTP_TASK,4310,233.0
HTTP_TASK,4310,235.0
HTTP_TASK,4310,235.0
HTTP_TASK,4310,236.0
HTTP_TASK,4320,235.0
HTTP_TASK,4320,235.0
HTTP_TASK,4320,235.0
HTTP_TASK,4320,235.5
HTTP_TASK,4330,235.0
HTTP_TASK,4330,236.0
HTTP_TASK,4330,236.5
HTTP_TASK,4330,237.0
HTTP_TASK,4340,237.0
HTTP_TASK,4340,238.0
HTTP_TASK,4340,238.0
HTTP_TASK,4340,238.5
HTTP_TASK,4370,240.0
HTTP_TASK,4370,240.0
HTTP_TASK,4370,241.0
HTTP_TASK,4370,242.0
HTTP_TASK,4390,242.0
HTTP_TASK,4390,242.0
HTTP_TASK,4390,244.0
HTTP_TASK,4390,252.0
HTTP_TASK,4400,242.0
HTTP_TASK,4400,243.0
HTTP_TASK,4400,243.0
HTTP_TASK,4400,246.0
HTTP_TASK,4410,245.0
HTTP_TASK,4410,245.0
HTTP_TASK,4410,245.0
HTTP_TASK,4410,247.0
HTTP_TASK,4420,244.0
HTTP_TASK,4420,245.0
HTTP_TASK,4420,245.0
HTTP_TASK,4420,245.0
HTTP_TASK,4420,245.0
HTTP_TASK,4420,245.5
HTTP_TASK,4420,246.0
HTTP_TASK,4430,246.0
HTTP_TASK,4430,247.0
HTTP_TASK,4430,247.5
HTTP_TASK,4430,248.0
HTTP_TASK,4440,246.0
HTTP_TASK,4440,247.0
HTTP_TASK,4440,247.0
HTTP_TASK,4440,247.0
HTTP_TASK,4460,248.0
HTTP_TASK,4460,249.0
HTTP_TASK,4460,249.0
HTTP_TASK,4460,252.0
HTTP_TASK,4480,250.0
HTTP_TASK,4480,251.0
HTTP_TASK,4480,252.0
HTTP_TASK,4480,254.0
HTTP_TASK,4510,253.0
HTTP_TASK,4510,254.0
HTTP_TASK,4510,256.0
HTTP_TASK,4510,256.0
HTTP_TASK,4530,255.0
HTTP_TASK,4530,256.5
HTTP_TASK,4530,257.0
HTTP_TASK,4530,260.0
HTTP_TASK,4540,257.0
HTTP_TASK,4540,257.0
HTTP_TASK,4540,257.0
HTTP_TASK,4540,260.0
HTTP_TASK,4540,262.0
HTTP_TASK,4540,264.0
HTTP_TASK,4540,264.0
HTTP_TASK,4540,361.0
HTTP_TASK,4550,257.0
HTTP_TASK,4550,258.5
HTTP_TASK,4550,259.0
HTTP_TASK,4550,259.0
HTTP_TASK,4580,261.0
HTTP_TASK,4580,262.0
HTTP_TASK,4580,263.0
HTTP_TASK,4580,264.0
HTTP_TASK,4590,262.0
HTTP_TASK,4590,262.0
HTTP_TASK,4590,262.0
HTTP_TASK,4590,264.0
HTTP_TASK,4600,263.0
HTTP_TASK,4600,264.0
HTTP_TASK,4600,265.5
HTTP_TASK,4600,331.0
HTTP_TASK,4610,264.0
HTTP_TASK,4610,264.0
HTTP_TASK,4610,264.0
HTTP_TASK,4610,264.5
HTTP_TASK,4620,265.0
HTTP_TASK,4620,266.0
HTTP_TASK,4620,266.5
HTTP_TASK,4620,267.0
HTTP_TASK,4620,273.0
HTTP_TASK,4620,343.0
HTTP_TASK,4620,348.0
HTTP_TASK,4620,402.0
HTTP_TASK,4630,266.0
HTTP_TASK,4630,266.0
HTTP_TASK,4630,266.0
HTTP_TASK,4630,268.0
HTTP_TASK,4640,267.0
HTTP_TASK,4640,267.0
HTTP_TASK,4640,268.0
HTTP_TASK,4640,269.0
HTTP_TASK,4650,269.0
HTTP_TASK,4650,269.0
HTTP_TASK,4650,271.0
HTTP_TASK,4650,273.5
HTTP_TASK,4670,269.0
HTTP_TASK,4670,270.0
HTTP_TASK,4670,270.0
HTTP_TASK,4670,270.0
HTTP_TASK,4670,270.0
HTTP_TASK,4670,270.0
HTTP_TASK,4670,270.0
HTTP_TASK,4670,270.5
HTTP_TASK,4670,271.0
HTTP_TASK,4670,271.5
HTTP_TASK,4670,272.5
HTTP_TASK,4670,274.0
HTTP_TASK,4690,271.0
HTTP_TASK,4690,271.0
HTTP_TASK,4690,272.0
HTTP_TASK,4690,272.0
HTTP_TASK,4690,272.0
HTTP_TASK,4690,272.0
HTTP_TASK,4690,272.0
HTTP_TASK,4690,272.0
HTTP_TASK,4690,272.0
HTTP_TASK,4690,272.5
HTTP_TASK,4690,273.0
HTTP_TASK,4690,273.5
HTTP_TASK,4690,274.0
HTTP_TASK,4690,274.0
HTTP_TASK,4690,276.5
HTTP_TASK,4690,281.5
HTTP_TASK,4700,273.0
HTTP_TASK,4700,273.0
HTTP_TASK,4700,273.0
HTTP_TASK,4700,273.5
HTTP_TASK,4700,274.0
HTTP_TASK,4700,274.0
HTTP_TASK,4700,275.0
HTTP_TASK,4700,275.0
HTTP_TASK,4700,276.0
HTTP_TASK,4700,277.0
HTTP_TASK,4700,278.0
HTTP_TASK,4700,278.0
HTTP_TASK,4720,275.0
HTTP_TASK,4720,275.0
HTTP_TASK,4720,275.0
HTTP_TASK,4720,275.0
HTTP_TASK,4730,275.0
HTTP_TASK,4730,276.0
HTTP_TASK,4730,276.0
HTTP_TASK,4730,276.5
HTTP_TASK,4730,277.0
HTTP_TASK,4730,277.0
HTTP_TASK,4730,279.5
HTTP_TASK,4730,280.0
HTTP_TASK,4740,276.0
HTTP_TASK,4740,281.5
HTTP_TASK,4740,283.0
HTTP_TASK,4740,289.0
HTTP_TASK,4750,277.0
HTTP_TASK,4750,278.0
HTTP_TASK,4750,278.0
HTTP_TASK,4750,278.0
HTTP_TASK,4750,279.0
HTTP_TASK,4750,279.0
HTTP_TASK,4750,281.0
HTTP_TASK,4750,281.0
HTTP_TASK,4760,278.0
HTTP_TASK,4760,278.0
HTTP_TASK,4760,278.0
HTTP_TASK,4760,279.0
HTTP_TASK,4760,279.0
HTTP_TASK,4760,279.0
HTTP_TASK,4760,279.0
HTTP_TASK,4760,280.5
HTTP_TASK,4770,280.0
HTTP_TASK,4770,280.0
HTTP_TASK,4770,280.0
HTTP_TASK,4770,280.0
HTTP_TASK,4770,280.5
HTTP_TASK,4770,282.0
HTTP_TASK,4770,282.5
HTTP_TASK,4770,282.5
HTTP_TASK,4780,280.0
HTTP_TASK,4780,281.0
HTTP_TASK,4780,281.5
HTTP_TASK,4780,282.0
HTTP_TASK,4780,282.0
HTTP_TASK,4780,282.0
HTTP_TASK,4780,282.0
HTTP_TASK,4780,286.0
HTTP_TASK,4810,283.0
HTTP_TASK,4810,283.0
HTTP_TASK,4810,283.0
HTTP_TASK,4810,283.0
HTTP_TASK,4810,284.0
HTTP_TASK,4810,284.0
HTTP_TASK,4810,284.0
HTTP_TASK,4810,284.0
HTTP_TASK,4820,284.0
HTTP_TASK,4820,284.0
HTTP_TASK,4820,286.0
HTTP_TASK,4820,286.0
HTTP_TASK,4860,289.0
HTTP_TASK,4860,289.0
HTTP_TASK,4860,290.0
HTTP_TASK,4860,294.0
HTTP_TASK,4880,290.0
HTTP_TASK,4880,291.0
HTTP_TASK,4880,291.0
HTTP_TASK,4880,291.0
HTTP_TASK,4880,291.0
HTTP_TASK,4880,291.0
HTTP_TASK,4880,291.0
HTTP_TASK,4880,291.0
HTTP_TASK,4890,292.0
HTTP_TASK,4890,292.0
HTTP_TASK,4890,292.0
HTTP_TASK,4890,293.0
HTTP_TASK,4910,295.0
HTTP_TASK,4910,295.0
HTTP_TASK,4910,296.0
HTTP_TASK,4910,296.0
HTTP_TASK,4920,294.0
HTTP_TASK,4920,294.0
HTTP_TASK,4920,296.0
HTTP_TASK,4920,297.0
HTTP_TASK,4920,298.0
HTTP_TASK,4920,298.5
HTTP_TASK,4920,299.0
HTTP_TASK,4920,299.0
HTTP_TASK,4970,299.0
HTTP_TASK,4970,299.0
HTTP_TASK,4970,300.0
HTTP_TASK,4970,300.0
HTTP_TASK,4970,300.0
HTTP_TASK,4970,300.0
HTTP_TASK,4970,300.5
HTTP_TASK,4970,301.0
HTTP_TASK,4970,301.0
HTTP_TASK,4970,302.0
HTTP_TASK,4970,303.0
HTTP_TASK,4970,303.0
HTTP_TASK,4980,302.0
HTTP_TASK,4980,303.0
HTTP_TASK,4980,304.0
HTTP_TASK,4980,304.0
HTTP_TASK,5000,302.0
HTTP_TASK,5000,302.0
HTTP_TASK,5000,302.0
HTTP_TASK,5000,302.0
HTTP_TASK,5000,303.0
HTTP_TASK,5000,304.0
HTTP_TASK,5000,305.0
HTTP_TASK,5000,307.0
MATRIX_TASK,80,1.0
MATRIX_TASK,80,1.0
MATRIX_TASK,80,1.0
MATRIX_TASK,80,2.0
MATRIX_TASK,82,1.0
MATRIX_TASK,82,1.0
MATRIX_TASK,82,1.0
MATRIX_TASK,82,1.0
MATRIX_TASK,82,1.0
MATRIX_TASK,82,1.0
MATRIX_TASK,82,1.0
MATRIX_TASK,82,1.0
MATRIX_TASK,82,1.0
MATRIX_TASK,82,1.0
MATRIX_TASK,82,1.0
MATRIX_TASK,82,1.0
MATRIX_TASK,82,1.0
MATRIX_TASK,82,1.0
MATRIX_TASK,82,1.5
MATRIX_TASK,82,3.0
MATRIX_TASK,83,1.0
MATRIX_TASK,83,1.0
MATRIX_TASK,83,1.0
MATRIX_TASK,83,2.0
MATRIX_TASK,83,2.0
MATRIX_TASK,83,2.0
MATRIX_TASK,83,3.0
MATRIX_TASK,83,3.0
MATRIX_TASK,84,1.0
MATRIX_TASK,84,1.0
MATRIX_TASK,84,1.0
MATRIX_TASK,84,1.0
MATRIX_TASK,84,1.5
MATRIX_TASK,84,1.5
MATRIX_TASK,84,5.0
MATRIX_TASK,84,5.0
MATRIX_TASK,85,1.0
MATRIX_TASK,85,1.0
MATRIX_TASK,85,1.0
MATRIX_TASK,85,1.5
MATRIX_TASK,86,1.0
MATRIX_TASK,86,1.0
MATRIX_TASK,86,1.0
MATRIX_TASK,86,1.0
MATRIX_TASK,86,1.0
MATRIX_TASK,86,2.0
MATRIX_TASK,87,1.0
MATRIX_TASK,87,1.0
MATRIX_TASK,87,3.0
MATRIX_TASK,87,4.0
MATRIX_TASK,88,1.0
MATRIX_TASK,88,1.0
MATRIX_TASK,88,1.0
MATRIX_TASK,88,1.0
MATRIX_TASK,88,1.5
MATRIX_TASK,88,1.5
MATRIX_TASK,88,1.5
MATRIX_TASK,88,1.5
MATRIX_TASK,89,1.0
MATRIX_TASK,89,1.0
MATRIX_TASK,89,1.0
MATRIX_TASK,89,1.0
MATRIX_TASK,90,1.0
MATRIX_TASK,90,1.0
MATRIX_TASK,90,1.0
MATRIX_TASK,90,1.0
MATRIX_TASK,90,1.0
MATRIX_TASK,90,1.0
MATRIX_TASK,90,1.0
MATRIX_TASK,90,1.0
MATRIX_TASK,90,1.0
MATRIX_TASK,90,2.0
MATRIX_TASK,90,2.0
MATRIX_TASK,90,3.0
MATRIX_TASK,91,1.0
MATRIX_TASK,91,2.0
MATRIX_TASK,91,3.0
MATRIX_TASK,91,3.5
MATRIX_TASK,92,1.0
MATRIX_TASK,92,1.0
MATRIX_TASK,92,1.0
MATRIX_TASK,92,1.0
MATRIX_TASK,92,1.0
MATRIX_TASK,92,1.0
MATRIX_TASK,92,1.0
MATRIX_TASK,92,1.0
MATRIX_TASK,92,1.0
MATRIX_TASK,92,1.0
MATRIX_TASK,92,1.0
MATRIX_TASK,92,1.0
MATRIX_TASK,92,2.0
MATRIX_TASK,92,2.0
MATRIX_TASK,92,2.5
MATRIX_TASK,92,3.0
MATRIX_TASK,95,1.0
MATRIX_TASK,95,1.0
MATRIX_TASK,95,2.0
MATRIX_TASK,95,2.0
MATRIX_TASK,95,2.5
MATRIX_TASK,95,3.0
MATRIX_TASK,95,3.5
MATRIX_TASK,95,6.0
MATRIX_TASK,96,1.0
MATRIX_TASK,96,1.0
MATRIX_TASK,96,1.0
MATRIX_TASK,96,2.0
MATRIX_TASK,96,2.0
MATRIX_TASK,96,2.0
MATRIX_TASK,96,2.0
MATRIX_TASK,96,2.0
MATRIX_TASK,96,2.5
MATRIX_TASK,96,3.0
MATRIX_TASK,96,4.0
MATRIX_TASK,96,14.0
MATRIX_TASK,97,1.0
MATRIX_TASK,97,1.0
MATRIX_TASK,97,1.0
MATRIX_TASK,97,1.0
MATRIX_TASK,98,1.0
MATRIX_TASK,98,1.0
MATRIX_TASK,98,1.0
MATRIX_TASK,98,1.5
MATRIX_TASK,98,2.0
MATRIX_TASK,98,2.0
MATRIX_TASK,98,3.0
MATRIX_TASK,98,6.5
MATRIX_TASK,99,1.0
MATRIX_TASK,99,1.5
MATRIX_TASK,99,2.0
MATRIX_TASK,99,2.0
MATRIX_TASK,99,2.0
MATRIX_TASK,99,2.0
MATRIX_TASK,99,2.0
MATRIX_TASK,99,2.5
MATRIX_TASK,99,3.0
MATRIX_TASK,99,3.0
MATRIX_TASK,99,3.0
MATRIX_TASK,100,1.0
MATRIX_TASK,100,1.0
MATRIX_TASK,100,2.0
MATRIX_TASK,100,2.5
MATRIX_TASK,101,1.0
MATRIX_TASK,101,1.5
MATRIX_TASK,101,2.0
MATRIX_TASK,101,2.0
MATRIX_TASK,101,2.0
MATRIX_TASK,101,2.0
MATRIX_TASK,101,3.0
MATRIX_TASK,101,3.0
MATRIX_TASK,101,4.0
MATRIX_TASK,101,4.0
MATRIX_TASK,101,4.5
MATRIX_TASK,101,10.5
MATRIX_TASK,102,1.0
MATRIX_TASK,102,1.0
MATRIX_TASK,102,1.0
MATRIX_TASK,102,2.0
MATRIX_TASK,102,2.0
MATRIX_TASK,102,2.0
MATRIX_TASK,102,2.0
MATRIX_TASK,102,2.0
MATRIX_TASK,102,3.0
MATRIX_TASK,102,3.0
MATRIX_TASK,102,3.5
MATRIX_TASK,102,3.5
MATRIX_TASK,102,4.0
MATRIX_TASK,102,4.0
MATRIX_TASK,102,4.0
MATRIX_TASK,102,4.5
MATRIX_TASK,102,5.5
MATRIX_TASK,102,6.0
MATRIX_TASK,102,8.0
MATRIX_TASK,103,1.0
MATRIX_TASK,103,1.0
MATRIX_TASK,103,1.0
MATRIX_TASK,103,1.0
MATRIX_TASK,103,2.0
MATRIX_TASK,103,2.0
MATRIX_TASK,103,2.0
MATRIX_TASK,103,2.5
MATRIX_TASK,104,1.0
MATRIX_TASK,104,1.0
MATRIX_TASK,104,2.0
MATRIX_TASK,104,2.0
MATRIX_TASK,104,2.0
MATRIX_TASK,104,2.5
MATRIX_TASK,104,6.0
MATRIX_TASK,104,13.0
MATRIX_TASK,105,1.0
MATRIX_TASK,105,1.0
MATRIX_TASK,105,2.0
MATRIX_TASK,105,2.0
MATRIX_TASK,105,2.5
MATRIX_TASK,105,2.5
MATRIX_TASK,105,3.0
MATRIX_TASK,105,3.0
MATRIX_TASK,106,1.0
MATRIX_TASK,106,1.0
MATRIX_TASK,106,2.0
MATRIX_TASK,106,2.0
MATRIX_TASK,106,2.0
MATRIX_TASK,106,2.0
MATRIX_TASK,106,2.0
MATRIX_TASK,106,3.0
MATRIX_TASK,106,3.5
MATRIX_TASK,106,4.0
MATRIX_TASK,106,6.5
MATRIX_TASK,106,8.5
MATRIX_TASK,107,1.0
MATRIX_TASK,107,2.0
MATRIX_TASK,107,2.0
MATRIX_TASK,107,2.0
MATRIX_TASK,107,2.5
MATRIX_TASK,107,2.5
MATRIX_TASK,107,3.0
MATRIX_TASK,107,5.0
MATRIX_TASK,109,2.0
MATRIX_TASK,109,2.0
MATRIX_TASK,109,2.0
MATRIX_TASK,109,2.0
MATRIX_TASK,109,2.0
MATRIX_TASK,109,3.0
MATRIX_TASK,109,3.5
MATRIX_TASK,109,13.0
MATRIX_TASK,110,2.0
MATRIX_TASK,110,3.0
MATRIX_TASK,110,4.0
MATRIX_TASK,110,9.0
MATRIX_TASK,111,2.0
MATRIX_TASK,111,2.0
MATRIX_TASK,111,2.0
MATRIX_TASK,111,3.0
MATRIX_TASK,112,2.0
MATRIX_TASK,112,3.0
MATRIX_TASK,112,3.0
MATRIX_TASK,112,5.0
MATRIX_TASK,113,2.0
MATRIX_TASK,113,2.0
MATRIX_TASK,113,2.0
MATRIX_TASK,113,2.0
MATRIX_TASK,113,3.0
MATRIX_TASK,113,3.0
MATRIX_TASK,113,3.5
MATRIX_TASK,113,5.0
MATRIX_TASK,114,2.0
MATRIX_TASK,114,2.0
MATRIX_TASK,114,2.0
MATRIX_TASK,114,2.0
MATRIX_TASK,114,2.0
MATRIX_TASK,114,3.0
MATRIX_TASK,114,4.0
MATRIX_TASK,114,4.5
MATRIX_TASK,116,2.0
MATRIX_TASK,116,2.0
MATRIX_TASK,116,2.0
MATRIX_TASK,116,3.0
MATRIX_TASK,116,3.5
MATRIX_TASK,116,4.0
MATRIX_TASK,116,5.5
MATRIX_TASK,116,6.0
MATRIX_TASK,116,6.0
MATRIX_TASK,116,6.0
MATRIX_TASK,116,7.0
MATRIX_TASK,116,8.0
MATRIX_TASK,117,2.0
MATRIX_TASK,117,2.0
MATRIX_TASK,117,2.0
MATRIX_TASK,117,2.0
MATRIX_TASK,117,2.0
MATRIX_TASK,117,3.0
MATRIX_TASK,117,3.0
MATRIX_TASK,117,3.0
MATRIX_TASK,117,3.0
MATRIX_TASK,117,4.0
MATRIX_TASK,117,6.0
MATRIX_TASK,118,2.0
MATRIX_TASK,118,2.0
MATRIX_TASK,118,2.0
MATRIX_TASK,118,2.5
MATRIX_TASK,118,3.0
MATRIX_TASK,118,3.0
MATRIX_TASK,118,3.0
MATRIX_TASK,118,3.5
MATRIX_TASK,118,4.0
MATRIX_TASK,118,4.0
MATRIX_TASK,118,4.5
MATRIX_TASK,118,4.5
MATRIX_TASK,118,4.5
MATRIX_TASK,118,5.0
MATRIX_TASK,118,5.0
MATRIX_TASK,119,2.0
MATRIX_TASK,119,2.0
MATRIX_TASK,119,3.0
MATRIX_TASK,119,3.0
MATRIX_TASK,119,3.0
MATRIX_TASK,119,3.0
MATRIX_TASK,119,4.5
MATRIX_TASK,119,6.5
MATRIX_TASK,120,2.0
MATRIX_TASK,120,2.0
MATRIX_TASK,120,2.0
MATRIX_TASK,120,2.0
MATRIX_TASK,120,3.0
MATRIX_TASK,120,3.0
MATRIX_TASK,120,3.0
MATRIX_TASK,120,3.0
MATRIX_TASK,120,3.5
MATRIX_TASK,120,4.0
MATRIX_TASK,120,4.0
MATRIX_TASK,120,6.0
MATRIX_TASK,121,2.0
MATRIX_TASK,121,2.0
MATRIX_TASK,121,3.0
MATRIX_TASK,121,3.0
MATRIX_TASK,121,3.0
MATRIX_TASK,121,3.5
MATRIX_TASK,121,3.5
MATRIX_TASK,121,4.0
MATRIX_TASK,124,3.0
MATRIX_TASK,124,4.0
MATRIX_TASK,124,4.0
MATRIX_TASK,124,6.5
MATRIX_TASK,125,3.0
MATRIX_TASK,125,3.0
MATRIX_TASK,125,4.0
MATRIX_TASK,125,5.0
MATRIX_TASK,127,4.5
MATRIX_TASK,127,6.5
MATRIX_TASK,127,7.5
MATRIX_TASK,127,12.5
MATRIX_TASK,128,3.0
MATRIX_TASK,128,3.0
MATRIX_TASK,128,3.0
MATRIX_TASK,128,3.0
MATRIX_TASK,128,3.0
MATRIX_TASK,128,4.0
MATRIX_TASK,128,4.5
MATRIX_TASK,128,5.0
MATRIX_TASK,128,5.0
MATRIX_TASK,128,6.0
MATRIX_TASK,128,6.0
MATRIX_TASK,128,12.0
MATRIX_TASK,128,17.0
MATRIX_TASK,129,3.0
MATRIX_TASK,129,4.0
MATRIX_TASK,129,5.0
MATRIX_TASK,129,5.0
MATRIX_TASK,129,5.0
MATRIX_TASK,129,6.5
MATRIX_TASK,129,7.0
MATRIX_TASK,129,11.5
MATRIX_TASK,130,3.0
MATRIX_TASK,130,3.0
MATRIX_TASK,130,3.0
MATRIX_TASK,130,4.0
MATRIX_TASK,130,4.0
MATRIX_TASK,130,5.0
MATRIX_TASK,130,6.5
MATRIX_TASK,130,8.5
MATRIX_TASK,131,3.0
MATRIX_TASK,131,3.0
MATRIX_TASK,131,3.0
MATRIX_TASK,131,3.0
MATRIX_TASK,131,3.0
MATRIX_TASK,131,3.0
MATRIX_TASK,131,3.0
MATRIX_TASK,131,4.0
MATRIX_TASK,131,4.0
MATRIX_TASK,131,5.5
MATRIX_TASK,131,8.0
MATRIX_TASK,131,9.0
MATRIX_TASK,132,3.0
MATRIX_TASK,132,3.0
MATRIX_TASK,132,4.0
MATRIX_TASK,132,4.0
MATRIX_TASK,132,4.5
MATRIX_TASK,132,5.0
MATRIX_TASK,132,5.0
MATRIX_TASK,132,6.0
MATRIX_TASK,133,3.0
MATRIX_TASK,133,4.0
MATRIX_TASK,133,4.0
MATRIX_TASK,133,5.0
MATRIX_TASK,133,5.0
MATRIX_TASK,133,5.0
MATRIX_TASK,133,5.0
MATRIX_TASK,133,6.0
MATRIX_TASK,134,3.0
MATRIX_TASK,134,4.0
MATRIX_TASK,134,4.0
MATRIX_TASK,134,4.0
MATRIX_TASK,134,4.0
MATRIX_TASK,134,4.0
MATRIX_TASK,134,5.0
MATRIX_TASK,134,5.0
MATRIX_TASK,135,5.0
MATRIX_TASK,135,6.0
MATRIX_TASK,135,7.0
MATRIX_TASK,135,13.0
MATRIX_TASK,136,4.0
MATRIX_TASK,136,4.0
MATRIX_TASK,136,4.0
MATRIX_TASK,136,4.0
MATRIX_TASK,136,4.0
MATRIX_TASK,136,4.5
MATRIX_TASK,136,4.5
MATRIX_TASK,136,5.0
MATRIX_TASK,136,5.0
MATRIX_TASK,136,6.0
MATRIX_TASK,136,6.0
MATRIX_TASK,136,7.0
MATRIX_TASK,137,3.0
MATRIX_TASK,137,3.0
MATRIX_TASK,137,4.0
MATRIX_TASK,137,4.0
MATRIX_TASK,137,4.0
MATRIX_TASK,137,4.0
MATRIX_TASK,137,4.5
MATRIX_TASK,137,4.5
MATRIX_TASK,137,5.0
MATRIX_TASK,137,5.0
MATRIX_TASK,137,5.0
MATRIX_TASK,137,5.0
MATRIX_TASK,138,3.0
MATRIX_TASK,138,3.0
MATRIX_TASK,138,4.0
MATRIX_TASK,138,5.5
MATRIX_TASK,139,3.0
MATRIX_TASK,139,3.0
MATRIX_TASK,139,4.0
MATRIX_TASK,139,4.0
MATRIX_TASK,139,4.0
MATRIX_TASK,139,4.5
MATRIX_TASK,139,5.0
MATRIX_TASK,139,5.0
MATRIX_TASK,139,6.0
MATRIX_TASK,139,7.0
MATRIX_TASK,139,7.0
MATRIX_TASK,139,15.0
MATRIX_TASK,140,3.0
MATRIX_TASK,140,4.0
MATRIX_TASK,140,4.0
MATRIX_TASK,140,4.0
MATRIX_TASK,140,4.5
MATRIX_TASK,140,6.0
MATRIX_TASK,140,12.0
MATRIX_TASK,141,4.0
MATRIX_TASK,141,4.0
MATRIX_TASK,141,4.0
MATRIX_TASK,141,4.0
MATRIX_TASK,141,4.0
MATRIX_TASK,141,4.0
MATRIX_TASK,141,4.0
MATRIX_TASK,141,4.0
MATRIX_TASK,141,4.0
MATRIX_TASK,141,4.0
MATRIX_TASK,141,4.5
MATRIX_TASK,141,5.0
MATRIX_TASK,141,6.0
MATRIX_TASK,141,6.0
MATRIX_TASK,141,6.0
MATRIX_TASK,141,7.0
MATRIX_TASK,142,4.0
MATRIX_TASK,142,4.0
MATRIX_TASK,142,4.0
MATRIX_TASK,142,4.0
MATRIX_TASK,142,4.0
MATRIX_TASK,142,4.0
MATRIX_TASK,142,5.5
MATRIX_TASK,142,6.0
MATRIX_TASK,143,4.0
MATRIX_TASK,143,4.0
MATRIX_TASK,143,4.0
MATRIX_TASK,143,4.0
MATRIX_TASK,143,4.0
MATRIX_TASK,143,4.0
MATRIX_TASK,143,4.0
MATRIX_TASK,143,4.0
MATRIX_TASK,143,4.0
MATRIX_TASK,143,4.5
MATRIX_TASK,143,4.5
MATRIX_TASK,143,5.0
MATRIX_TASK,143,5.0
MATRIX_TASK,143,6.0
MATRIX_TASK,143,6.0
MATRIX_TASK,143,6.0
MATRIX_TASK,143,6.0
MATRIX_TASK,143,6.0
MATRIX_TASK,143,8.0
MATRIX_TASK,143,26.0
MATRIX_TASK,144,4.0
MATRIX_TASK,144,4.0
MATRIX_TASK,144,4.0
MATRIX_TASK,144,5.0
MATRIX_TASK,144,5.0
MATRIX_TASK,144,5.0
MATRIX_TASK,144,5.0
MATRIX_TASK,144,5.0
MATRIX_TASK,144,5.5
MATRIX_TASK,144,6.0
MATRIX_TASK,144,6.0
MATRIX_TASK,144,6.0
MATRIX_TASK,144,7.0
MATRIX_TASK,144,7.0
MATRIX_TASK,144,7.0
MATRIX_TASK,144,7.5
MATRIX_TASK,144,8.0
MATRIX_TASK,144,8.0
MATRIX_TASK,144,8.0
MATRIX_TASK,144,10.0
MATRIX_TASK,145,4.0
MATRIX_TASK,145,4.0
MATRIX_TASK,145,4.5
MATRIX_TASK,145,4.5
MATRIX_TASK,145,5.0
MATRIX_TASK,145,5.0
MATRIX_TASK,145,6.0
MATRIX_TASK,145,6.0
MATRIX_TASK,145,6.0
MATRIX_TASK,145,8.0
MATRIX_TASK,145,16.0
MATRIX_TASK,145,18.0
MATRIX_TASK,146,4.0
MATRIX_TASK,146,5.0
MATRIX_TASK,146,5.0
MATRIX_TASK,146,6.5
MATRIX_TASK,146,7.0
MATRIX_TASK,146,7.0
MATRIX_TASK,146,7.0
MATRIX_TASK,146,9.0
MATRIX_TASK,147,4.0
MATRIX_TASK,147,5.0
MATRIX_TASK,147,5.5
MATRIX_TASK,147,6.0
MATRIX_TASK,147,6.0
MATRIX_TASK,147,7.0
MATRIX_TASK,147,7.0
MATRIX_TASK,147,7.0
MATRIX_TASK,147,7.5
MATRIX_TASK,147,9.0
MATRIX_TASK,147,9.0
MATRIX_TASK,148,5.0
MATRIX_TASK,148,6.0
MATRIX_TASK,148,7.0
MATRIX_TASK,148,9.0
MATRIX_TASK,149,4.0
MATRIX_TASK,149,4.0
MATRIX_TASK,149,4.0
MATRIX_TASK,149,4.0
MATRIX_TASK,149,4.0
MATRIX_TASK,149,4.0
MATRIX_TASK,149,4.0
MATRIX_TASK,149,5.0
MATRIX_TASK,149,5.0
MATRIX_TASK,149,5.0
MATRIX_TASK,149,5.0
MATRIX_TASK,149,5.0
MATRIX_TASK,149,6.0
MATRIX_TASK,149,6.5
MATRIX_TASK,149,6.5
MATRIX_TASK,149,7.0
MATRIX_TASK,150,4.0
MATRIX_TASK,150,5.0
MATRIX_TASK,150,5.0
MATRIX_TASK,150,5.5
MATRIX_TASK,150,5.5
MATRIX_TASK,150,5.5
MATRIX_TASK,150,6.0
MATRIX_TASK,150,6.0
MATRIX_TASK,150,6.0
MATRIX_TASK,150,6.0
MATRIX_TASK,150,7.0
MATRIX_TASK,150,7.0
MATRIX_TASK,150,7.5
MATRIX_TASK,150,7.5
MATRIX_TASK,150,8.5
MATRIX_TASK,150,9.0
MATRIX_TASK,150,11.0
MATRIX_TASK,150,14.0
MATRIX_TASK,150,18.0
MATRIX_TASK,150,18.5
MATRIX_TASK,151,4.0
MATRIX_TASK,151,5.0
MATRIX_TASK,151,5.0
MATRIX_TASK,151,5.0
MATRIX_TASK,151,5.0
MATRIX_TASK,151,6.0
MATRIX_TASK,151,6.0
MATRIX_TASK,151,7.0
MATRIX_TASK,151,9.0
MATRIX_TASK,151,10.0
MATRIX_TASK,151,13.0
MATRIX_TASK,151,36.0
MATRIX_TASK,152,5.0
MATRIX_TASK,152,5.0
MATRIX_TASK,152,9.0
MATRIX_TASK,152,10.0
MATRIX_TASK,154,5.5
MATRIX_TASK,154,6.0
MATRIX_TASK,154,6.0
MATRIX_TASK,154,6.0
MATRIX_TASK,154,7.0
MATRIX_TASK,154,7.0
MATRIX_TASK,154,8.5
MATRIX_TASK,154,12.5
MATRIX_TASK,155,5.0
MATRIX_TASK,155,5.0
MATRIX_TASK,155,5.0
MATRIX_TASK,155,6.0
MATRIX_TASK,155,6.0
MATRIX_TASK,155,6.0
MATRIX_TASK,155,6.0
MATRIX_TASK,155,6.0
MATRIX_TASK,155,6.0
MATRIX_TASK,155,6.5
MATRIX_TASK,155,7.0
MATRIX_TASK,155,7.0
MATRIX_TASK,155,7.0
MATRIX_TASK,155,7.5
MATRIX_TASK,155,8.0
MATRIX_TASK,155,18.0
MATRIX_TASK,156,5.0
MATRIX_TASK,156,5.0
MATRIX_TASK,156,5.0
MATRIX_TASK,156,5.0
MATRIX_TASK,156,5.0
MATRIX_TASK,156,5.0
MATRIX_TASK,156,6.0
MATRIX_TASK,156,6.0
MATRIX_TASK,156,6.5
MATRIX_TASK,156,6.5
MATRIX_TASK,156,7.0
MATRIX_TASK,156,8.5
MATRIX_TASK,156,9.0
MATRIX_TASK,156,9.0
MATRIX_TASK,156,9.5
MATRIX_TASK,156,25.0
MATRIX_TASK,157,5.0
MATRIX_TASK,157,5.0
MATRIX_TASK,157,5.0
MATRIX_TASK,157,6.0
MATRIX_TASK,157,7.0
MATRIX_TASK,157,7.0
MATRIX_TASK,157,8.0
MATRIX_TASK,157,8.5
MATRIX_TASK,157,10.0
MATRIX_TASK,157,10.0
MATRIX_TASK,157,16.5
MATRIX_TASK,157,20.5
MATRIX_TASK,158,6.0
MATRIX_TASK,158,7.0
MATRIX_TASK,158,7.0
MATRIX_TASK,158,7.0
MATRIX_TASK,158,7.0
MATRIX_TASK,158,7.0
MATRIX_TASK,158,7.0
MATRIX_TASK,158,8.0
MATRIX_TASK,158,8.0
MATRIX_TASK,158,9.0
MATRIX_TASK,158,9.0
MATRIX_TASK,158,9.0
MATRIX_TASK,158,9.0
MATRIX_TASK,158,11.0
MATRIX_TASK,158,14.0
MATRIX_TASK,158,16.0
MATRIX_TASK,159,5.0
MATRIX_TASK,159,6.0
MATRIX_TASK,159,6.0
MATRIX_TASK,159,7.0
MATRIX_TASK,159,7.0
MATRIX_TASK,159,7.0
MATRIX_TASK,159,8.0
MATRIX_TASK,159,8.0
MATRIX_TASK,159,9.0
MATRIX_TASK,159,12.0
MATRIX_TASK,159,13.0
MATRIX_TASK,159,13.5
MATRIX_TASK,160,5.0
MATRIX_TASK,160,6.0
MATRIX_TASK,160,6.0
MATRIX_TASK,160,6.0
MATRIX_TASK,160,7.0
MATRIX_TASK,160,7.0
MATRIX_TASK,160,8.0
MATRIX_TASK,160,16.0
MATRIX_TASK,161,6.0
MATRIX_TASK,161,6.0
MATRIX_TASK,161,6.0
MATRIX_TASK,161,7.5
MATRIX_TASK,161,9.0
MATRIX_TASK,161,9.0
MATRIX_TASK,161,14.0
MATRIX_TASK,161,18.5
MATRIX_TASK,162,5.0
MATRIX_TASK,162,5.0
MATRIX_TASK,162,6.0
MATRIX_TASK,162,6.0
MATRIX_TASK,162,7.0
MATRIX_TASK,162,7.0
MATRIX_TASK,162,7.0
MATRIX_TASK,162,8.0
MATRIX_TASK,162,9.0
MATRIX_TASK,162,10.0
MATRIX_TASK,162,12.0
MATRIX_TASK,162,13.0
MATRIX_TASK,163,6.0
MATRIX_TASK,163,6.0
MATRIX_TASK,163,6.0
MATRIX_TASK,163,8.0
MATRIX_TASK,163,8.0
MATRIX_TASK,163,9.0
MATRIX_TASK,163,9.0
MATRIX_TASK,163,9.0
MATRIX_TASK,164,6.0
MATRIX_TASK,164,6.0
MATRIX_TASK,164,6.0
MATRIX_TASK,164,6.0
MATRIX_TASK,164,6.0
MATRIX_TASK,164,7.0
MATRIX_TASK,164,7.0
MATRIX_TASK,164,7.0
MATRIX_TASK,164,7.5
MATRIX_TASK,164,8.0
MATRIX_TASK,164,9.0
MATRIX_TASK,164,9.5
MATRIX_TASK,165,6.0
MATRIX_TASK,165,6.0
MATRIX_TASK,165,6.5
MATRIX_TASK,165,6.5
MATRIX_TASK,165,9.0
MATRIX_TASK,165,9.0
MATRIX_TASK,165,9.0
MATRIX_TASK,165,11.0
MATRIX_TASK,166,6.0
MATRIX_TASK,166,6.0
MATRIX_TASK,166,6.0
MATRIX_TASK,166,6.0
MATRIX_TASK,166,7.0
MATRIX_TASK,166,7.5
MATRIX_TASK,166,8.0
MATRIX_TASK,166,8.0
MATRIX_TASK,166,8.5
MATRIX_TASK,166,9.0
MATRIX_TASK,166,10.0
MATRIX_TASK,166,10.0
MATRIX_TASK,166,10.0
MATRIX_TASK,166,11.0
MATRIX_TASK,166,12.0
MATRIX_TASK,166,14.5
MATRIX_TASK,166,25.5
MATRIX_TASK,166,30.0
MATRIX_TASK,166,43.0
MATRIX_TASK,166,52.0
MATRIX_TASK,167,8.0
MATRIX_TASK,167,8.0
MATRIX_TASK,167,8.0
MATRIX_TASK,167,8.5
MATRIX_TASK,167,9.0
MATRIX_TASK,167,9.0
MATRIX_TASK,167,9.0
MATRIX_TASK,167,9.0
MATRIX_TASK,168,6.0
MATRIX_TASK,168,7.0
MATRIX_TASK,168,8.0
MATRIX_TASK,168,9.0
MATRIX_TASK,168,9.0
MATRIX_TASK,168,12.0
MATRIX_TASK,168,12.5
MATRIX_TASK,168,12.5
MATRIX_TASK,168,13.0
MATRIX_TASK,168,17.0
MATRIX_TASK,168,22.0
MATRIX_TASK,168,25.0
MATRIX_TASK,168,29.0
MATRIX_TASK,168,29.0
MATRIX_TASK,169,6.0
MATRIX_TASK,169,7.5
MATRIX_TASK,169,8.0
MATRIX_TASK,169,9.0
MATRIX_TASK,169,9.0
MATRIX_TASK,169,12.0
MATRIX_TASK,169,13.0
MATRIX_TASK,169,13.5
MATRIX_TASK,170,8.0
MATRIX_TASK,170,10.0
MATRIX_TASK,170,12.0
MATRIX_TASK,170,16.0
MATRIX_TASK,172,7.0
MATRIX_TASK,172,7.5
MATRIX_TASK,172,7.5
MATRIX_TASK,172,11.0
MATRIX_TASK,172,11.0
MATRIX_TASK,172,12.0
MATRIX_TASK,172,12.5
MATRIX_TASK,172,13.0
MATRIX_TASK,172,14.0
MATRIX_TASK,172,15.0
MATRIX_TASK,172,15.0
MATRIX_TASK,172,24.0
MATRIX_TASK,173,7.0
MATRIX_TASK,173,8.0
MATRIX_TASK,173,8.0
MATRIX_TASK,173,8.0
MATRIX_TASK,173,8.0
MATRIX_TASK,173,10.0
MATRIX_TASK,173,10.0
MATRIX_TASK,173,11.5
MATRIX_TASK,173,12.0
MATRIX_TASK,173,13.0
MATRIX_TASK,173,14.0
MATRIX_TASK,173,21.0
MATRIX_TASK,173,33.0
MATRIX_TASK,173,53.0
MATRIX_TASK,173,55.0
MATRIX_TASK,174,8.0
MATRIX_TASK,174,8.0
MATRIX_TASK,174,8.0
MATRIX_TASK,174,8.0
MATRIX_TASK,174,9.0
MATRIX_TASK,174,9.0
MATRIX_TASK,174,11.5
MATRIX_TASK,174,14.0
MATRIX_TASK,175,7.0
MATRIX_TASK,175,7.0
MATRIX_TASK,175,7.0
MATRIX_TASK,175,7.5
MATRIX_TASK,175,8.0
MATRIX_TASK,175,8.0
MATRIX_TASK,175,8.0
MATRIX_TASK,175,8.5
MATRIX_TASK,175,9.0
MATRIX_TASK,175,10.0
MATRIX_TASK,175,10.0
MATRIX_TASK,175,10.5
MATRIX_TASK,175,11.0
MATRIX_TASK,175,11.0
MATRIX_TASK,175,12.0
MATRIX_TASK,175,12.5
MATRIX_TASK,175,13.0
MATRIX_TASK,175,14.0
MATRIX_TASK,175,24.0
MATRIX_TASK,176,7.0
MATRIX_TASK,176,7.0
MATRIX_TASK,176,8.0
MATRIX_TASK,176,12.0
MATRIX_TASK,177,8.0
MATRIX_TASK,177,8.0
MATRIX_TASK,177,8.0
MATRIX_TASK,177,9.0
MATRIX_TASK,177,10.0
MATRIX_TASK,177,10.5
MATRIX_TASK,177,11.0
MATRIX_TASK,177,11.0
MATRIX_TASK,177,12.5
MATRIX_TASK,177,14.0
MATRIX_TASK,177,14.5
MATRIX_TASK,177,15.0
MATRIX_TASK,178,7.0
MATRIX_TASK,178,7.0
MATRIX_TASK,178,8.0
MATRIX_TASK,178,8.0
MATRIX_TASK,178,10.0
MATRIX_TASK,178,11.0
MATRIX_TASK,178,12.0
MATRIX_TASK,178,12.5
MATRIX_TASK,178,15.0
MATRIX_TASK,178,17.0
MATRIX_TASK,178,18.0
MATRIX_TASK,178,22.5
MATRIX_TASK,178,23.5
MATRIX_TASK,178,61.0
MATRIX_TASK,178,98.0
MATRIX_TASK,179,8.0
MATRIX_TASK,179,9.0
MATRIX_TASK,179,9.0
MATRIX_TASK,179,9.5
MATRIX_TASK,179,10.0
MATRIX_TASK,179,12.5
MATRIX_TASK,179,14.0
MATRIX_TASK,179,15.0
MATRIX_TASK,181,8.0
MATRIX_TASK,181,8.0
MATRIX_TASK,181,13.5
MATRIX_TASK,181,14.0
MATRIX_TASK,182,8.0
MATRIX_TASK,182,9.0
MATRIX_TASK,182,9.0
MATRIX_TASK,182,9.0
MATRIX_TASK,182,11.0
MATRIX_TASK,182,11.0
MATRIX_TASK,182,11.0
MATRIX_TASK,182,12.5
MATRIX_TASK,184,8.0
MATRIX_TASK,184,9.5
MATRIX_TASK,184,11.0
MATRIX_TASK,184,12.0
MATRIX_TASK,185,8.0
MATRIX_TASK,185,8.0
MATRIX_TASK,185,8.5
MATRIX_TASK,185,9.0
MATRIX_TASK,185,9.0
MATRIX_TASK,185,10.5
MATRIX_TASK,185,11.0
MATRIX_TASK,185,11.5
MATRIX_TASK,185,13.0
MATRIX_TASK,185,16.5
MATRIX_TASK,185,17.0
MATRIX_TASK,185,18.0
MATRIX_TASK,186,10.0
MATRIX_TASK,186,12.0
MATRIX_TASK,186,15.5
MATRIX_TASK,186,21.0
MATRIX_TASK,187,9.0
MATRIX_TASK,187,9.0
MATRIX_TASK,187,10.0
MATRIX_TASK,187,10.5
MATRIX_TASK,187,12.0
MATRIX_TASK,187,12.0
MATRIX_TASK,187,15.0
MATRIX_TASK,187,23.0
MATRIX_TASK,188,9.0
MATRIX_TASK,188,10.0
MATRIX_TASK,188,13.0
MATRIX_TASK,188,15.5
MATRIX_TASK,189,9.0
MATRIX_TASK,189,9.0
MATRIX_TASK,189,9.0
MATRIX_TASK,189,9.0
MATRIX_TASK,189,10.0
MATRIX_TASK,189,11.0
MATRIX_TASK,189,11.0
MATRIX_TASK,189,12.0
MATRIX_TASK,189,14.0
MATRIX_TASK,189,17.0
MATRIX_TASK,189,19.0
MATRIX_TASK,189,20.0
MATRIX_TASK,190,11.5
MATRIX_TASK,190,11.5
MATRIX_TASK,190,12.5
MATRIX_TASK,190,13.0
MATRIX_TASK,190,13.0
MATRIX_TASK,190,15.0
MATRIX_TASK,190,15.0
MATRIX_TASK,190,17.0
MATRIX_TASK,190,17.0
MATRIX_TASK,190,18.5
MATRIX_TASK,190,18.5
MATRIX_TASK,190,28.0
MATRIX_TASK,191,10.0
MATRIX_TASK,191,10.0
MATRIX_TASK,191,10.0
MATRIX_TASK,191,10.5
MATRIX_TASK,192,9.0
MATRIX_TASK,192,10.0
MATRIX_TASK,192,10.0
MATRIX_TASK,192,10.5
MATRIX_TASK,192,11.0
MATRIX_TASK,192,11.0
MATRIX_TASK,192,12.0
MATRIX_TASK,192,12.0
MATRIX_TASK,192,13.0
MATRIX_TASK,192,13.0
MATRIX_TASK,192,13.0
MATRIX_TASK,192,15.0
MATRIX_TASK,193,10.0
MATRIX_TASK,193,10.5
MATRIX_TASK,193,11.0
MATRIX_TASK,193,12.0
MATRIX_TASK,193,12.0
MATRIX_TASK,193,12.5
MATRIX_TASK,193,14.0
MATRIX_TASK,193,14.0
MATRIX_TASK,193,19.0
MATRIX_TASK,193,23.0
MATRIX_TASK,193,26.0
MATRIX_TASK,193,31.0
MATRIX_TASK,194,11.0
MATRIX_TASK,194,13.0
MATRIX_TASK,194,20.0
MATRIX_TASK,195,12.0
MATRIX_TASK,195,13.5
MATRIX_TASK,195,17.0
MATRIX_TASK,195,18.0
MATRIX_TASK,196,17.0
MATRIX_TASK,196,17.0
MATRIX_TASK,196,22.0
MATRIX_TASK,196,31.5
MATRIX_TASK,197,11.0
MATRIX_TASK,197,11.0
MATRIX_TASK,197,14.0
MATRIX_TASK,197,14.0
MATRIX_TASK,198,11.0
MATRIX_TASK,198,11.0
MATRIX_TASK,198,11.5
MATRIX_TASK,198,12.0
MATRIX_TASK,198,13.0
MATRIX_TASK,198,14.0
MATRIX_TASK,198,14.0
MATRIX_TASK,198,19.5
MATRIX_TASK,199,13.0
MATRIX_TASK,199,14.0
MATRIX_TASK,199,23.0
MATRIX_TASK,199,41.0
MATRIX_TASK,200,11.0
MATRIX_TASK,200,11.0
MATRIX_TASK,200,11.0
MATRIX_TASK,200,11.0
MATRIX_TASK,200,11.0
MATRIX_TASK,200,11.0
MATRIX_TASK,200,11.0
MATRIX_TASK,200,12.0
MATRIX_TASK,200,13.0
MATRIX_TASK,200,14.0
MATRIX_TASK,200,14.0
MATRIX_TASK,200,21.0
MATRIX_TASK,201,11.0
MATRIX_TASK,201,12.0
MATRIX_TASK,201,12.0
MATRIX_TASK,201,13.0
MATRIX_TASK,201,18.0
MATRIX_TASK,201,18.5
MATRIX_TASK,201,20.0
MATRIX_TASK,201,22.0
MATRIX_TASK,201,23.0
MATRIX_TASK,201,23.0
MATRIX_TASK,201,24.0
MATRIX_TASK,201,24.5
MATRIX_TASK,202,11.0
MATRIX_TASK,202,13.0
MATRIX_TASK,202,18.0
MATRIX_TASK,202,20.0
MATRIX_TASK,203,13.0
MATRIX_TASK,203,14.0
MATRIX_TASK,203,17.0
MATRIX_TASK,203,17.5
MATRIX_TASK,203,18.0
MATRIX_TASK,203,18.0
MATRIX_TASK,203,19.0
MATRIX_TASK,203,35.0
MATRIX_TASK,204,11.0
MATRIX_TASK,204,11.0
MATRIX_TASK,204,12.0
MATRIX_TASK,204,12.5
MATRIX_TASK,204,14.0
MATRIX_TASK,204,17.0
MATRIX_TASK,204,19.0
MATRIX_TASK,204,22.5
MATRIX_TASK,204,25.0
MATRIX_TASK,204,32.0
MATRIX_TASK,205,15.0
MATRIX_TASK,205,16.0
MATRIX_TASK,205,17.0
MATRIX_TASK,205,17.5
MATRIX_TASK,205,19.0
MATRIX_TASK,205,34.0
MATRIX_TASK,205,36.0
MATRIX_TASK,206,13.0
MATRIX_TASK,206,14.5
MATRIX_TASK,206,15.0
MATRIX_TASK,206,20.5
MATRIX_TASK,207,12.0
MATRIX_TASK,207,15.0
MATRIX_TASK,207,17.0
MATRIX_TASK,207,21.0
MATRIX_TASK,209,12.0
MATRIX_TASK,209,13.0
MATRIX_TASK,209,13.0
MATRIX_TASK,209,14.0
MATRIX_TASK,209,18.5
MATRIX_TASK,209,20.0
MATRIX_TASK,209,25.5
MATRIX_TASK,209,29.0
MATRIX_TASK,210,12.0
MATRIX_TASK,210,15.0
MATRIX_TASK,210,16.5
MATRIX_TASK,210,27.0
MATRIX_TASK,211,16.0
MATRIX_TASK,211,17.5
MATRIX_TASK,211,22.0
MATRIX_TASK,211,38.0
MATRIX_TASK,212,14.0
MATRIX_TASK,212,14.5
MATRIX_TASK,212,18.5
MATRIX_TASK,212,19.0
MATRIX_TASK,212,21.5
MATRIX_TASK,212,22.0
MATRIX_TASK,212,22.0
MATRIX_TASK,212,31.0
MATRIX_TASK,213,13.0
MATRIX_TASK,213,14.0
MATRIX_TASK,213,14.0
MATRIX_TASK,213,17.0
MATRIX_TASK,214,13.0
MATRIX_TASK,214,13.0
MATRIX_TASK,214,13.0
MATRIX_TASK,214,13.5
MATRIX_TASK,214,14.0
MATRIX_TASK,214,14.0
MATRIX_TASK,214,14.5
MATRIX_TASK,214,15.0
MATRIX_TASK,214,15.5
MATRIX_TASK,214,16.0
MATRIX_TASK,214,16.0
MATRIX_TASK,214,16.0
MATRIX_TASK,214,17.0
MATRIX_TASK,214,19.0
MATRIX_TASK,214,19.5
MATRIX_TASK,214,20.0
MATRIX_TASK,214,21.0
MATRIX_TASK,214,21.5
MATRIX_TASK,214,23.0
MATRIX_TASK,214,25.0
MATRIX_TASK,215,14.0
MATRIX_TASK,215,14.0
MATRIX_TASK,215,15.0
MATRIX_TASK,215,15.0
MATRIX_TASK,215,15.0
MATRIX_TASK,215,16.0
MATRIX_TASK,215,19.0
MATRIX_TASK,215,19.5
MATRIX_TASK,215,21.0
MATRIX_TASK,215,21.0
MATRIX_TASK,215,21.5
MATRIX_TASK,215,25.0
MATRIX_TASK,215,25.0
MATRIX_TASK,215,27.0
MATRIX_TASK,215,39.0
MATRIX_TASK,215,40.0
MATRIX_TASK,216,14.0
MATRIX_TASK,216,14.0
MATRIX_TASK,216,15.0
MATRIX_TASK,216,16.0
MATRIX_TASK,216,16.0
MATRIX_TASK,216,18.0
MATRIX_TASK,216,20.5
MATRIX_TASK,216,24.0
MATRIX_TASK,216,32.0
MATRIX_TASK,216,37.0
MATRIX_TASK,216,45.0
MATRIX_TASK,217,14.5
MATRIX_TASK,217,15.0
MATRIX_TASK,217,19.0
MATRIX_TASK,217,20.0
MATRIX_TASK,217,22.0
MATRIX_TASK,217,24.0
MATRIX_TASK,217,24.0
MATRIX_TASK,217,27.0
MATRIX_TASK,218,15.0
MATRIX_TASK,218,18.0
MATRIX_TASK,218,19.0
MATRIX_TASK,218,27.0
MATRIX_TASK,219,14.0
MATRIX_TASK,219,16.0
MATRIX_TASK,219,17.0
MATRIX_TASK,219,18.5
MATRIX_TASK,219,18.5
MATRIX_TASK,219,19.0
MATRIX_TASK,219,25.0
MATRIX_TASK,219,35.0
MATRIX_TASK,221,15.0
MATRIX_TASK,221,15.0
MATRIX_TASK,221,15.0
MATRIX_TASK,221,19.0
MATRIX_TASK,221,22.0
MATRIX_TASK,221,23.0
MATRIX_TASK,221,23.0
MATRIX_TASK,221,27.0
MATRIX_TASK,222,17.0
MATRIX_TASK,222,18.0
MATRIX_TASK,222,23.0
MATRIX_TASK,222,32.0
MATRIX_TASK,225,22.0
MATRIX_TASK,225,25.0
MATRIX_TASK,225,32.0
MATRIX_TASK,225,35.0
MATRIX_TASK,227,16.0
MATRIX_TASK,227,16.5
MATRIX_TASK,227,17.5
MATRIX_TASK,227,21.0
MATRIX_TASK,228,17.0
MATRIX_TASK,228,18.0
MATRIX_TASK,228,18.0
MATRIX_TASK,228,18.0
MATRIX_TASK,228,18.5
MATRIX_TASK,228,21.0
MATRIX_TASK,228,21.0
MATRIX_TASK,228,21.0
MATRIX_TASK,228,23.0
MATRIX_TASK,228,24.0
MATRIX_TASK,228,27.0
MATRIX_TASK,228,36.0
MATRIX_TASK,229,18.0
MATRIX_TASK,229,20.0
MATRIX_TASK,229,25.0
MATRIX_TASK,229,27.5
MATRIX_TASK,229,34.0
MATRIX_TASK,229,36.0
MATRIX_TASK,229,38.0
MATRIX_TASK,229,49.0
MATRIX_TASK,231,19.5
MATRIX_TASK,231,21.0
MATRIX_TASK,231,22.0
MATRIX_TASK,231,23.0
MATRIX_TASK,232,17.0
MATRIX_TASK,232,18.0
MATRIX_TASK,232,20.0
MATRIX_TASK,232,22.0
MATRIX_TASK,232,26.0
MATRIX_TASK,232,28.0
MATRIX_TASK,232,28.0
MATRIX_TASK,232,35.0
MATRIX_TASK,233,26.0
MATRIX_TASK,233,26.0
MATRIX_TASK,233,38.0
MATRIX_TASK,234,17.5
MATRIX_TASK,234,18.0
MATRIX_TASK,234,20.0
MATRIX_TASK,234,23.0
MATRIX_TASK,234,26.0
MATRIX_TASK,234,28.0
MATRIX_TASK,234,39.0
MATRIX_TASK,236,18.0
MATRIX_TASK,236,18.0
MATRIX_TASK,236,21.0
MATRIX_TASK,236,39.0
MATRIX_TASK,239,20.0
MATRIX_TASK,239,21.0
MATRIX_TASK,239,23.0
MATRIX_TASK,239,24.0
MATRIX_TASK,239,24.0
MATRIX_TASK,239,26.0
MATRIX_TASK,239,26.0
MATRIX_TASK,239,26.0
MATRIX_TASK,239,26.5
MATRIX_TASK,239,36.5
MATRIX_TASK,239,48.0
MATRIX_TASK,239,58.0
MATRIX_TASK,240,21.0
MATRIX_TASK,240,22.0
MATRIX_TASK,240,34.0
MATRIX_TASK,240,38.5
MATRIX_TASK,241,25.0
MATRIX_TASK,241,26.0
MATRIX_TASK,241,35.0
MATRIX_TASK,241,47.0
MATRIX_TASK,244,22.0
MATRIX_TASK,244,23.0
MATRIX_TASK,244,24.0
MATRIX_TASK,244,25.0
MATRIX_TASK,244,27.0
MATRIX_TASK,244,31.0
MATRIX_TASK,244,32.0
MATRIX_TASK,244,33.0
MATRIX_TASK,244,33.0
MATRIX_TASK,244,43.5
MATRIX_TASK,244,45.0
MATRIX_TASK,244,73.0
MATRIX_TASK,247,23.0
MATRIX_TASK,247,24.0
MATRIX_TASK,247,25.0
MATRIX_TASK,247,25.0
MATRIX_TASK,247,26.0
MATRIX_TASK,247,27.0
MATRIX_TASK,247,28.0
MATRIX_TASK,247,37.0
MATRIX_TASK,248,22.0
MATRIX_TASK,248,22.0
MATRIX_TASK,248,25.5
MATRIX_TASK,248,26.0
MATRIX_TASK,248,37.0
MATRIX_TASK,248,38.0
MATRIX_TASK,248,39.0
MATRIX_TASK,248,44.5
MATRIX_TASK,248,46.0
MATRIX_TASK,248,55.0
MATRIX_TASK,248,60.0
MATRIX_TASK,249,23.5
MATRIX_TASK,249,25.0
MATRIX_TASK,249,25.0
MATRIX_TASK,249,31.5
MATRIX_TASK,251,26.0
MATRIX_TASK,251,27.0
MATRIX_TASK,251,32.0
MATRIX_TASK,251,32.0
MATRIX_TASK,252,23.0
MATRIX_TASK,252,26.0
MATRIX_TASK,252,35.0
MATRIX_TASK,252,38.0
MATRIX_TASK,253,28.5
MATRIX_TASK,253,29.0
MATRIX_TASK,253,30.0
MATRIX_TASK,253,31.0
MATRIX_TASK,253,34.0
MATRIX_TASK,253,36.0
MATRIX_TASK,253,39.0
MATRIX_TASK,253,56.0
MATRIX_TASK,254,29.0
MATRIX_TASK,254,29.0
MATRIX_TASK,254,32.0
MATRIX_TASK,254,32.0
MATRIX_TASK,254,35.0
MATRIX_TASK,254,35.0
MATRIX_TASK,254,36.0
MATRIX_TASK,254,43.0
MATRIX_TASK,254,43.5
MATRIX_TASK,254,44.0
MATRIX_TASK,254,62.5
MATRIX_TASK,254,71.0
MATRIX_TASK,255,24.5
MATRIX_TASK,255,25.5
MATRIX_TASK,255,31.0
MATRIX_TASK,255,51.0
MATRIX_TASK,256,35.5
MATRIX_TASK,256,41.0
MATRIX_TASK,256,63.0
MATRIX_TASK,259,29.0
MATRIX_TASK,259,30.0
MATRIX_TASK,259,33.5
MATRIX_TASK,259,54.0
MATRIX_TASK,261,27.5
MATRIX_TASK,261,30.0
MATRIX_TASK,261,31.5
MATRIX_TASK,261,32.0
MATRIX_TASK,261,33.0
MATRIX_TASK,261,33.5
MATRIX_TASK,261,39.0
MATRIX_TASK,261,40.0
MATRIX_TASK,262,26.5
MATRIX_TASK,262,33.5
MATRIX_TASK,262,36.0
MATRIX_TASK,262,40.0
MATRIX_TASK,262,48.0
MATRIX_TASK,262,55.0
MATRIX_TASK,262,63.0
MATRIX_TASK,263,27.0
MATRIX_TASK,263,28.0
MATRIX_TASK,263,29.0
MATRIX_TASK,263,29.0
MATRIX_TASK,263,30.0
MATRIX_TASK,263,31.0
MATRIX_TASK,263,32.0
MATRIX_TASK,263,38.5
MATRIX_TASK,263,41.0
MATRIX_TASK,263,44.5
MATRIX_TASK,263,49.0
MATRIX_TASK,263,50.5
MATRIX_TASK,263,51.0
MATRIX_TASK,263,53.0
MATRIX_TASK,263,56.0
MATRIX_TASK,267,28.0
MATRIX_TASK,267,28.0
MATRIX_TASK,267,28.0
MATRIX_TASK,267,28.0
MATRIX_TASK,267,28.0
MATRIX_TASK,267,39.0
MATRIX_TASK,267,41.5
MATRIX_TASK,267,68.0
MATRIX_TASK,268,29.0
MATRIX_TASK,268,30.0
MATRIX_TASK,268,30.5
MATRIX_TASK,268,32.0
MATRIX_TASK,268,34.5
MATRIX_TASK,268,37.0
MATRIX_TASK,268,38.0
MATRIX_TASK,268,39.5
MATRIX_TASK,268,41.0
MATRIX_TASK,268,44.5
MATRIX_TASK,268,63.0
MATRIX_TASK,268,70.0
MATRIX_TASK,270,29.0
MATRIX_TASK,270,33.0
MATRIX_TASK,270,33.0
MATRIX_TASK,270,36.0
MATRIX_TASK,270,46.0
MATRIX_TASK,270,50.0
MATRIX_TASK,270,56.0
MATRIX_TASK,271,31.0
MATRIX_TASK,271,40.0
MATRIX_TASK,271,46.0
MATRIX_TASK,271,64.0
MATRIX_TASK,272,30.5
MATRIX_TASK,272,32.0
MATRIX_TASK,272,33.0
MATRIX_TASK,272,34.0
MATRIX_TASK,272,35.0
MATRIX_TASK,272,38.0
MATRIX_TASK,272,45.0
MATRIX_TASK,272,47.5
MATRIX_TASK,272,48.0
MATRIX_TASK,272,51.0
MATRIX_TASK,272,57.0
MATRIX_TASK,272,60.0
MATRIX_TASK,273,32.5
MATRIX_TASK,273,35.0
MATRIX_TASK,273,44.0
MATRIX_TASK,273,45.0
MATRIX_TASK,274,35.0
MATRIX_TASK,274,35.5
MATRIX_TASK,274,38.0
MATRIX_TASK,274,57.0
MATRIX_TASK,276,33.5
MATRIX_TASK,276,40.0
MATRIX_TASK,276,40.5
MATRIX_TASK,276,41.0
MATRIX_TASK,279,34.0
MATRIX_TASK,279,63.0
MATRIX_TASK,279,93.0
MATRIX_TASK,279,112.0
MATRIX_TASK,280,36.0
MATRIX_TASK,280,39.0
MATRIX_TASK,280,42.0
MATRIX_TASK,280,44.5
MATRIX_TASK,302,47.5
MATRIX_TASK,302,59.0
MATRIX_TASK,302,62.0
MATRIX_TASK,302,78.5
MATRIX_TASK,305,46.5
MATRIX_TASK,305,53.5
MATRIX_TASK,305,57.0
MATRIX_TASK,305,67.0
MATRIX_TASK,308,45.0
MATRIX_TASK,308,45.0
MATRIX_TASK,308,51.0
MATRIX_TASK,308,69.0
MATRIX_TASK,315,58.0
MATRIX_TASK,315,66.0
MATRIX_TASK,315,72.5
MATRIX_TASK,315,106.0
MATRIX_TASK,326,54.0
MATRIX_TASK,326,75.0
MATRIX_TASK,326,94.5
MATRIX_TASK,326,190.0
MATRIX_TASK,332,66.0
MATRIX_TASK,332,77.0
MATRIX_TASK,332,97.0
MATRIX_TASK,332,146.0
MATRIX_TASK,334,57.0
MATRIX_TASK,334,61.0
MATRIX_TASK,334,98.0
MATRIX_TASK,334,101.0
MATRIX_TASK,345,92.5
MATRIX_TASK,345,117.0
MATRIX_TASK,345,146.0
MATRIX_TASK,345,148.0
MATRIX_TASK,353,70.0
MATRIX_TASK,353,72.0
MATRIX_TASK,353,80.0
MATRIX_TASK,353,82.0
MATRIX_TASK,357,115.0
MATRIX_TASK,357,127.0
MATRIX_TASK,357,158.5
MATRIX_TASK,357,254.0
MATRIX_TASK,360,74.0
MATRIX_TASK,360,81.0
MATRIX_TASK,360,85.0
MATRIX_TASK,360,87.0
MATRIX_TASK,360,105.0
MATRIX_TASK,360,111.5
MATRIX_TASK,360,169.0
MATRIX_TASK,360,311.0
MATRIX_TASK,362,78.0
MATRIX_TASK,362,80.0
MATRIX_TASK,362,81.0
MATRIX_TASK,362,82.0
MATRIX_TASK,364,83.0
MATRIX_TASK,364,86.5
MATRIX_TASK,364,90.0
MATRIX_TASK,364,98.5
MATRIX_TASK,367,81.0
MATRIX_TASK,367,97.5
MATRIX_TASK,367,98.5
MATRIX_TASK,367,140.0
MATRIX_TASK,372,81.0
MATRIX_TASK,372,92.0
MATRIX_TASK,372,103.5
MATRIX_TASK,372,106.0
MATRIX_TASK,373,121.5
MATRIX_TASK,373,141.0
MATRIX_TASK,373,148.5
MATRIX_TASK,373,192.0
MATRIX_TASK,376,96.0
MATRIX_TASK,376,109.0
MATRIX_TASK,376,115.0
MATRIX_TASK,376,121.0
MATRIX_TASK,376,127.0
MATRIX_TASK,376,163.0
MATRIX_TASK,376,227.0
MATRIX_TASK,376,233.0
MATRIX_TASK,377,84.0
MATRIX_TASK,377,91.0
MATRIX_TASK,377,95.0
MATRIX_TASK,377,103.0
MATRIX_TASK,380,91.0
MATRIX_TASK,380,104.5
MATRIX_TASK,380,108.0
MATRIX_TASK,380,135.5
MATRIX_TASK,384,107.5
MATRIX_TASK,384,132.0
MATRIX_TASK,384,194.0
MATRIX_TASK,384,197.5
MATRIX_TASK,385,104.5
MATRIX_TASK,385,129.0
MATRIX_TASK,385,175.0
MATRIX_TASK,385,255.0
MATRIX_TASK,392,137.5
MATRIX_TASK,392,143.0
MATRIX_TASK,392,169.0
MATRIX_TASK,392,409.0
MATRIX_TASK,393,117.0
MATRIX_TASK,393,174.0
MATRIX_TASK,393,174.0
MATRIX_TASK,393,205.0
MATRIX_TASK,413,117.0
MATRIX_TASK,413,138.0
MATRIX_TASK,413,144.5
MATRIX_TASK,413,157.0
MATRIX_TASK,415,130.0
MATRIX_TASK,415,137.5
MATRIX_TASK,415,145.5
MATRIX_TASK,415,161.0
MATRIX_TASK,415,167.0
MATRIX_TASK,415,182.0
MATRIX_TASK,415,190.0
MATRIX_TASK,415,191.5
MATRIX_TASK,418,151.0
MATRIX_TASK,418,155.0
MATRIX_TASK,418,157.0
MATRIX_TASK,418,173.5
MATRIX_TASK,420,127.5
MATRIX_TASK,420,167.0
MATRIX_TASK,420,170.0
MATRIX_TASK,420,175.5
MATRIX_TASK,421,204.0
MATRIX_TASK,421,208.5
MATRIX_TASK,421,263.0
MATRIX_TASK,421,521.0
MATRIX_TASK,422,139.0
MATRIX_TASK,422,182.0
MATRIX_TASK,422,184.5
MATRIX_TASK,422,355.0
MATRIX_TASK,423,124.0
MATRIX_TASK,423,129.0
MATRIX_TASK,423,132.0
MATRIX_TASK,423,139.0
MATRIX_TASK,423,158.0
MATRIX_TASK,423,166.0
MATRIX_TASK,423,177.0
MATRIX_TASK,423,251.0
MATRIX_TASK,424,123.0
MATRIX_TASK,424,126.0
MATRIX_TASK,424,133.0
MATRIX_TASK,424,142.0
MATRIX_TASK,424,143.0
MATRIX_TASK,424,157.0
MATRIX_TASK,424,176.0
MATRIX_TASK,424,182.0
MATRIX_TASK,424,189.0
MATRIX_TASK,424,195.0
MATRIX_TASK,424,217.0
MATRIX_TASK,424,248.0
MATRIX_TASK,425,159.0
MATRIX_TASK,425,177.0
MATRIX_TASK,425,277.0
MATRIX_TASK,425,318.0
MATRIX_TASK,434,172.0
MATRIX_TASK,434,182.5
MATRIX_TASK,434,187.0
MATRIX_TASK,434,237.5
MATRIX_TASK,436,134.0
MATRIX_TASK,436,148.0
MATRIX_TASK,436,149.0
MATRIX_TASK,436,174.0
MATRIX_TASK,437,141.0
MATRIX_TASK,437,251.0
MATRIX_TASK,437,262.0
MATRIX_TASK,437,267.0
MATRIX_TASK,439,154.0
MATRIX_TASK,439,157.5
MATRIX_TASK,439,175.0
MATRIX_TASK,439,191.0
MATRIX_TASK,444,217.5
MATRIX_TASK,444,239.0
MATRIX_TASK,444,243.0
MATRIX_TASK,444,637.0
MATRIX_TASK,446,140.0
MATRIX_TASK,446,150.0
MATRIX_TASK,446,166.0
MATRIX_TASK,446,170.0
MATRIX_TASK,447,220.0
MATRIX_TASK,447,232.0
MATRIX_TASK,447,237.0
MATRIX_TASK,447,249.0
MATRIX_TASK,447,346.0
MATRIX_TASK,447,410.0
MATRIX_TASK,447,468.0
MATRIX_TASK,447,556.0
MATRIX_TASK,453,176.0
MATRIX_TASK,453,245.0
MATRIX_TASK,453,248.5
MATRIX_TASK,453,309.0
MATRIX_TASK,457,227.0
MATRIX_TASK,457,249.0
MATRIX_TASK,457,278.0
MATRIX_TASK,457,299.0
MATRIX_TASK,461,191.0
MATRIX_TASK,461,262.0
MATRIX_TASK,461,327.0
MATRIX_TASK,461,343.0
MATRIX_TASK,462,157.0
MATRIX_TASK,462,166.0
MATRIX_TASK,462,210.0
MATRIX_TASK,462,256.0
MATRIX_TASK,467,173.0
MATRIX_TASK,467,174.0
MATRIX_TASK,467,203.5
MATRIX_TASK,467,212.0
MATRIX_TASK,479,268.0
MATRIX_TASK,479,285.0
MATRIX_TASK,479,293.0
MATRIX_TASK,479,325.0
MATRIX_TASK,480,304.0
MATRIX_TASK,480,362.0
MATRIX_TASK,480,597.0
MATRIX_TASK,480,622.5
MATRIX_TASK,491,277.0
MATRIX_TASK,491,279.0
MATRIX_TASK,491,302.0
MATRIX_TASK,491,335.0
MATRIX_TASK,492,328.5
MATRIX_TASK,492,417.0
MATRIX_TASK,492,442.0
MATRIX_TASK,492,524.0
MATRIX_TASK,494,204.0
MATRIX_TASK,494,229.0
MATRIX_TASK,494,247.0
MATRIX_TASK,494,250.0
MATRIX_TASK,500,262.0
MATRIX_TASK,500,405.0
MATRIX_TASK,500,409.0
MATRIX_TASK,500,476.0
MONTE_CARLO_TASK,210608,12.0
MONTE_CARLO_TASK,210608,18.0
MONTE_CARLO_TASK,210608,27.5
MONTE_CARLO_TASK,210608,37.0
MONTE_CARLO_TASK,228755,9.0
MONTE_CARLO_TASK,228755,9.0
MONTE_CARLO_TASK,228755,9.0
MONTE_CARLO_TASK,228755,13.5
MONTE_CARLO_TASK,239287,9.0
MONTE_CARLO_TASK,239287,10.0
MONTE_CARLO_TASK,239287,10.0
MONTE_CARLO_TASK,239287,12.0
MONTE_CARLO_TASK,239660,10.0
MONTE_CARLO_TASK,239660,10.0
MONTE_CARLO_TASK,239660,14.0
MONTE_CARLO_TASK,239660,15.5
MONTE_CARLO_TASK,256961,13.0
MONTE_CARLO_TASK,256961,14.0
MONTE_CARLO_TASK,256961,14.0
MONTE_CARLO_TASK,256961,48.5
MONTE_CARLO_TASK,260274,10.0
MONTE_CARLO_TASK,260274,11.0
MONTE_CARLO_TASK,260274,14.5
MONTE_CARLO_TASK,260274,17.0
MONTE_CARLO_TASK,318171,17.5
MONTE_CARLO_TASK,318171,18.0
MONTE_CARLO_TASK,318171,27.5
MONTE_CARLO_TASK,318171,45.0
MONTE_CARLO_TASK,319348,12.0
MONTE_CARLO_TASK,319348,12.0
MONTE_CARLO_TASK,319348,13.0
MONTE_CARLO_TASK,319348,15.0
MONTE_CARLO_TASK,338520,13.0
MONTE_CARLO_TASK,338520,13.0
MONTE_CARLO_TASK,338520,14.5
MONTE_CARLO_TASK,338520,16.0
MONTE_CARLO_TASK,352142,15.5
MONTE_CARLO_TASK,352142,16.0
MONTE_CARLO_TASK,352142,17.0
MONTE_CARLO_TASK,352142,20.0
MONTE_CARLO_TASK,361915,14.0
MONTE_CARLO_TASK,361915,14.0
MONTE_CARLO_TASK,361915,14.0
MONTE_CARLO_TASK,361915,17.0
MONTE_CARLO_TASK,370159,14.0
MONTE_CARLO_TASK,370159,14.0
MONTE_CARLO_TASK,370159,17.0
MONTE_CARLO_TASK,370159,18.0
MONTE_CARLO_TASK,377931,15.0
MONTE_CARLO_TASK,377931,17.0
MONTE_CARLO_TASK,377931,17.0
MONTE_CARLO_TASK,377931,18.0
MONTE_CARLO_TASK,419634,17.0
MONTE_CARLO_TASK,419634,17.0
MONTE_CARLO_TASK,419634,18.0
MONTE_CARLO_TASK,419634,19.0
MONTE_CARLO_TASK,420137,24.0
MONTE_CARLO_TASK,420137,25.0
MONTE_CARLO_TASK,420137,25.0
MONTE_CARLO_TASK,420137,35.0
MONTE_CARLO_TASK,464793,19.0
MONTE_CARLO_TASK,464793,19.0
MONTE_CARLO_TASK,464793,25.0
MONTE_CARLO_TASK,464793,29.0
MONTE_CARLO_TASK,482083,20.5
MONTE_CARLO_TASK,482083,24.0
MONTE_CARLO_TASK,482083,27.0
MONTE_CARLO_TASK,482083,28.0
MONTE_CARLO_TASK,488045,19.5
MONTE_CARLO_TASK,488045,20.0
MONTE_CARLO_TASK,488045,22.0
MONTE_CARLO_TASK,488045,29.0
MONTE_CARLO_TASK,506375,20.0
MONTE_CARLO_TASK,506375,20.0
MONTE_CARLO_TASK,506375,24.0
MONTE_CARLO_TASK,506375,25.0
MONTE_CARLO_TASK,506967,20.0
MONTE_CARLO_TASK,506967,20.0
MONTE_CARLO_TASK,506967,20.0
MONTE_CARLO_TASK,506967,21.0
MONTE_CARLO_TASK,521861,20.0
MONTE_CARLO_TASK,521861,21.0
MONTE_CARLO_TASK,521861,24.0
MONTE_CARLO_TASK,521861,42.0
MONTE_CARLO_TASK,528356,22.0
MONTE_CARLO_TASK,528356,24.0
MONTE_CARLO_TASK,528356,24.0
MONTE_CARLO_TASK,528356,26.5
MONTE_CARLO_TASK,540093,21.0
MONTE_CARLO_TASK,540093,23.0
MONTE_CARLO_TASK,540093,25.0
MONTE_CARLO_TASK,540093,25.0
MONTE_CARLO_TASK,549076,21.0
MONTE_CARLO_TASK,549076,22.0
MONTE_CARLO_TASK,549076,27.0
MONTE_CARLO_TASK,549076,44.0
MONTE_CARLO_TASK,552573,29.0
MONTE_CARLO_TASK,552573,30.5
MONTE_CARLO_TASK,552573,35.0
MONTE_CARLO_TASK,552573,69.0
MONTE_CARLO_TASK,564822,22.0
MONTE_CARLO_TASK,564822,22.0
MONTE_CARLO_TASK,564822,22.5
MONTE_CARLO_TASK,564822,32.0
MONTE_CARLO_TASK,577961,23.0
MONTE_CARLO_TASK,577961,23.0
MONTE_CARLO_TASK,577961,30.0
MONTE_CARLO_TASK,577961,32.0
MONTE_CARLO_TASK,588150,26.0
MONTE_CARLO_TASK,588150,31.5
MONTE_CARLO_TASK,588150,33.0
MONTE_CARLO_TASK,588150,34.0
MONTE_CARLO_TASK,631415,25.0
MONTE_CARLO_TASK,631415,26.0
MONTE_CARLO_TASK,631415,33.0
MONTE_CARLO_TASK,631415,44.0
MONTE_CARLO_TASK,632582,25.0
MONTE_CARLO_TASK,632582,26.5
MONTE_CARLO_TASK,632582,32.0
MONTE_CARLO_TASK,632582,37.0
MONTE_CARLO_TASK,638650,25.0
MONTE_CARLO_TASK,638650,26.5
MONTE_CARLO_TASK,638650,28.0
MONTE_CARLO_TASK,638650,32.5
MONTE_CARLO_TASK,649507,25.0
MONTE_CARLO_TASK,649507,27.0
MONTE_CARLO_TASK,649507,27.0
MONTE_CARLO_TASK,649507,29.0
MONTE_CARLO_TASK,652633,25.0
MONTE_CARLO_TASK,652633,26.0
MONTE_CARLO_TASK,652633,26.0
MONTE_CARLO_TASK,652633,27.0
MONTE_CARLO_TASK,653479,29.0
MONTE_CARLO_TASK,653479,32.0
MONTE_CARLO_TASK,653479,35.0
MONTE_CARLO_TASK,653479,45.0
MONTE_CARLO_TASK,663770,28.0
MONTE_CARLO_TASK,663770,28.0
MONTE_CARLO_TASK,663770,30.0
MONTE_CARLO_TASK,663770,33.0
MONTE_CARLO_TASK,673780,28.0
MONTE_CARLO_TASK,673780,29.0
MONTE_CARLO_TASK,673780,31.0
MONTE_CARLO_TASK,673780,37.0
MONTE_CARLO_TASK,688576,28.0
MONTE_CARLO_TASK,688576,31.0
MONTE_CARLO_TASK,688576,39.0
MONTE_CARLO_TASK,688576,39.0
MONTE_CARLO_TASK,688919,28.0
MONTE_CARLO_TASK,688919,28.0
MONTE_CARLO_TASK,688919,31.0
MONTE_CARLO_TASK,688919,34.0
MONTE_CARLO_TASK,716000,29.0
MONTE_CARLO_TASK,716000,29.5
MONTE_CARLO_TASK,716000,30.0
MONTE_CARLO_TASK,716000,33.0
MONTE_CARLO_TASK,721962,29.0
MONTE_CARLO_TASK,721962,29.0
MONTE_CARLO_TASK,721962,30.0
MONTE_CARLO_TASK,721962,37.0
MONTE_CARLO_TASK,726292,28.0
MONTE_CARLO_TASK,726292,30.0
MONTE_CARLO_TASK,726292,31.0
MONTE_CARLO_TASK,726292,32.0
MONTE_CARLO_TASK,727551,29.0
MONTE_CARLO_TASK,727551,30.0
MONTE_CARLO_TASK,727551,30.0
MONTE_CARLO_TASK,727551,30.0
MONTE_CARLO_TASK,732415,29.0
MONTE_CARLO_TASK,732415,30.0
MONTE_CARLO_TASK,732415,33.0
MONTE_CARLO_TASK,732415,34.5
MONTE_CARLO_TASK,750821,33.0
MONTE_CARLO_TASK,750821,39.0
MONTE_CARLO_TASK,750821,40.0
MONTE_CARLO_TASK,750821,46.0
MONTE_CARLO_TASK,751691,39.0
MONTE_CARLO_TASK,751691,44.5
MONTE_CARLO_TASK,751691,48.0
MONTE_CARLO_TASK,751691,52.0
MONTE_CARLO_TASK,759482,33.0
MONTE_CARLO_TASK,759482,35.0
MONTE_CARLO_TASK,759482,38.0
MONTE_CARLO_TASK,759482,38.0
MONTE_CARLO_TASK,761932,32.0
MONTE_CARLO_TASK,761932,32.0
MONTE_CARLO_TASK,761932,40.0
MONTE_CARLO_TASK,761932,40.0
MONTE_CARLO_TASK,771321,31.0
MONTE_CARLO_TASK,771321,31.0
MONTE_CARLO_TASK,771321,42.0
MONTE_CARLO_TASK,771321,47.0
MONTE_CARLO_TASK,780893,30.0
MONTE_CARLO_TASK,780893,31.0
MONTE_CARLO_TASK,780893,34.0
MONTE_CARLO_TASK,780893,39.0
MONTE_CARLO_TASK,818668,32.0
MONTE_CARLO_TASK,818668,33.0
MONTE_CARLO_TASK,818668,34.5
MONTE_CARLO_TASK,818668,40.5
MONTE_CARLO_TASK,823251,32.0
MONTE_CARLO_TASK,823251,32.0
MONTE_CARLO_TASK,823251,32.0
MONTE_CARLO_TASK,823251,44.0
MONTE_CARLO_TASK,826392,35.0
MONTE_CARLO_TASK,826392,45.0
MONTE_CARLO_TASK,826392,49.5
MONTE_CARLO_TASK,826392,50.5
MONTE_CARLO_TASK,827842,35.0
MONTE_CARLO_TASK,827842,39.0
MONTE_CARLO_TASK,827842,44.0
MONTE_CARLO_TASK,827842,46.0
MONTE_CARLO_TASK,835114,32.0
MONTE_CARLO_TASK,835114,34.0
MONTE_CARLO_TASK,835114,34.0
MONTE_CARLO_TASK,835114,35.0
MONTE_CARLO_TASK,847094,33.0
MONTE_CARLO_TASK,847094,34.0
MONTE_CARLO_TASK,847094,35.0
MONTE_CARLO_TASK,847094,35.0
MONTE_CARLO_TASK,848354,33.0
MONTE_CARLO_TASK,848354,35.0
MONTE_CARLO_TASK,848354,35.0
MONTE_CARLO_TASK,848354,36.0
MONTE_CARLO_TASK,854474,36.0
MONTE_CARLO_TASK,854474,36.5
MONTE_CARLO_TASK,854474,46.0
MONTE_CARLO_TASK,854474,53.0
MONTE_CARLO_TASK,860891,35.0
MONTE_CARLO_TASK,860891,36.0
MONTE_CARLO_TASK,860891,38.0
MONTE_CARLO_TASK,860891,47.0
MONTE_CARLO_TASK,919731,36.0
MONTE_CARLO_TASK,919731,36.5
MONTE_CARLO_TASK,919731,37.0
MONTE_CARLO_TASK,919731,42.0
MONTE_CARLO_TASK,927461,37.0
MONTE_CARLO_TASK,927461,38.0
MONTE_CARLO_TASK,927461,44.0
MONTE_CARLO_TASK,927461,49.0
MONTE_CARLO_TASK,962458,38.0
MONTE_CARLO_TASK,962458,38.0
MONTE_CARLO_TASK,962458,50.5
MONTE_CARLO_TASK,962458,55.0
MONTE_CARLO_TASK,1016289,40.0
MONTE_CARLO_TASK,1016289,40.0
MONTE_CARLO_TASK,1016289,41.5
MONTE_CARLO_TASK,1016289,51.0
MONTE_CARLO_TASK,1056108,41.0
MONTE_CARLO_TASK,1056108,48.0
MONTE_CARLO_TASK,1056108,51.0
MONTE_CARLO_TASK,1056108,54.0
MONTE_CARLO_TASK,1077724,42.0
MONTE_CARLO_TASK,1077724,44.0
MONTE_CARLO_TASK,1077724,45.0
MONTE_CARLO_TASK,1077724,45.0
MONTE_CARLO_TASK,1085127,43.0
MONTE_CARLO_TASK,1085127,46.0
MONTE_CARLO_TASK,1085127,55.0
MONTE_CARLO_TASK,1085127,58.0
MONTE_CARLO_TASK,1096101,45.0
MONTE_CARLO_TASK,1096101,50.0
MONTE_CARLO_TASK,1096101,50.0
MONTE_CARLO_TASK,1096101,57.0
MONTE_CARLO_TASK,1100187,44.0
MONTE_CARLO_TASK,1100187,49.0
MONTE_CARLO_TASK,1100187,65.0
MONTE_CARLO_TASK,1100187,71.5
MONTE_CARLO_TASK,1112348,43.0
MONTE_CARLO_TASK,1112348,44.0
MONTE_CARLO_TASK,1112348,50.0
MONTE_CARLO_TASK,1112348,57.5
MONTE_CARLO_TASK,1116394,45.0
MONTE_CARLO_TASK,1116394,45.0
MONTE_CARLO_TASK,1116394,48.0
MONTE_CARLO_TASK,1116394,56.0
MONTE_CARLO_TASK,1119173,44.5
MONTE_CARLO_TASK,1119173,55.5
MONTE_CARLO_TASK,1119173,56.0
MONTE_CARLO_TASK,1119173,67.5
MONTE_CARLO_TASK,1147238,45.0
MONTE_CARLO_TASK,1147238,46.0
MONTE_CARLO_TASK,1147238,58.0
MONTE_CARLO_TASK,1147238,72.0
MONTE_CARLO_TASK,1150871,46.0
MONTE_CARLO_TASK,1150871,46.5
MONTE_CARLO_TASK,1150871,47.0
MONTE_CARLO_TASK,1150871,49.0
MONTE_CARLO_TASK,1173277,46.0
MONTE_CARLO_TASK,1173277,47.0
MONTE_CARLO_TASK,1173277,55.0
MONTE_CARLO_TASK,1173277,57.0
MONTE_CARLO_TASK,1186158,47.0
MONTE_CARLO_TASK,1186158,47.5
MONTE_CARLO_TASK,1186158,60.0
MONTE_CARLO_TASK,1186158,61.0
MONTE_CARLO_TASK,1198387,50.0
MONTE_CARLO_TASK,1198387,50.5
MONTE_CARLO_TASK,1198387,56.5
MONTE_CARLO_TASK,1198387,57.0
MONTE_CARLO_TASK,1210497,48.0
MONTE_CARLO_TASK,1210497,48.0
MONTE_CARLO_TASK,1210497,48.0
MONTE_CARLO_TASK,1210497,49.0
MONTE_CARLO_TASK,1247015,49.0
MONTE_CARLO_TASK,1247015,52.0
MONTE_CARLO_TASK,1247015,52.5
MONTE_CARLO_TASK,1247015,57.0
MONTE_CARLO_TASK,1272936,51.0
MONTE_CARLO_TASK,1272936,51.0
MONTE_CARLO_TASK,1272936,51.0
MONTE_CARLO_TASK,1272936,62.0
MONTE_CARLO_TASK,1281772,61.0
MONTE_CARLO_TASK,1281772,74.0
MONTE_CARLO_TASK,1281772,79.0
MONTE_CARLO_TASK,1281772,82.0
MONTE_CARLO_TASK,1297730,56.0
MONTE_CARLO_TASK,1297730,57.5
MONTE_CARLO_TASK,1297730,57.5
MONTE_CARLO_TASK,1297730,61.0
MONTE_CARLO_TASK,1305741,52.0
MONTE_CARLO_TASK,1305741,59.0
MONTE_CARLO_TASK,1305741,65.0
MONTE_CARLO_TASK,1305741,69.0
MONTE_CARLO_TASK,1311866,52.0
MONTE_CARLO_TASK,1311866,53.0
MONTE_CARLO_TASK,1311866,70.0
MONTE_CARLO_TASK,1311866,76.0
MONTE_CARLO_TASK,1320063,53.0
MONTE_CARLO_TASK,1320063,54.0
MONTE_CARLO_TASK,1320063,57.0
MONTE_CARLO_TASK,1320063,58.0
MONTE_CARLO_TASK,1341397,54.5
MONTE_CARLO_TASK,1341397,56.0
MONTE_CARLO_TASK,1341397,61.5
MONTE_CARLO_TASK,1341397,63.0
MONTE_CARLO_TASK,1348073,56.0
MONTE_CARLO_TASK,1348073,56.0
MONTE_CARLO_TASK,1348073,58.0
MONTE_CARLO_TASK,1348073,61.5
MONTE_CARLO_TASK,1357001,54.0
MONTE_CARLO_TASK,1357001,56.0
MONTE_CARLO_TASK,1357001,60.0
MONTE_CARLO_TASK,1357001,91.0
MONTE_CARLO_TASK,1373436,55.0
MONTE_CARLO_TASK,1373436,59.0
MONTE_CARLO_TASK,1373436,65.0
MONTE_CARLO_TASK,1373436,81.5
MONTE_CARLO_TASK,1378106,54.5
MONTE_CARLO_TASK,1378106,55.0
MONTE_CARLO_TASK,1378106,57.5
MONTE_CARLO_TASK,1378106,58.0
MONTE_CARLO_TASK,1390840,54.0
MONTE_CARLO_TASK,1390840,55.0
MONTE_CARLO_TASK,1390840,55.0
MONTE_CARLO_TASK,1390840,56.0
MONTE_CARLO_TASK,1429450,57.0
MONTE_CARLO_TASK,1429450,62.0
MONTE_CARLO_TASK,1429450,66.0
MONTE_CARLO_TASK,1429450,79.0
MONTE_CARLO_TASK,1430681,57.0
MONTE_CARLO_TASK,1430681,59.0
MONTE_CARLO_TASK,1430681,60.5
MONTE_CARLO_TASK,1430681,63.5
MONTE_CARLO_TASK,1430759,58.0
MONTE_CARLO_TASK,1430759,58.0
MONTE_CARLO_TASK,1430759,74.0
MONTE_CARLO_TASK,1430759,94.0
MONTE_CARLO_TASK,1435855,57.0
MONTE_CARLO_TASK,1435855,63.0
MONTE_CARLO_TASK,1435855,72.0
MONTE_CARLO_TASK,1435855,78.0
MONTE_CARLO_TASK,1450768,57.0
MONTE_CARLO_TASK,1450768,58.0
MONTE_CARLO_TASK,1450768,58.5
MONTE_CARLO_TASK,1450768,62.0
MONTE_CARLO_TASK,1460792,60.0
MONTE_CARLO_TASK,1460792,62.0
MONTE_CARLO_TASK,1460792,74.5
MONTE_CARLO_TASK,1460792,78.5
MONTE_CARLO_TASK,1470160,58.0
MONTE_CARLO_TASK,1470160,59.0
MONTE_CARLO_TASK,1470160,60.0
MONTE_CARLO_TASK,1470160,73.5
MONTE_CARLO_TASK,1482609,58.0
MONTE_CARLO_TASK,1482609,58.5
MONTE_CARLO_TASK,1482609,62.0
MONTE_CARLO_TASK,1482609,62.0
MONTE_CARLO_TASK,1519147,62.0
MONTE_CARLO_TASK,1519147,63.0
MONTE_CARLO_TASK,1519147,63.0
MONTE_CARLO_TASK,1519147,71.0
MONTE_CARLO_TASK,1541019,60.0
MONTE_CARLO_TASK,1541019,60.0
MONTE_CARLO_TASK,1541019,62.0
MONTE_CARLO_TASK,1541019,64.0
MONTE_CARLO_TASK,1547409,61.0
MONTE_CARLO_TASK,1547409,61.5
MONTE_CARLO_TASK,1547409,62.0
MONTE_CARLO_TASK,1547409,65.0
MONTE_CARLO_TASK,1552691,62.0
MONTE_CARLO_TASK,1552691,63.0
MONTE_CARLO_TASK,1552691,63.5
MONTE_CARLO_TASK,1552691,64.0
MONTE_CARLO_TASK,1593027,65.0
MONTE_CARLO_TASK,1593027,65.0
MONTE_CARLO_TASK,1593027,68.0
MONTE_CARLO_TASK,1593027,82.0
MONTE_CARLO_TASK,1600352,64.0
MONTE_CARLO_TASK,1600352,64.0
MONTE_CARLO_TASK,1600352,68.0
MONTE_CARLO_TASK,1600352,86.0
MONTE_CARLO_TASK,1613870,63.0
MONTE_CARLO_TASK,1613870,64.0
MONTE_CARLO_TASK,1613870,64.0
MONTE_CARLO_TASK,1613870,68.5
MONTE_CARLO_TASK,1616973,64.0
MONTE_CARLO_TASK,1616973,64.0
MONTE_CARLO_TASK,1616973,67.0
MONTE_CARLO_TASK,1616973,79.0
MONTE_CARLO_TASK,1634391,66.0
MONTE_CARLO_TASK,1634391,74.0
MONTE_CARLO_TASK,1634391,85.0
MONTE_CARLO_TASK,1634391,100.0
MONTE_CARLO_TASK,1645231,65.0
MONTE_CARLO_TASK,1645231,71.0
MONTE_CARLO_TASK,1645231,75.0
MONTE_CARLO_TASK,1645231,78.5
MONTE_CARLO_TASK,1653761,68.0
MONTE_CARLO_TASK,1653761,69.0
MONTE_CARLO_TASK,1653761,74.0
MONTE_CARLO_TASK,1653761,83.5
MONTE_CARLO_TASK,1653981,65.0
MONTE_CARLO_TASK,1653981,71.5
MONTE_CARLO_TASK,1653981,83.0
MONTE_CARLO_TASK,1653981,86.5
MONTE_CARLO_TASK,1658375,66.0
MONTE_CARLO_TASK,1658375,67.0
MONTE_CARLO_TASK,1658375,85.0
MONTE_CARLO_TASK,1658375,94.0
MONTE_CARLO_TASK,1673227,72.5
MONTE_CARLO_TASK,1673227,89.0
MONTE_CARLO_TASK,1673227,96.0
MONTE_CARLO_TASK,1673227,98.0
MONTE_CARLO_TASK,1687977,67.0
MONTE_CARLO_TASK,1687977,67.0
MONTE_CARLO_TASK,1687977,68.0
MONTE_CARLO_TASK,1687977,68.0
MONTE_CARLO_TASK,1696614,74.0
MONTE_CARLO_TASK,1696614,78.0
MONTE_CARLO_TASK,1696614,95.0
MONTE_CARLO_TASK,1696614,96.0
MONTE_CARLO_TASK,1710611,67.5
MONTE_CARLO_TASK,1710611,68.0
MONTE_CARLO_TASK,1710611,76.5
MONTE_CARLO_TASK,1710611,77.5
MONTE_CARLO_TASK,1710673,67.0
MONTE_CARLO_TASK,1710673,71.0
MONTE_CARLO_TASK,1710673,76.0
MONTE_CARLO_TASK,1710673,112.5
MONTE_CARLO_TASK,1746366,74.0
MONTE_CARLO_TASK,1746366,86.0
MONTE_CARLO_TASK,1746366,90.0
MONTE_CARLO_TASK,1746366,93.5
MONTE_CARLO_TASK,1766247,72.0
MONTE_CARLO_TASK,1766247,72.0
MONTE_CARLO_TASK,1766247,85.0
MONTE_CARLO_TASK,1766247,87.0
MONTE_CARLO_TASK,1782629,71.0
MONTE_CARLO_TASK,1782629,71.0
MONTE_CARLO_TASK,1782629,72.0
MONTE_CARLO_TASK,1782629,75.0
MONTE_CARLO_TASK,1790252,71.0
MONTE_CARLO_TASK,1790252,73.0
MONTE_CARLO_TASK,1790252,73.0
MONTE_CARLO_TASK,1790252,85.0
MONTE_CARLO_TASK,1792968,70.0
MONTE_CARLO_TASK,1792968,71.0
MONTE_CARLO_TASK,1792968,71.0
MONTE_CARLO_TASK,1792968,86.0
MONTE_CARLO_TASK,1794399,70.0
MONTE_CARLO_TASK,1794399,71.0
MONTE_CARLO_TASK,1794399,72.0
MONTE_CARLO_TASK,1794399,73.0
MONTE_CARLO_TASK,1826836,73.0
MONTE_CARLO_TASK,1826836,75.0
MONTE_CARLO_TASK,1826836,76.0
MONTE_CARLO_TASK,1826836,83.0
MONTE_CARLO_TASK,1849227,73.0
MONTE_CARLO_TASK,1849227,73.0
MONTE_CARLO_TASK,1849227,82.0
MONTE_CARLO_TASK,1849227,104.0
MONTE_CARLO_TASK,1902084,76.0
MONTE_CARLO_TASK,1902084,77.0
MONTE_CARLO_TASK,1902084,78.0
MONTE_CARLO_TASK,1902084,79.0
MONTE_CARLO_TASK,1912861,90.0
MONTE_CARLO_TASK,1912861,98.0
MONTE_CARLO_TASK,1912861,104.0
MONTE_CARLO_TASK,1912861,112.0
MONTE_CARLO_TASK,1970949,94.0
MONTE_CARLO_TASK,1970949,98.5
MONTE_CARLO_TASK,1970949,99.0
MONTE_CARLO_TASK,1970949,106.0
MONTE_CARLO_TASK,1973881,78.0
MONTE_CARLO_TASK,1973881,78.5
MONTE_CARLO_TASK,1973881,82.0
MONTE_CARLO_TASK,1973881,83.5
MONTE_CARLO_TASK,1995999,79.0
MONTE_CARLO_TASK,1995999,81.0
MONTE_CARLO_TASK,1995999,86.0
MONTE_CARLO_TASK,1995999,100.0
MONTE_CARLO_TASK,2052924,82.0
MONTE_CARLO_TASK,2052924,82.0
MONTE_CARLO_TASK,2052924,83.0
MONTE_CARLO_TASK,2052924,86.5
MONTE_CARLO_TASK,2061798,89.5
MONTE_CARLO_TASK,2061798,89.5
MONTE_CARLO_TASK,2061798,110.0
MONTE_CARLO_TASK,2061798,111.0
MONTE_CARLO_TASK,2093195,84.0
MONTE_CARLO_TASK,2093195,90.0
MONTE_CARLO_TASK,2093195,109.0
MONTE_CARLO_TASK,2093195,109.0
MONTE_CARLO_TASK,2112245,83.0
MONTE_CARLO_TASK,2112245,85.0
MONTE_CARLO_TASK,2112245,88.0
MONTE_CARLO_TASK,2112245,91.0
MONTE_CARLO_TASK,2142948,95.0
MONTE_CARLO_TASK,2142948,96.0
MONTE_CARLO_TASK,2142948,98.5
MONTE_CARLO_TASK,2142948,119.0
MONTE_CARLO_TASK,2161831,85.0
MONTE_CARLO_TASK,2161831,85.0
MONTE_CARLO_TASK,2161831,87.0
MONTE_CARLO_TASK,2161831,120.0
MONTE_CARLO_TASK,2163477,86.0
MONTE_CARLO_TASK,2163477,88.5
MONTE_CARLO_TASK,2163477,96.0
MONTE_CARLO_TASK,2163477,123.0
MONTE_CARLO_TASK,2176243,85.5
MONTE_CARLO_TASK,2176243,86.0
MONTE_CARLO_TASK,2176243,88.0
MONTE_CARLO_TASK,2176243,130.5
MONTE_CARLO_TASK,2211400,88.0
MONTE_CARLO_TASK,2211400,88.0
MONTE_CARLO_TASK,2211400,109.0
MONTE_CARLO_TASK,2211400,116.0
MONTE_CARLO_TASK,2221262,87.0
MONTE_CARLO_TASK,2221262,93.0
MONTE_CARLO_TASK,2221262,98.0
MONTE_CARLO_TASK,2221262,132.0
MONTE_CARLO_TASK,2229698,91.0
MONTE_CARLO_TASK,2229698,91.0
MONTE_CARLO_TASK,2229698,115.0
MONTE_CARLO_TASK,2229698,131.0
MONTE_CARLO_TASK,2249865,88.0
MONTE_CARLO_TASK,2249865,90.0
MONTE_CARLO_TASK,2249865,106.0
MONTE_CARLO_TASK,2249865,119.0
MONTE_CARLO_TASK,2250736,90.5
MONTE_CARLO_TASK,2250736,93.0
MONTE_CARLO_TASK,2250736,119.0
MONTE_CARLO_TASK,2250736,127.0
MONTE_CARLO_TASK,2259914,90.0
MONTE_CARLO_TASK,2259914,97.5
MONTE_CARLO_TASK,2259914,124.0
MONTE_CARLO_TASK,2259914,145.5
MONTE_CARLO_TASK,2284839,91.0
MONTE_CARLO_TASK,2284839,91.0
MONTE_CARLO_TASK,2284839,102.0
MONTE_CARLO_TASK,2284839,126.0
MONTE_CARLO_TASK,2310119,92.5
MONTE_CARLO_TASK,2310119,94.5
MONTE_CARLO_TASK,2310119,121.0
MONTE_CARLO_TASK,2310119,148.0
MONTE_CARLO_TASK,2315589,92.0
MONTE_CARLO_TASK,2315589,94.0
MONTE_CARLO_TASK,2315589,119.0
MONTE_CARLO_TASK,2315589,145.0
MONTE_CARLO_TASK,2316983,93.0
MONTE_CARLO_TASK,2316983,93.0
MONTE_CARLO_TASK,2316983,98.0
MONTE_CARLO_TASK,2316983,117.0
MONTE_CARLO_TASK,2325477,94.0
MONTE_CARLO_TASK,2325477,95.5
MONTE_CARLO_TASK,2325477,96.0
MONTE_CARLO_TASK,2325477,119.0
MONTE_CARLO_TASK,2341645,99.5
MONTE_CARLO_TASK,2341645,100.0
MONTE_CARLO_TASK,2341645,119.0
MONTE_CARLO_TASK,2341645,127.0
MONTE_CARLO_TASK,2345022,95.0
MONTE_CARLO_TASK,2345022,102.5
MONTE_CARLO_TASK,2345022,124.5
MONTE_CARLO_TASK,2345022,148.0
MONTE_CARLO_TASK,2345078,93.0
MONTE_CARLO_TASK,2345078,93.0
MONTE_CARLO_TASK,2345078,94.0
MONTE_CARLO_TASK,2345078,99.0
MONTE_CARLO_TASK,2355073,93.0
MONTE_CARLO_TASK,2355073,94.0
MONTE_CARLO_TASK,2355073,98.0
MONTE_CARLO_TASK,2355073,100.0
MONTE_CARLO_TASK,2390778,94.0
MONTE_CARLO_TASK,2390778,112.0
MONTE_CARLO_TASK,2390778,127.0
MONTE_CARLO_TASK,2390778,154.5
MONTE_CARLO_TASK,2409396,95.0
MONTE_CARLO_TASK,2409396,99.0
MONTE_CARLO_TASK,2409396,103.0
MONTE_CARLO_TASK,2409396,104.0
MONTE_CARLO_TASK,2433657,99.0
MONTE_CARLO_TASK,2433657,100.0
MONTE_CARLO_TASK,2433657,103.0
MONTE_CARLO_TASK,2433657,103.5
MONTE_CARLO_TASK,2445899,96.0
MONTE_CARLO_TASK,2445899,100.0
MONTE_CARLO_TASK,2445899,105.0
MONTE_CARLO_TASK,2445899,114.0
MONTE_CARLO_TASK,2461658,105.0
MONTE_CARLO_TASK,2461658,109.0
MONTE_CARLO_TASK,2461658,121.0
MONTE_CARLO_TASK,2461658,122.0
MONTE_CARLO_TASK,2482494,101.0
MONTE_CARLO_TASK,2482494,103.5
MONTE_CARLO_TASK,2482494,125.0
MONTE_CARLO_TASK,2482494,152.0
MONTE_CARLO_TASK,2522293,100.0
MONTE_CARLO_TASK,2522293,101.0
MONTE_CARLO_TASK,2522293,101.0
MONTE_CARLO_TASK,2522293,102.0
MONTE_CARLO_TASK,2528669,104.5
MONTE_CARLO_TASK,2528669,107.0
MONTE_CARLO_TASK,2528669,134.0
MONTE_CARLO_TASK,2528669,166.0
MONTE_CARLO_TASK,2574238,102.0
MONTE_CARLO_TASK,2574238,105.0
MONTE_CARLO_TASK,2574238,105.0
MONTE_CARLO_TASK,2574238,110.0
MONTE_CARLO_TASK,2618310,104.0
MONTE_CARLO_TASK,2618310,104.5
MONTE_CARLO_TASK,2618310,129.0
MONTE_CARLO_TASK,2618310,134.0
MONTE_CARLO_TASK,2633977,104.0
MONTE_CARLO_TASK,2633977,105.0
MONTE_CARLO_TASK,2633977,105.0
MONTE_CARLO_TASK,2633977,109.0
MONTE_CARLO_TASK,2674745,105.0
MONTE_CARLO_TASK,2674745,108.0
MONTE_CARLO_TASK,2674745,141.0
MONTE_CARLO_TASK,2675243,108.0
MONTE_CARLO_TASK,2675243,108.0
MONTE_CARLO_TASK,2675243,127.0
MONTE_CARLO_TASK,2675243,157.0
MONTE_CARLO_TASK,2693677,106.0
MONTE_CARLO_TASK,2693677,106.0
MONTE_CARLO_TASK,2693677,106.5
MONTE_CARLO_TASK,2693677,126.5
MONTE_CARLO_TASK,2701101,113.0
MONTE_CARLO_TASK,2701101,119.0
MONTE_CARLO_TASK,2701101,123.0
MONTE_CARLO_TASK,2701101,151.0
MONTE_CARLO_TASK,2734627,129.0
MONTE_CARLO_TASK,2734627,157.0
MONTE_CARLO_TASK,2734627,164.0
MONTE_CARLO_TASK,2734627,167.5
MONTE_CARLO_TASK,2740974,109.0
MONTE_CARLO_TASK,2740974,116.0
MONTE_CARLO_TASK,2740974,122.0
MONTE_CARLO_TASK,2740974,131.0
MONTE_CARLO_TASK,2746070,111.0
MONTE_CARLO_TASK,2746070,144.5
MONTE_CARLO_TASK,2746070,145.0
MONTE_CARLO_TASK,2746070,150.0
MONTE_CARLO_TASK,2753658,108.0
MONTE_CARLO_TASK,2753658,110.0
MONTE_CARLO_TASK,2753658,112.0
MONTE_CARLO_TASK,2753658,113.0
MONTE_CARLO_TASK,2756521,110.5
MONTE_CARLO_TASK,2756521,111.0
MONTE_CARLO_TASK,2756521,111.0
MONTE_CARLO_TASK,2756521,113.0
MONTE_CARLO_TASK,2794403,112.0
MONTE_CARLO_TASK,2794403,113.0
MONTE_CARLO_TASK,2794403,119.0
MONTE_CARLO_TASK,2794403,130.0
MONTE_CARLO_TASK,2809930,113.0
MONTE_CARLO_TASK,2809930,114.0
MONTE_CARLO_TASK,2809930,118.0
MONTE_CARLO_TASK,2809930,154.0
MONTE_CARLO_TASK,2819841,118.0
MONTE_CARLO_TASK,2819841,129.0
MONTE_CARLO_TASK,2819841,147.0
MONTE_CARLO_TASK,2819841,149.0
MONTE_CARLO_TASK,2828257,145.0
MONTE_CARLO_TASK,2828257,160.0
MONTE_CARLO_TASK,2828257,333.0
MONTE_CARLO_TASK,2828257,387.0
MONTE_CARLO_TASK,2831510,112.0
MONTE_CARLO_TASK,2831510,117.0
MONTE_CARLO_TASK,2831510,118.0
MONTE_CARLO_TASK,2831510,121.0
MONTE_CARLO_TASK,2834504,112.0
MONTE_CARLO_TASK,2834504,112.5
MONTE_CARLO_TASK,2834504,116.0
MONTE_CARLO_TASK,2834504,157.0
MONTE_CARLO_TASK,2851108,115.0
MONTE_CARLO_TASK,2851108,115.0
MONTE_CARLO_TASK,2851108,118.0
MONTE_CARLO_TASK,2851108,144.5
MONTE_CARLO_TASK,2854480,113.0
MONTE_CARLO_TASK,2854480,114.0
MONTE_CARLO_TASK,2854480,116.5
MONTE_CARLO_TASK,2854480,128.0
MONTE_CARLO_TASK,2860131,115.0
MONTE_CARLO_TASK,2860131,117.0
MONTE_CARLO_TASK,2860131,120.0
MONTE_CARLO_TASK,2860131,132.0
MONTE_CARLO_TASK,2877479,116.0
MONTE_CARLO_TASK,2877479,118.0
MONTE_CARLO_TASK,2877479,130.0
MONTE_CARLO_TASK,2877479,201.0
MONTE_CARLO_TASK,2879431,115.0
MONTE_CARLO_TASK,2879431,124.0
MONTE_CARLO_TASK,2879431,150.5
MONTE_CARLO_TASK,2879431,152.0
MONTE_CARLO_TASK,2889380,144.0
MONTE_CARLO_TASK,2889380,161.0
MONTE_CARLO_TASK,2889380,168.0
MONTE_CARLO_TASK,2889380,208.0
MONTE_CARLO_TASK,2892089,115.0
MONTE_CARLO_TASK,2894666,116.5
MONTE_CARLO_TASK,2894666,119.0
MONTE_CARLO_TASK,2894666,122.0
MONTE_CARLO_TASK,2894666,157.5
MONTE_CARLO_TASK,2896228,115.5
MONTE_CARLO_TASK,2896228,117.0
MONTE_CARLO_TASK,2896228,146.0
MONTE_CARLO_TASK,2896228,164.0
MONTE_CARLO_TASK,2919347,117.5
MONTE_CARLO_TASK,2919347,121.0
MONTE_CARLO_TASK,2919347,123.0
MONTE_CARLO_TASK,2919347,158.5
MONTE_CARLO_TASK,2933971,142.0
MONTE_CARLO_TASK,2933971,144.0
MONTE_CARLO_TASK,2933971,156.0
MONTE_CARLO_TASK,2933971,156.0
MONTE_CARLO_TASK,2971736,119.0
MONTE_CARLO_TASK,2971736,124.0
MONTE_CARLO_TASK,2971736,152.0
MONTE_CARLO_TASK,2971736,157.0
MONTE_CARLO_TASK,2976217,118.0
MONTE_CARLO_TASK,2976217,118.5
MONTE_CARLO_TASK,2976217,123.0
MONTE_CARLO_TASK,2976217,139.0
MONTE_CARLO_TASK,2982948,121.0
MONTE_CARLO_TASK,2982948,123.0
MONTE_CARLO_TASK,2982948,148.0
MONTE_CARLO_TASK,2982948,190.0
MONTE_CARLO_TASK,2984331,124.0
MONTE_CARLO_TASK,2984331,124.0
MONTE_CARLO_TASK,2984331,127.0
MONTE_CARLO_TASK,2984331,186.0
MONTE_CARLO_TASK,2994411,118.5
MONTE_CARLO_TASK,2994411,121.0
MONTE_CARLO_TASK,2994411,125.5
MONTE_CARLO_TASK,2994411,154.5
MONTE_CARLO_TASK,2994789,129.0
MONTE_CARLO_TASK,2994789,155.0
MONTE_CARLO_TASK,2994789,182.0
MONTE_CARLO_TASK,2994789,191.0
SLEEP_TASK,52,52.5
SLEEP_TASK,52,52.5
SLEEP_TASK,52,53.0
SLEEP_TASK,52,53.5
SLEEP_TASK,55,55.0
SLEEP_TASK,55,55.0
SLEEP_TASK,55,55.5
SLEEP_TASK,55,56.0
SLEEP_TASK,57,57.0
SLEEP_TASK,57,57.0
SLEEP_TASK,57,58.0
SLEEP_TASK,57,59.0
SLEEP_TASK,58,58.0
SLEEP_TASK,58,58.0
SLEEP_TASK,58,58.0
SLEEP_TASK,58,58.0
SLEEP_TASK,58,58.0
SLEEP_TASK,58,58.5
SLEEP_TASK,58,58.5
SLEEP_TASK,58,59.0
SLEEP_TASK,58,59.0
SLEEP_TASK,58,59.0
SLEEP_TASK,58,60.0
SLEEP_TASK,58,61.0
SLEEP_TASK,61,61.0
SLEEP_TASK,61,61.0
SLEEP_TASK,61,61.0
SLEEP_TASK,61,61.0
SLEEP_TASK,61,61.0
SLEEP_TASK,61,61.5
SLEEP_TASK,61,61.5
SLEEP_TASK,61,64.0
SLEEP_TASK,62,62.0
SLEEP_TASK,62,62.0
SLEEP_TASK,62,63.0
SLEEP_TASK,62,63.0
SLEEP_TASK,64,64.0
SLEEP_TASK,64,65.0
SLEEP_TASK,64,65.5
SLEEP_TASK,64,65.5
SLEEP_TASK,65,65.0
SLEEP_TASK,65,65.0
SLEEP_TASK,65,65.0
SLEEP_TASK,65,65.0
SLEEP_TASK,65,65.5
SLEEP_TASK,65,66.0
SLEEP_TASK,65,66.5
SLEEP_TASK,65,68.5
SLEEP_TASK,66,66.0
SLEEP_TASK,66,66.0
SLEEP_TASK,66,66.0
SLEEP_TASK,66,66.0
SLEEP_TASK,66,66.0
SLEEP_TASK,66,66.5
SLEEP_TASK,66,67.0
SLEEP_TASK,66,67.5
SLEEP_TASK,66,67.5
SLEEP_TASK,66,68.0
SLEEP_TASK,66,68.5
SLEEP_TASK,67,67.0
SLEEP_TASK,67,67.0
SLEEP_TASK,67,67.0
SLEEP_TASK,67,68.0
SLEEP_TASK,68,68.0
SLEEP_TASK,68,68.0
SLEEP_TASK,68,68.0
SLEEP_TASK,68,69.0
SLEEP_TASK,68,69.0
SLEEP_TASK,68,69.0
SLEEP_TASK,68,69.0
SLEEP_TASK,68,69.0
SLEEP_TASK,69,69.0
SLEEP_TASK,69,69.0
SLEEP_TASK,69,70.0
SLEEP_TASK,69,72.5
SLEEP_TASK,70,71.0
SLEEP_TASK,70,72.0
SLEEP_TASK,70,73.0
SLEEP_TASK,70,75.0
SLEEP_TASK,70,77.0
SLEEP_TASK,70,79.0
SLEEP_TASK,70,79.0
SLEEP_TASK,70,84.0
SLEEP_TASK,72,72.0
SLEEP_TASK,72,72.0
SLEEP_TASK,72,72.0
SLEEP_TASK,72,72.0
SLEEP_TASK,72,72.0
SLEEP_TASK,72,72.0
SLEEP_TASK,72,72.5
SLEEP_TASK,72,72.5
SLEEP_TASK,72,72.5
SLEEP_TASK,72,72.5
SLEEP_TASK,72,73.0
SLEEP_TASK,72,73.0
SLEEP_TASK,72,73.0
SLEEP_TASK,72,73.5
SLEEP_TASK,72,73.5
SLEEP_TASK,72,74.0
SLEEP_TASK,73,73.0
SLEEP_TASK,73,73.0
SLEEP_TASK,73,73.5
SLEEP_TASK,73,74.0
SLEEP_TASK,73,74.0
SLEEP_TASK,73,75.5
SLEEP_TASK,73,76.0
SLEEP_TASK,73,76.0
SLEEP_TASK,74,75.0
SLEEP_TASK,74,75.0
SLEEP_TASK,74,75.0
SLEEP_TASK,74,76.0
SLEEP_TASK,75,75.0
SLEEP_TASK,75,75.0
SLEEP_TASK,75,75.5
SLEEP_TASK,75,76.0
SLEEP_TASK,78,78.0
SLEEP_TASK,78,78.0
SLEEP_TASK,78,78.5
SLEEP_TASK,78,79.0
SLEEP_TASK,81,81.0
SLEEP_TASK,81,81.0
SLEEP_TASK,81,82.0
SLEEP_TASK,81,83.0
SLEEP_TASK,83,83.0
SLEEP_TASK,83,83.0
SLEEP_TASK,83,83.0
SLEEP_TASK,83,83.0
SLEEP_TASK,83,83.0
SLEEP_TASK,83,83.0
SLEEP_TASK,83,84.0
SLEEP_TASK,83,84.0
SLEEP_TASK,84,84.0
SLEEP_TASK,84,84.0
SLEEP_TASK,84,84.0
SLEEP_TASK,84,85.0
SLEEP_TASK,85,85.0
SLEEP_TASK,85,85.0
SLEEP_TASK,85,85.5
SLEEP_TASK,85,85.5
SLEEP_TASK,85,86.0
SLEEP_TASK,85,86.0
SLEEP_TASK,85,86.0
SLEEP_TASK,85,86.5
SLEEP_TASK,86,86.0
SLEEP_TASK,86,87.0
SLEEP_TASK,86,88.0
SLEEP_TASK,86,88.0
SLEEP_TASK,87,87.0
SLEEP_TASK,87,87.0
SLEEP_TASK,87,88.0
SLEEP_TASK,87,90.0
SLEEP_TASK,88,88.0
SLEEP_TASK,88,88.5
SLEEP_TASK,88,90.5
SLEEP_TASK,88,91.0
SLEEP_TASK,89,89.0
SLEEP_TASK,89,89.0
SLEEP_TASK,89,92.0
SLEEP_TASK,89,96.5
SLEEP_TASK,92,92.0
SLEEP_TASK,92,92.0
SLEEP_TASK,92,93.0
SLEEP_TASK,92,93.0
SLEEP_TASK,93,93.0
SLEEP_TASK,93,93.5
SLEEP_TASK,93,94.0
SLEEP_TASK,93,94.0
SLEEP_TASK,94,95.0
SLEEP_TASK,94,96.0
SLEEP_TASK,96,96.0
SLEEP_TASK,96,96.0
SLEEP_TASK,96,96.0
SLEEP_TASK,96,96.0
SLEEP_TASK,96,96.0
SLEEP_TASK,96,96.0
SLEEP_TASK,96,96.0
SLEEP_TASK,96,96.5
SLEEP_TASK,96,97.0
SLEEP_TASK,96,97.0
SLEEP_TASK,96,98.0
SLEEP_TASK,96,98.0
SLEEP_TASK,98,98.0
SLEEP_TASK,98,98.0
SLEEP_TASK,98,99.0
SLEEP_TASK,98,99.0
SLEEP_TASK,98,99.0
SLEEP_TASK,98,99.5
SLEEP_TASK,98,101.0
SLEEP_TASK,98,107.0
SLEEP_TASK,99,99.0
SLEEP_TASK,99,99.0
SLEEP_TASK,99,100.0
SLEEP_TASK,99,100.5
SLEEP_TASK,100,101.0
SLEEP_TASK,100,102.0
SLEEP_TASK,100,109.0
SLEEP_TASK,100,113.0
SLEEP_TASK,101,101.0
SLEEP_TASK,101,102.0
SLEEP_TASK,101,102.0
SLEEP_TASK,101,103.0
SLEEP_TASK,103,103.0
SLEEP_TASK,103,103.5
SLEEP_TASK,103,103.5
SLEEP_TASK,103,104.0
SLEEP_TASK,104,104.0
SLEEP_TASK,104,104.0
SLEEP_TASK,104,104.0
SLEEP_TASK,104,105.0
SLEEP_TASK,107,107.0
SLEEP_TASK,107,107.0
SLEEP_TASK,107,107.0
SLEEP_TASK,107,107.0
SLEEP_TASK,107,107.0
SLEEP_TASK,107,107.5
SLEEP_TASK,107,108.0
SLEEP_TASK,107,110.0
SLEEP_TASK,108,108.0
SLEEP_TASK,108,109.0
SLEEP_TASK,108,109.0
SLEEP_TASK,108,110.0
SLEEP_TASK,109,109.0
SLEEP_TASK,109,109.0
SLEEP_TASK,109,109.5
SLEEP_TASK,109,109.5
SLEEP_TASK,109,111.0
SLEEP_TASK,109,111.0
SLEEP_TASK,109,111.5
SLEEP_TASK,109,113.5
SLEEP_TASK,111,111.0
SLEEP_TASK,111,112.0
SLEEP_TASK,111,112.0
SLEEP_TASK,111,112.0
SLEEP_TASK,114,114.0
SLEEP_TASK,114,114.0
SLEEP_TASK,114,114.0
SLEEP_TASK,114,114.0
SLEEP_TASK,114,114.0
SLEEP_TASK,114,114.0
SLEEP_TASK,114,114.5
SLEEP_TASK,114,115.0
SLEEP_TASK,114,115.0
SLEEP_TASK,114,115.0
SLEEP_TASK,114,115.0
SLEEP_TASK,114,115.5
SLEEP_TASK,115,115.0
SLEEP_TASK,115,115.0
SLEEP_TASK,115,115.0
SLEEP_TASK,115,116.0
SLEEP_TASK,116,116.0
SLEEP_TASK,116,116.0
SLEEP_TASK,116,117.0
SLEEP_TASK,116,118.0
SLEEP_TASK,117,117.0
SLEEP_TASK,117,117.0
SLEEP_TASK,117,118.0
SLEEP_TASK,117,119.0
SLEEP_TASK,118,118.0
SLEEP_TASK,118,118.5
SLEEP_TASK,118,119.0
SLEEP_TASK,118,119.0
SLEEP_TASK,119,119.0
SLEEP_TASK,119,119.0
SLEEP_TASK,119,119.0
SLEEP_TASK,119,119.0
SLEEP_TASK,119,119.0
SLEEP_TASK,119,119.0
SLEEP_TASK,119,119.5
SLEEP_TASK,119,119.5
SLEEP_TASK,119,120.0
SLEEP_TASK,119,120.0
SLEEP_TASK,119,120.0
SLEEP_TASK,119,120.5
SLEEP_TASK,119,121.0
SLEEP_TASK,119,121.0
SLEEP_TASK,119,121.0
SLEEP_TASK,119,121.0
SLEEP_TASK,119,121.0
SLEEP_TASK,119,123.0
SLEEP_TASK,119,123.0
SLEEP_TASK,119,125.0
SLEEP_TASK,120,126.5
SLEEP_TASK,120,129.0
SLEEP_TASK,120,130.5
SLEEP_TASK,120,131.0
SLEEP_TASK,121,122.0
SLEEP_TASK,121,123.0
SLEEP_TASK,121,123.0
SLEEP_TASK,121,124.0
SLEEP_TASK,123,123.0
SLEEP_TASK,123,124.0
SLEEP_TASK,123,124.0
SLEEP_TASK,123,125.0
SLEEP_TASK,124,124.0
SLEEP_TASK,124,124.0
SLEEP_TASK,124,125.0
SLEEP_TASK,124,125.0
SLEEP_TASK,129,129.0
SLEEP_TASK,129,129.0
SLEEP_TASK,129,129.0
SLEEP_TASK,129,129.0
SLEEP_TASK,129,129.0
SLEEP_TASK,129,130.5
SLEEP_TASK,129,131.0
SLEEP_TASK,129,134.0
SLEEP_TASK,130,132.0
SLEEP_TASK,130,132.0
SLEEP_TASK,130,144.0
SLEEP_TASK,130,145.0
SLEEP_TASK,131,131.0
SLEEP_TASK,131,131.0
SLEEP_TASK,131,131.0
SLEEP_TASK,131,131.5
SLEEP_TASK,132,132.0
SLEEP_TASK,132,132.0
SLEEP_TASK,132,132.0
SLEEP_TASK,132,133.5
SLEEP_TASK,133,134.0
SLEEP_TASK,133,134.0
SLEEP_TASK,133,135.0
SLEEP_TASK,133,135.5
SLEEP_TASK,134,134.0
SLEEP_TASK,134,134.5
SLEEP_TASK,134,135.0
SLEEP_TASK,134,135.5
SLEEP_TASK,136,136.0
SLEEP_TASK,136,137.0
SLEEP_TASK,136,137.0
SLEEP_TASK,136,139.0
SLEEP_TASK,137,137.0
SLEEP_TASK,137,137.0
SLEEP_TASK,137,137.0
SLEEP_TASK,137,137.5
SLEEP_TASK,137,137.5
SLEEP_TASK,137,138.0
SLEEP_TASK,137,139.0
SLEEP_TASK,137,139.0
SLEEP_TASK,141,141.0
SLEEP_TASK,141,141.0
SLEEP_TASK,141,142.0
SLEEP_TASK,141,143.0
SLEEP_TASK,143,143.0
SLEEP_TASK,143,143.0
SLEEP_TASK,143,145.5
SLEEP_TASK,143,146.0
SLEEP_TASK,146,146.0
SLEEP_TASK,146,146.0
SLEEP_TASK,146,146.5
SLEEP_TASK,146,153.5
SLEEP_TASK,147,147.0
SLEEP_TASK,147,147.0
SLEEP_TASK,147,147.0
SLEEP_TASK,147,148.0
SLEEP_TASK,148,148.0
SLEEP_TASK,148,148.0
SLEEP_TASK,148,149.0
SLEEP_TASK,150,150.0
SLEEP_TASK,150,152.0
SLEEP_TASK,150,155.0
SLEEP_TASK,150,156.0
SLEEP_TASK,150,157.0
SLEEP_TASK,150,158.5
SLEEP_TASK,150,164.0
SLEEP_TASK,150,165.0
SLEEP_TASK,152,152.0
SLEEP_TASK,152,152.0
SLEEP_TASK,152,152.0
SLEEP_TASK,152,154.0
SLEEP_TASK,153,153.5
SLEEP_TASK,153,154.0
SLEEP_TASK,153,154.0
SLEEP_TASK,153,154.5
SLEEP_TASK,154,154.0
SLEEP_TASK,154,154.0
SLEEP_TASK,154,154.0
SLEEP_TASK,154,154.0
SLEEP_TASK,154,155.0
SLEEP_TASK,154,155.0
SLEEP_TASK,154,155.0
SLEEP_TASK,154,155.5
SLEEP_TASK,155,155.0
SLEEP_TASK,155,155.0
SLEEP_TASK,155,156.0
SLEEP_TASK,155,156.0
SLEEP_TASK,156,156.0
SLEEP_TASK,156,156.0
SLEEP_TASK,156,156.0
SLEEP_TASK,156,156.0
SLEEP_TASK,156,156.0
SLEEP_TASK,156,156.5
SLEEP_TASK,156,156.5
SLEEP_TASK,156,157.0
SLEEP_TASK,156,157.0
SLEEP_TASK,156,157.0
SLEEP_TASK,156,157.0
SLEEP_TASK,156,157.5
SLEEP_TASK,156,158.0
SLEEP_TASK,156,158.0
SLEEP_TASK,156,159.0
SLEEP_TASK,156,160.5
SLEEP_TASK,158,158.0
SLEEP_TASK,158,158.0
SLEEP_TASK,158,158.5
SLEEP_TASK,158,160.0
SLEEP_TASK,164,164.5
SLEEP_TASK,164,165.0
SLEEP_TASK,164,165.0
SLEEP_TASK,164,168.0
SLEEP_TASK,165,165.0
SLEEP_TASK,165,165.0
SLEEP_TASK,165,165.0
SLEEP_TASK,165,166.0
SLEEP_TASK,165,166.0
SLEEP_TASK,165,166.5
SLEEP_TASK,165,167.0
SLEEP_TASK,165,171.0
SLEEP_TASK,167,167.0
SLEEP_TASK,167,167.0
SLEEP_TASK,167,167.0
SLEEP_TASK,167,167.0
SLEEP_TASK,167,167.0
SLEEP_TASK,167,167.0
SLEEP_TASK,167,168.0
SLEEP_TASK,167,168.0
SLEEP_TASK,167,168.0
SLEEP_TASK,167,169.0
SLEEP_TASK,167,169.0
SLEEP_TASK,167,170.0
SLEEP_TASK,169,169.0
SLEEP_TASK,169,169.0
SLEEP_TASK,169,169.0
SLEEP_TASK,169,169.0
SLEEP_TASK,169,169.0
SLEEP_TASK,169,170.0
SLEEP_TASK,169,170.0
SLEEP_TASK,169,170.0
SLEEP_TASK,169,171.0
SLEEP_TASK,169,174.0
SLEEP_TASK,169,175.0
SLEEP_TASK,169,176.0
SLEEP_TASK,175,176.0
SLEEP_TASK,175,176.0
SLEEP_TASK,175,176.5
SLEEP_TASK,175,177.0
SLEEP_TASK,176,176.0
SLEEP_TASK,176,176.0
SLEEP_TASK,176,176.0
SLEEP_TASK,176,176.0
SLEEP_TASK,176,177.0
SLEEP_TASK,176,177.0
SLEEP_TASK,176,177.5
SLEEP_TASK,176,178.5
SLEEP_TASK,178,179.0
SLEEP_TASK,178,179.0
SLEEP_TASK,178,179.0
SLEEP_TASK,178,184.0
SLEEP_TASK,180,180.0
SLEEP_TASK,180,181.0
SLEEP_TASK,180,182.0
SLEEP_TASK,180,186.0
SLEEP_TASK,180,186.0
SLEEP_TASK,180,192.5
SLEEP_TASK,180,194.5
SLEEP_TASK,180,203.0
SLEEP_TASK,181,181.0
SLEEP_TASK,181,181.0
SLEEP_TASK,181,182.5
SLEEP_TASK,181,182.5
SLEEP_TASK,182,182.0
SLEEP_TASK,182,182.0
SLEEP_TASK,182,182.0
SLEEP_TASK,182,182.0
SLEEP_TASK,182,182.0
SLEEP_TASK,182,182.0
SLEEP_TASK,182,182.5
SLEEP_TASK,182,182.5
SLEEP_TASK,182,182.5
SLEEP_TASK,182,184.0
SLEEP_TASK,182,184.5
SLEEP_TASK,182,188.0
SLEEP_TASK,183,183.0
SLEEP_TASK,183,183.0
SLEEP_TASK,183,183.0
SLEEP_TASK,183,184.5
SLEEP_TASK,185,185.0
SLEEP_TASK,185,185.5
SLEEP_TASK,185,186.0
SLEEP_TASK,185,187.0
SLEEP_TASK,186,186.0
SLEEP_TASK,186,186.0
SLEEP_TASK,186,186.0
SLEEP_TASK,186,186.0
SLEEP_TASK,186,186.0
SLEEP_TASK,186,186.5
SLEEP_TASK,186,187.0
SLEEP_TASK,186,187.0
SLEEP_TASK,186,187.0
SLEEP_TASK,186,188.0
SLEEP_TASK,186,188.5
SLEEP_TASK,186,189.0
SLEEP_TASK,188,188.0
SLEEP_TASK,188,188.0
SLEEP_TASK,188,188.0
SLEEP_TASK,188,188.0
SLEEP_TASK,188,188.0
SLEEP_TASK,188,189.0
SLEEP_TASK,188,189.0
SLEEP_TASK,188,189.0
SLEEP_TASK,188,189.0
SLEEP_TASK,188,189.0
SLEEP_TASK,188,189.5
SLEEP_TASK,188,197.0
SLEEP_TASK,189,189.0
SLEEP_TASK,189,189.0
SLEEP_TASK,189,190.0
SLEEP_TASK,189,190.5
SLEEP_TASK,190,191.0
SLEEP_TASK,190,192.0
SLEEP_TASK,190,192.5
SLEEP_TASK,190,192.5
SLEEP_TASK,190,194.0
SLEEP_TASK,190,194.5
SLEEP_TASK,190,198.5
SLEEP_TASK,190,203.0
SLEEP_TASK,191,191.0
SLEEP_TASK,191,191.0
SLEEP_TASK,191,191.0
SLEEP_TASK,191,191.0
SLEEP_TASK,191,191.0
SLEEP_TASK,191,191.0
SLEEP_TASK,191,192.0
SLEEP_TASK,191,192.0
SLEEP_TASK,191,193.0
SLEEP_TASK,191,193.0
SLEEP_TASK,191,193.5
SLEEP_TASK,191,194.0
SLEEP_TASK,195,195.0
SLEEP_TASK,195,196.0
SLEEP_TASK,195,197.0
SLEEP_TASK,195,197.0
SLEEP_TASK,196,196.0
SLEEP_TASK,196,196.0
SLEEP_TASK,196,196.5
SLEEP_TASK,196,197.0
SLEEP_TASK,197,197.0
SLEEP_TASK,197,197.0
SLEEP_TASK,197,197.5
SLEEP_TASK,197,199.0
SLEEP_TASK,198,198.0
SLEEP_TASK,198,199.0
SLEEP_TASK,198,199.0
SLEEP_TASK,198,199.0
SLEEP_TASK,199,199.0
SLEEP_TASK,199,199.0
SLEEP_TASK,199,200.0
SLEEP_TASK,199,200.0
SLEEP_TASK,200,203.0
SLEEP_TASK,200,203.0
SLEEP_TASK,200,204.0
SLEEP_TASK,200,205.0
SLEEP_TASK,201,202.0
SLEEP_TASK,201,202.0
SLEEP_TASK,201,202.0
SLEEP_TASK,201,203.0
SLEEP_TASK,202,202.0
SLEEP_TASK,202,202.0
SLEEP_TASK,202,202.5
SLEEP_TASK,202,203.0
SLEEP_TASK,202,203.0
SLEEP_TASK,202,203.0
SLEEP_TASK,202,203.0
SLEEP_TASK,202,204.0
SLEEP_TASK,203,203.0
SLEEP_TASK,203,203.0
SLEEP_TASK,203,204.0
SLEEP_TASK,203,204.0
SLEEP_TASK,206,206.0
SLEEP_TASK,206,207.0
SLEEP_TASK,206,207.0
SLEEP_TASK,206,208.0
SLEEP_TASK,207,207.0
SLEEP_TASK,207,207.0
SLEEP_TASK,207,207.0
SLEEP_TASK,207,208.0
SLEEP_TASK,207,208.0
SLEEP_TASK,207,208.0
SLEEP_TASK,207,208.0
SLEEP_TASK,207,208.0
SLEEP_TASK,208,208.0
SLEEP_TASK,208,208.0
SLEEP_TASK,208,208.0
SLEEP_TASK,208,209.0
SLEEP_TASK,209,209.0
SLEEP_TASK,209,209.0
SLEEP_TASK,209,209.0
SLEEP_TASK,209,209.0
SLEEP_TASK,212,212.0
SLEEP_TASK,212,213.0
SLEEP_TASK,212,213.0
SLEEP_TASK,212,213.0
SLEEP_TASK,213,213.5
SLEEP_TASK,213,214.0
SLEEP_TASK,213,214.0
SLEEP_TASK,213,215.0
SLEEP_TASK,215,215.0
SLEEP_TASK,215,215.0
SLEEP_TASK,215,215.0
SLEEP_TASK,215,215.0
SLEEP_TASK,215,216.0
SLEEP_TASK,215,216.5
SLEEP_TASK,215,217.0
SLEEP_TASK,215,217.0
SLEEP_TASK,216,216.0
SLEEP_TASK,216,216.0
SLEEP_TASK,216,216.0
SLEEP_TASK,216,216.0
SLEEP_TASK,216,217.0
SLEEP_TASK,216,217.0
SLEEP_TASK,216,217.0
SLEEP_TASK,216,217.0
SLEEP_TASK,216,217.0
SLEEP_TASK,216,217.0
SLEEP_TASK,216,217.0
SLEEP_TASK,216,217.5
SLEEP_TASK,218,218.0
SLEEP_TASK,218,218.0
SLEEP_TASK,218,219.5
SLEEP_TASK,218,220.0
SLEEP_TASK,219,219.0
SLEEP_TASK,219,219.0
SLEEP_TASK,219,219.0
SLEEP_TASK,219,220.0
SLEEP_TASK,219,220.0
SLEEP_TASK,219,221.0
SLEEP_TASK,219,221.0
SLEEP_TASK,219,223.5
SLEEP_TASK,220,220.0
SLEEP_TASK,220,220.0
SLEEP_TASK,220,221.0
SLEEP_TASK,220,222.0
SLEEP_TASK,221,221.0
SLEEP_TASK,221,221.0
SLEEP_TASK,221,222.0
SLEEP_TASK,221,222.0
SLEEP_TASK,222,222.0
SLEEP_TASK,222,222.0
SLEEP_TASK,222,222.5
SLEEP_TASK,222,223.5
SLEEP_TASK,223,224.0
SLEEP_TASK,223,225.0
SLEEP_TASK,223,226.0
SLEEP_TASK,223,226.5
SLEEP_TASK,227,227.0
SLEEP_TASK,227,227.0
SLEEP_TASK,227,227.0
SLEEP_TASK,227,227.0
SLEEP_TASK,227,227.0
SLEEP_TASK,227,227.0
SLEEP_TASK,227,227.0
SLEEP_TASK,227,228.0
SLEEP_TASK,228,228.5
SLEEP_TASK,228,229.0
SLEEP_TASK,228,229.0
SLEEP_TASK,228,229.5
SLEEP_TASK,229,229.0
SLEEP_TASK,229,229.0
SLEEP_TASK,229,229.0
SLEEP_TASK,229,229.0
SLEEP_TASK,230,230.0
SLEEP_TASK,230,230.0
SLEEP_TASK,230,230.0
SLEEP_TASK,230,231.0
SLEEP_TASK,230,232.5
SLEEP_TASK,230,236.0
SLEEP_TASK,230,242.0
SLEEP_TASK,230,243.5
SLEEP_TASK,231,231.0
SLEEP_TASK,231,231.0
SLEEP_TASK,231,231.5
SLEEP_TASK,231,234.0
SLEEP_TASK,232,232.0
SLEEP_TASK,232,232.0
SLEEP_TASK,232,233.0
SLEEP_TASK,232,233.0
SLEEP_TASK,233,233.0
SLEEP_TASK,233,233.0
SLEEP_TASK,233,233.0
SLEEP_TASK,233,233.0
SLEEP_TASK,233,233.0
SLEEP_TASK,233,233.0
SLEEP_TASK,233,233.0
SLEEP_TASK,233,233.0
SLEEP_TASK,233,233.0
SLEEP_TASK,233,233.5
SLEEP_TASK,233,233.5
SLEEP_TASK,233,234.0
SLEEP_TASK,233,234.0
SLEEP_TASK,233,234.0
SLEEP_TASK,233,234.5
SLEEP_TASK,233,235.0
SLEEP_TASK,236,236.0
SLEEP_TASK,236,236.0
SLEEP_TASK,236,237.0
SLEEP_TASK,236,237.0
SLEEP_TASK,236,237.0
SLEEP_TASK,236,237.0
SLEEP_TASK,236,237.5
SLEEP_TASK,236,237.5
SLEEP_TASK,237,237.0
SLEEP_TASK,237,237.0
SLEEP_TASK,237,237.0
SLEEP_TASK,237,237.0
SLEEP_TASK,237,237.5
SLEEP_TASK,237,238.0
SLEEP_TASK,237,238.0
SLEEP_TASK,237,238.0
SLEEP_TASK,238,238.0
SLEEP_TASK,238,238.0
SLEEP_TASK,238,238.0
SLEEP_TASK,238,239.0
SLEEP_TASK,242,242.0
SLEEP_TASK,242,242.0
SLEEP_TASK,242,242.0
SLEEP_TASK,242,242.0
SLEEP_TASK,242,242.0
SLEEP_TASK,242,242.5
SLEEP_TASK,242,242.5
SLEEP_TASK,242,242.5
SLEEP_TASK,242,242.5
SLEEP_TASK,242,243.0
SLEEP_TASK,242,243.0
SLEEP_TASK,242,243.0
SLEEP_TASK,242,243.0
SLEEP_TASK,242,243.5
SLEEP_TASK,242,244.0
SLEEP_TASK,242,244.0
SLEEP_TASK,243,243.0
SLEEP_TASK,243,243.0
SLEEP_TASK,243,243.0
SLEEP_TASK,243,243.5
SLEEP_TASK,243,244.0
SLEEP_TASK,243,244.0
SLEEP_TASK,243,244.0
SLEEP_TASK,243,246.0
SLEEP_TASK,244,244.0
SLEEP_TASK,244,244.0
SLEEP_TASK,244,244.0
SLEEP_TASK,244,244.5
SLEEP_TASK,244,244.5
SLEEP_TASK,244,245.0
SLEEP_TASK,244,245.5
SLEEP_TASK,244,246.0
SLEEP_TASK,245,245.0
SLEEP_TASK,245,245.0
SLEEP_TASK,245,245.0
SLEEP_TASK,245,245.0
SLEEP_TASK,245,245.0
SLEEP_TASK,245,245.5
SLEEP_TASK,245,246.0
SLEEP_TASK,245,248.0
SLEEP_TASK,246,246.0
SLEEP_TASK,246,246.0
SLEEP_TASK,246,246.0
SLEEP_TASK,246,246.0
SLEEP_TASK,246,246.0
SLEEP_TASK,246,246.0
SLEEP_TASK,246,246.0
SLEEP_TASK,246,248.0
SLEEP_TASK,248,248.0
SLEEP_TASK,248,248.0
SLEEP_TASK,248,248.0
SLEEP_TASK,248,248.0
SLEEP_TASK,248,248.0
SLEEP_TASK,248,248.0
SLEEP_TASK,248,248.0
SLEEP_TASK,248,248.0
SLEEP_TASK,248,248.0
SLEEP_TASK,248,248.5
SLEEP_TASK,248,248.5
SLEEP_TASK,248,249.0
SLEEP_TASK,248,249.0
SLEEP_TASK,248,249.5
SLEEP_TASK,248,250.0
SLEEP_TASK,248,251.0
SLEEP_TASK,250,250.0
SLEEP_TASK,250,250.0
SLEEP_TASK,250,255.0
SLEEP_TASK,250,256.0
SLEEP_TASK,251,251.0
SLEEP_TASK,251,251.0
SLEEP_TASK,251,252.0
SLEEP_TASK,251,252.0
SLEEP_TASK,251,252.0
SLEEP_TASK,251,252.0
SLEEP_TASK,251,253.0
SLEEP_TASK,251,255.0
SLEEP_TASK,252,252.0
SLEEP_TASK,252,253.0
SLEEP_TASK,252,253.0
SLEEP_TASK,252,253.0
SLEEP_TASK,253,253.0
SLEEP_TASK,253,253.0
SLEEP_TASK,253,254.0
SLEEP_TASK,253,256.0
SLEEP_TASK,254,254.0
SLEEP_TASK,254,255.0
SLEEP_TASK,254,255.0
SLEEP_TASK,254,256.0
SLEEP_TASK,255,255.0
SLEEP_TASK,255,255.5
SLEEP_TASK,255,255.5
SLEEP_TASK,255,256.0
SLEEP_TASK,258,258.5
SLEEP_TASK,258,259.0
SLEEP_TASK,258,259.0
SLEEP_TASK,258,263.0
SLEEP_TASK,259,259.0
SLEEP_TASK,259,259.0
SLEEP_TASK,259,259.0
SLEEP_TASK,259,259.0
SLEEP_TASK,259,259.0
SLEEP_TASK,259,260.0
SLEEP_TASK,259,260.0
SLEEP_TASK,259,261.0
SLEEP_TASK,260,261.0
SLEEP_TASK,260,263.0
SLEEP_TASK,260,263.5
SLEEP_TASK,260,266.0
SLEEP_TASK,261,261.5
SLEEP_TASK,261,262.0
SLEEP_TASK,261,262.0
SLEEP_TASK,261,263.0
SLEEP_TASK,263,263.0
SLEEP_TASK,263,263.0
SLEEP_TASK,263,263.0
SLEEP_TASK,263,263.5
SLEEP_TASK,263,264.0
SLEEP_TASK,263,265.0
SLEEP_TASK,263,265.0
SLEEP_TASK,263,266.0
SLEEP_TASK,264,264.0
SLEEP_TASK,264,264.0
SLEEP_TASK,264,264.0
SLEEP_TASK,264,264.0
SLEEP_TASK,264,264.5
SLEEP_TASK,264,265.0
SLEEP_TASK,264,266.0
SLEEP_TASK,264,267.0
SLEEP_TASK,265,265.0
SLEEP_TASK,265,265.0
SLEEP_TASK,265,265.0
SLEEP_TASK,265,265.5
SLEEP_TASK,265,266.0
SLEEP_TASK,265,266.0
SLEEP_TASK,265,267.0
SLEEP_TASK,265,267.0
SLEEP_TASK,267,267.0
SLEEP_TASK,267,267.0
SLEEP_TASK,267,268.0
SLEEP_TASK,267,268.0
SLEEP_TASK,268,268.0
SLEEP_TASK,268,268.0
SLEEP_TASK,268,268.0
SLEEP_TASK,268,268.5
SLEEP_TASK,268,268.5
SLEEP_TASK,268,269.0
SLEEP_TASK,268,270.0
SLEEP_TASK,268,270.0
SLEEP_TASK,270,275.0
SLEEP_TASK,270,277.0
SLEEP_TASK,270,277.5
SLEEP_TASK,270,282.0
SLEEP_TASK,272,272.0
SLEEP_TASK,272,272.0
SLEEP_TASK,272,272.0
SLEEP_TASK,272,273.0
SLEEP_TASK,273,273.0
SLEEP_TASK,273,274.0
SLEEP_TASK,273,274.0
SLEEP_TASK,273,274.0
SLEEP_TASK,273,274.0
SLEEP_TASK,273,274.5
SLEEP_TASK,273,275.0
SLEEP_TASK,273,275.0
SLEEP_TASK,274,274.0
SLEEP_TASK,274,274.0
SLEEP_TASK,274,274.0
SLEEP_TASK,274,274.0
SLEEP_TASK,274,274.0
SLEEP_TASK,274,274.0
SLEEP_TASK,274,275.0
SLEEP_TASK,274,275.0
SLEEP_TASK,275,275.0
SLEEP_TASK,275,275.0
SLEEP_TASK,275,275.0
SLEEP_TASK,275,276.0
SLEEP_TASK,277,277.5
SLEEP_TASK,277,278.0
SLEEP_TASK,277,278.0
SLEEP_TASK,277,278.0
SLEEP_TASK,278,278.0
SLEEP_TASK,278,278.0
SLEEP_TASK,278,278.5
SLEEP_TASK,278,280.0
SLEEP_TASK,279,280.0
SLEEP_TASK,279,280.0
SLEEP_TASK,279,280.0
SLEEP_TASK,279,282.0
SLEEP_TASK,280,280.0
SLEEP_TASK,280,280.0
SLEEP_TASK,280,281.5
SLEEP_TASK,280,282.0
SLEEP_TASK,280,283.0
SLEEP_TASK,280,284.0
SLEEP_TASK,280,286.0
SLEEP_TASK,280,291.0
SLEEP_TASK,281,281.0
SLEEP_TASK,281,281.0
SLEEP_TASK,281,282.0
SLEEP_TASK,281,282.0
SLEEP_TASK,281,282.0
SLEEP_TASK,281,282.0
SLEEP_TASK,281,283.0
SLEEP_TASK,281,284.0
SLEEP_TASK,283,283.0
SLEEP_TASK,283,283.0
SLEEP_TASK,283,284.0
SLEEP_TASK,283,287.0
SLEEP_TASK,284,284.0
SLEEP_TASK,284,284.0
SLEEP_TASK,284,284.0
SLEEP_TASK,284,284.0
SLEEP_TASK,284,284.0
SLEEP_TASK,284,285.0
SLEEP_TASK,284,285.0
SLEEP_TASK,284,287.0
SLEEP_TASK,285,285.0
SLEEP_TASK,285,285.0
SLEEP_TASK,285,286.0
SLEEP_TASK,285,286.0
SLEEP_TASK,285,286.0
SLEEP_TASK,285,286.0
SLEEP_TASK,285,286.5
SLEEP_TASK,285,286.5
SLEEP_TASK,287,287.0
SLEEP_TASK,287,287.0
SLEEP_TASK,287,287.0
SLEEP_TASK,287,287.5
SLEEP_TASK,287,288.0
SLEEP_TASK,287,288.0
SLEEP_TASK,287,288.0
SLEEP_TASK,287,289.0
SLEEP_TASK,288,288.0
SLEEP_TASK,288,288.0
SLEEP_TASK,288,289.0
SLEEP_TASK,288,292.0
SLEEP_TASK,290,290.0
SLEEP_TASK,290,291.0
SLEEP_TASK,290,292.0
SLEEP_TASK,290,303.0
SLEEP_TASK,291,291.0
SLEEP_TASK,291,291.0
SLEEP_TASK,291,292.0
SLEEP_TASK,291,293.0
SLEEP_TASK,294,294.0
SLEEP_TASK,294,294.0
SLEEP_TASK,294,296.0
SLEEP_TASK,294,296.5
SLEEP_TASK,295,295.0
SLEEP_TASK,295,295.5
SLEEP_TASK,295,296.0
SLEEP_TASK,295,296.0
SLEEP_TASK,295,296.0
SLEEP_TASK,295,296.5
SLEEP_TASK,295,297.0
SLEEP_TASK,295,297.0
SLEEP_TASK,300,300.0
SLEEP_TASK,300,300.5
SLEEP_TASK,300,301.0
SLEEP_TASK,300,301.0
SLEEP_TASK,300,301.0
SLEEP_TASK,300,302.0
SLEEP_TASK,300,302.0
SLEEP_TASK,300,302.0
SLEEP_TASK,301,301.0
SLEEP_TASK,301,301.0
SLEEP_TASK,301,301.0
SLEEP_TASK,301,301.0
SLEEP_TASK,301,302.0
SLEEP_TASK,301,302.0
SLEEP_TASK,301,303.5
SLEEP_TASK,301,304.0
SLEEP_TASK,303,303.0
SLEEP_TASK,303,303.0
SLEEP_TASK,303,304.0
SLEEP_TASK,303,304.0
SLEEP_TASK,303,304.5
SLEEP_TASK,303,304.5
SLEEP_TASK,303,305.0
SLEEP_TASK,303,305.5
SLEEP_TASK,304,304.5
SLEEP_TASK,304,306.0
SLEEP_TASK,304,306.0
SLEEP_TASK,304,307.5
SLEEP_TASK,305,305.5
SLEEP_TASK,305,306.0
SLEEP_TASK,305,306.0
SLEEP_TASK,305,308.0
SLEEP_TASK,306,306.5
SLEEP_TASK,306,307.0
SLEEP_TASK,306,307.5
SLEEP_TASK,306,310.0
SLEEP_TASK,307,307.0
SLEEP_TASK,307,308.0
SLEEP_TASK,307,308.5
SLEEP_TASK,307,310.5
SLEEP_TASK,309,309.0
SLEEP_TASK,309,309.0
SLEEP_TASK,309,309.0
SLEEP_TASK,309,310.0
SLEEP_TASK,309,310.0
SLEEP_TASK,309,310.5
SLEEP_TASK,309,312.0
SLEEP_TASK,309,317.0
SLEEP_TASK,312,313.0
SLEEP_TASK,312,313.5
SLEEP_TASK,312,314.0
SLEEP_TASK,312,315.0
SLEEP_TASK,313,313.0
SLEEP_TASK,313,313.0
SLEEP_TASK,313,314.0
SLEEP_TASK,313,314.0
SLEEP_TASK,315,315.0
SLEEP_TASK,315,315.0
SLEEP_TASK,315,315.0
SLEEP_TASK,315,315.0
SLEEP_TASK,316,316.0
SLEEP_TASK,316,316.0
SLEEP_TASK,316,316.0
SLEEP_TASK,316,316.0
SLEEP_TASK,316,317.0
SLEEP_TASK,316,317.5
SLEEP_TASK,316,318.5
SLEEP_TASK,316,319.0
SLEEP_TASK,319,319.0
SLEEP_TASK,319,320.0
SLEEP_TASK,319,320.0
SLEEP_TASK,319,320.0
SLEEP_TASK,319,320.0
SLEEP_TASK,319,320.5
SLEEP_TASK,319,321.0
SLEEP_TASK,319,322.0
SLEEP_TASK,320,320.0
SLEEP_TASK,320,321.0
SLEEP_TASK,320,321.0
SLEEP_TASK,320,322.0
SLEEP_TASK,323,323.0
SLEEP_TASK,323,323.0
SLEEP_TASK,323,323.0
SLEEP_TASK,323,325.0
SLEEP_TASK,325,325.0
SLEEP_TASK,325,325.0
SLEEP_TASK,325,326.5
SLEEP_TASK,325,327.0
SLEEP_TASK,328,328.0
SLEEP_TASK,328,328.0
SLEEP_TASK,328,329.0
SLEEP_TASK,328,329.0
SLEEP_TASK,329,329.0
SLEEP_TASK,329,329.0
SLEEP_TASK,329,332.5
SLEEP_TASK,329,332.5
SLEEP_TASK,333,333.5
SLEEP_TASK,333,334.0
SLEEP_TASK,333,334.5
SLEEP_TASK,333,335.0
SLEEP_TASK,334,334.0
SLEEP_TASK,334,334.0
SLEEP_TASK,334,334.0
SLEEP_TASK,334,335.0
SLEEP_TASK,335,335.0
SLEEP_TASK,335,336.0
SLEEP_TASK,335,336.0
SLEEP_TASK,335,338.0
SLEEP_TASK,337,337.5
SLEEP_TASK,337,338.0
SLEEP_TASK,337,338.0
SLEEP_TASK,337,338.0
SLEEP_TASK,338,338.0
SLEEP_TASK,338,338.0
SLEEP_TASK,338,338.0
SLEEP_TASK,338,338.0
SLEEP_TASK,338,339.0
SLEEP_TASK,338,339.0
SLEEP_TASK,338,339.0
SLEEP_TASK,338,339.0
SLEEP_TASK,339,339.0
SLEEP_TASK,339,339.0
SLEEP_TASK,339,339.0
SLEEP_TASK,339,339.0
SLEEP_TASK,339,339.0
SLEEP_TASK,339,339.0
SLEEP_TASK,339,339.0
SLEEP_TASK,339,339.0
SLEEP_TASK,339,339.0
SLEEP_TASK,339,339.0
SLEEP_TASK,339,339.0
SLEEP_TASK,339,339.0
SLEEP_TASK,339,339.0
SLEEP_TASK,339,339.0
SLEEP_TASK,339,340.0
SLEEP_TASK,339,340.0
SLEEP_TASK,339,340.0
SLEEP_TASK,339,341.0
SLEEP_TASK,339,341.0
SLEEP_TASK,339,341.0
SLEEP_TASK,340,340.0
SLEEP_TASK,340,340.0
SLEEP_TASK,340,343.0
SLEEP_TASK,340,347.0
SLEEP_TASK,342,342.5
SLEEP_TASK,342,343.0
SLEEP_TASK,342,343.0
SLEEP_TASK,342,344.0
SLEEP_TASK,343,343.0
SLEEP_TASK,343,343.0
SLEEP_TASK,343,343.5
SLEEP_TASK,343,344.5
SLEEP_TASK,344,345.0
SLEEP_TASK,344,345.0
SLEEP_TASK,344,346.0
SLEEP_TASK,344,346.0
SLEEP_TASK,345,345.0
SLEEP_TASK,345,345.0
SLEEP_TASK,345,345.0
SLEEP_TASK,345,345.0
SLEEP_TASK,345,345.0
SLEEP_TASK,345,345.0
SLEEP_TASK,345,345.0
SLEEP_TASK,345,345.5
SLEEP_TASK,345,347.0
SLEEP_TASK,345,347.0
SLEEP_TASK,345,347.0
SLEEP_TASK,345,347.5
SLEEP_TASK,346,346.0
SLEEP_TASK,346,346.0
SLEEP_TASK,346,346.0
SLEEP_TASK,346,346.0
SLEEP_TASK,346,346.0
SLEEP_TASK,346,346.5
SLEEP_TASK,346,347.0
SLEEP_TASK,346,347.0
SLEEP_TASK,347,347.0
SLEEP_TASK,347,347.0
SLEEP_TASK,347,347.0
SLEEP_TASK,347,347.5
SLEEP_TASK,347,348.0
SLEEP_TASK,347,348.0
SLEEP_TASK,347,348.5
SLEEP_TASK,347,350.0
SLEEP_TASK,349,349.0
SLEEP_TASK,349,350.0
SLEEP_TASK,349,351.0
SLEEP_TASK,349,354.0
SLEEP_TASK,350,350.5
SLEEP_TASK,350,351.0
SLEEP_TASK,350,351.0
SLEEP_TASK,350,351.0
SLEEP_TASK,350,355.0
SLEEP_TASK,350,356.0
SLEEP_TASK,350,362.0
SLEEP_TASK,350,363.0
SLEEP_TASK,351,351.0
SLEEP_TASK,351,351.5
SLEEP_TASK,351,352.0
SLEEP_TASK,351,353.0
SLEEP_TASK,352,352.0
SLEEP_TASK,352,352.0
SLEEP_TASK,352,353.0
SLEEP_TASK,352,353.5
SLEEP_TASK,353,354.0
SLEEP_TASK,353,354.0
SLEEP_TASK,353,355.0
SLEEP_TASK,353,355.5
SLEEP_TASK,354,354.0
SLEEP_TASK,354,354.0
SLEEP_TASK,354,354.0
SLEEP_TASK,354,354.0
SLEEP_TASK,354,354.5
SLEEP_TASK,354,355.0
SLEEP_TASK,354,355.0
SLEEP_TASK,354,355.5
SLEEP_TASK,355,355.0
SLEEP_TASK,355,355.0
SLEEP_TASK,355,355.0
SLEEP_TASK,355,357.0
SLEEP_TASK,357,357.0
SLEEP_TASK,357,358.5
SLEEP_TASK,357,359.0
SLEEP_TASK,357,359.5
SLEEP_TASK,358,358.0
SLEEP_TASK,358,358.0
SLEEP_TASK,358,358.0
SLEEP_TASK,358,360.0
SLEEP_TASK,360,360.0
SLEEP_TASK,360,361.0
SLEEP_TASK,360,361.0
SLEEP_TASK,360,361.5
SLEEP_TASK,360,363.0
SLEEP_TASK,360,363.0
SLEEP_TASK,360,368.0
SLEEP_TASK,360,371.0
SLEEP_TASK,361,361.0
SLEEP_TASK,361,361.5
SLEEP_TASK,361,361.5
SLEEP_TASK,361,362.0
SLEEP_TASK,362,362.0
SLEEP_TASK,362,362.0
SLEEP_TASK,362,362.5
SLEEP_TASK,362,363.0
SLEEP_TASK,362,363.0
SLEEP_TASK,362,363.0
SLEEP_TASK,362,363.0
SLEEP_TASK,362,363.5
SLEEP_TASK,364,364.0
SLEEP_TASK,364,365.0
SLEEP_TASK,364,365.5
SLEEP_TASK,364,367.5
SLEEP_TASK,365,365.0
SLEEP_TASK,365,365.0
SLEEP_TASK,365,365.5
SLEEP_TASK,365,365.5
SLEEP_TASK,365,366.0
SLEEP_TASK,365,366.0
SLEEP_TASK,365,366.5
SLEEP_TASK,365,367.0
SLEEP_TASK,366,366.0
SLEEP_TASK,366,367.0
SLEEP_TASK,366,367.5
SLEEP_TASK,366,367.5
SLEEP_TASK,367,367.0
SLEEP_TASK,367,367.0
SLEEP_TASK,367,367.0
SLEEP_TASK,367,367.0
SLEEP_TASK,367,367.5
SLEEP_TASK,367,367.5
SLEEP_TASK,367,368.0
SLEEP_TASK,367,370.0
SLEEP_TASK,368,368.0
SLEEP_TASK,368,369.0
SLEEP_TASK,368,369.0
SLEEP_TASK,368,369.0
SLEEP_TASK,368,369.0
SLEEP_TASK,368,369.0
SLEEP_TASK,368,369.5
SLEEP_TASK,368,370.0
SLEEP_TASK,370,370.0
SLEEP_TASK,370,379.0
SLEEP_TASK,370,384.0
SLEEP_TASK,370,386.0
SLEEP_TASK,371,371.0
SLEEP_TASK,371,371.0
SLEEP_TASK,371,371.0
SLEEP_TASK,371,371.0
SLEEP_TASK,371,371.5
SLEEP_TASK,371,372.0
SLEEP_TASK,371,372.0
SLEEP_TASK,371,377.0
SLEEP_TASK,372,372.0
SLEEP_TASK,372,372.0
SLEEP_TASK,372,372.5
SLEEP_TASK,372,372.5
SLEEP_TASK,372,373.5
SLEEP_TASK,372,374.0
SLEEP_TASK,372,374.0
SLEEP_TASK,372,374.0
SLEEP_TASK,373,374.0
SLEEP_TASK,373,376.0
SLEEP_TASK,373,376.5
SLEEP_TASK,373,385.0
SLEEP_TASK,375,376.0
SLEEP_TASK,375,376.0
SLEEP_TASK,375,376.0
SLEEP_TASK,375,377.0
SLEEP_TASK,376,376.0
SLEEP_TASK,376,376.0
SLEEP_TASK,376,376.0
SLEEP_TASK,376,376.5
SLEEP_TASK,376,376.5
SLEEP_TASK,376,377.0
SLEEP_TASK,376,377.0
SLEEP_TASK,376,377.5
SLEEP_TASK,377,377.0
SLEEP_TASK,377,377.0
SLEEP_TASK,377,378.0
SLEEP_TASK,377,378.0
SLEEP_TASK,378,378.0
SLEEP_TASK,378,378.0
SLEEP_TASK,378,379.0
SLEEP_TASK,378,381.0
SLEEP_TASK,381,381.0
SLEEP_TASK,381,381.0
SLEEP_TASK,381,381.0
SLEEP_TASK,381,381.0
SLEEP_TASK,381,381.0
SLEEP_TASK,381,381.5
SLEEP_TASK,381,381.5
SLEEP_TASK,381,382.0
SLEEP_TASK,381,382.0
SLEEP_TASK,381,382.0
SLEEP_TASK,381,382.0
SLEEP_TASK,381,383.0
SLEEP_TASK,383,383.0
SLEEP_TASK,383,384.0
SLEEP_TASK,383,384.0
SLEEP_TASK,383,385.0
SLEEP_TASK,385,385.0
SLEEP_TASK,385,385.0
SLEEP_TASK,385,386.0
SLEEP_TASK,385,387.5
SLEEP_TASK,387,387.5
SLEEP_TASK,387,388.0
SLEEP_TASK,387,388.0
SLEEP_TASK,387,389.0
SLEEP_TASK,388,388.0
SLEEP_TASK,388,388.5
SLEEP_TASK,388,388.5
SLEEP_TASK,388,389.0
SLEEP_TASK,389,389.0
SLEEP_TASK,389,392.0
SLEEP_TASK,389,392.5
SLEEP_TASK,389,396.0
SLEEP_TASK,390,392.0
SLEEP_TASK,390,394.0
SLEEP_TASK,390,397.0
SLEEP_TASK,390,397.0
SLEEP_TASK,391,391.0
SLEEP_TASK,391,392.0
SLEEP_TASK,391,392.0
SLEEP_TASK,391,394.0
SLEEP_TASK,395,395.0
SLEEP_TASK,395,395.0
SLEEP_TASK,395,395.5
SLEEP_TASK,395,395.5
SLEEP_TASK,395,395.5
SLEEP_TASK,395,396.0
SLEEP_TASK,395,396.0
SLEEP_TASK,395,396.0
SLEEP_TASK,395,396.0
SLEEP_TASK,395,396.0
SLEEP_TASK,395,396.0
SLEEP_TASK,395,396.0
SLEEP_TASK,395,396.0
SLEEP_TASK,395,397.0
SLEEP_TASK,395,397.0
SLEEP_TASK,395,398.0
SLEEP_TASK,397,397.0
SLEEP_TASK,397,397.0
SLEEP_TASK,397,397.5
SLEEP_TASK,397,397.5
SLEEP_TASK,397,398.0
SLEEP_TASK,397,398.0
SLEEP_TASK,397,398.0
SLEEP_TASK,397,399.0
SLEEP_TASK,398,398.0
SLEEP_TASK,398,398.0
SLEEP_TASK,398,398.0
SLEEP_TASK,398,398.0
SLEEP_TASK,398,398.0
SLEEP_TASK,398,398.5
SLEEP_TASK,398,399.0
SLEEP_TASK,398,399.5
SLEEP_TASK,399,399.0
SLEEP_TASK,399,400.0
SLEEP_TASK,399,400.5
SLEEP_TASK,399,401.5
SLEEP_TASK,400,401.0
SLEEP_TASK,400,401.0
SLEEP_TASK,400,408.0
SLEEP_TASK,400,414.0
SLEEP_TASK,420,420.0
SLEEP_TASK,420,422.0
SLEEP_TASK,420,425.0
SLEEP_TASK,420,434.5
SLEEP_TASK,424,424.0
SLEEP_TASK,424,424.0
SLEEP_TASK,424,424.0
SLEEP_TASK,424,425.0
SLEEP_TASK,424,425.0
SLEEP_TASK,424,425.0
SLEEP_TASK,424,425.5
SLEEP_TASK,424,426.0
SLEEP_TASK,426,426.0
SLEEP_TASK,426,426.0
SLEEP_TASK,426,427.0
SLEEP_TASK,426,427.0
SLEEP_TASK,426,427.0
SLEEP_TASK,426,427.0
SLEEP_TASK,426,427.0
SLEEP_TASK,426,427.0
SLEEP_TASK,433,433.0
SLEEP_TASK,433,433.0
SLEEP_TASK,433,433.0
SLEEP_TASK,433,434.5
SLEEP_TASK,437,437.0
SLEEP_TASK,437,437.0
SLEEP_TASK,437,437.0
SLEEP_TASK,437,437.0
SLEEP_TASK,442,442.0
SLEEP_TASK,442,444.0
SLEEP_TASK,442,444.0
SLEEP_TASK,442,445.5
SLEEP_TASK,443,443.0
SLEEP_TASK,443,443.5
SLEEP_TASK,443,444.0
SLEEP_TASK,443,445.0
SLEEP_TASK,445,445.0
SLEEP_TASK,445,445.0
SLEEP_TASK,445,446.0
SLEEP_TASK,445,448.0
SLEEP_TASK,447,447.0
SLEEP_TASK,447,447.0
SLEEP_TASK,447,447.0
SLEEP_TASK,447,447.0
SLEEP_TASK,447,447.0
SLEEP_TASK,447,447.0
SLEEP_TASK,447,447.5
SLEEP_TASK,447,448.0
SLEEP_TASK,451,451.0
SLEEP_TASK,451,451.5
SLEEP_TASK,451,453.0
SLEEP_TASK,451,454.0
SLEEP_TASK,456,456.0
SLEEP_TASK,456,456.0
SLEEP_TASK,456,456.0
SLEEP_TASK,456,456.0
SLEEP_TASK,456,456.5
SLEEP_TASK,456,457.0
SLEEP_TASK,456,457.0
SLEEP_TASK,456,457.5
SLEEP_TASK,459,459.0
SLEEP_TASK,459,459.5
SLEEP_TASK,459,460.5
SLEEP_TASK,459,465.5
SLEEP_TASK,462,462.0
SLEEP_TASK,462,463.0
SLEEP_TASK,462,463.5
SLEEP_TASK,462,464.0
SLEEP_TASK,473,473.0
SLEEP_TASK,473,473.0
SLEEP_TASK,473,473.0
SLEEP_TASK,473,492.0
SLEEP_TASK,478,478.0
SLEEP_TASK,478,478.0
SLEEP_TASK,478,478.5
SLEEP_TASK,478,479.0
SLEEP_TASK,481,481.0
SLEEP_TASK,481,481.0
SLEEP_TASK,481,483.0
SLEEP_TASK,481,485.0
SLEEP_TASK,482,482.0
SLEEP_TASK,482,483.0
SLEEP_TASK,482,483.0
SLEEP_TASK,482,483.5
SLEEP_TASK,489,489.0
SLEEP_TASK,489,489.0
SLEEP_TASK,489,489.5
SLEEP_TASK,489,490.0
SLEEP_TASK,493,493.0
SLEEP_TASK,493,493.0
SLEEP_TASK,493,494.0
SLEEP_TASK,493,494.0
SLEEP_TASK,498,498.0
SLEEP_TASK,498,498.0
SLEEP_TASK,498,498.0
SLEEP_TASK,498,499.0
SLEEP_TASK,503,503.0
SLEEP_TASK,503,503.0
SLEEP_TASK,503,503.0
SLEEP_TASK,503,504.0
SLEEP_TASK,503,504.0
SLEEP_TASK,505,505.0
SLEEP_TASK,505,505.5
SLEEP_TASK,505,505.5
SLEEP_TASK,505,506.0
SLEEP_TASK,506,506.0
SLEEP_TASK,506,506.0
SLEEP_TASK,506,506.0
SLEEP_TASK,506,506.0
SLEEP_TASK,506,506.0
SLEEP_TASK,506,506.5
SLEEP_TASK,506,507.0
SLEEP_TASK,506,509.0
SLEEP_TASK,510,510.5
SLEEP_TASK,510,511.0
SLEEP_TASK,510,515.0
SLEEP_TASK,510,515.0
SLEEP_TASK,510,519.0
SLEEP_TASK,510,520.0
SLEEP_TASK,510,521.0
SLEEP_TASK,510,524.0
SLEEP_TASK,511,511.0
SLEEP_TASK,511,511.5
SLEEP_TASK,511,511.5
SLEEP_TASK,511,512.0
SLEEP_TASK,512,512.0
SLEEP_TASK,512,512.0
SLEEP_TASK,512,512.0
SLEEP_TASK,512,512.0
SLEEP_TASK,512,512.0
SLEEP_TASK,512,513.0
SLEEP_TASK,512,513.0
SLEEP_TASK,512,514.0
SLEEP_TASK,513,513.0
SLEEP_TASK,513,513.0
SLEEP_TASK,513,513.0
SLEEP_TASK,513,513.0
SLEEP_TASK,514,514.0
SLEEP_TASK,514,514.5
SLEEP_TASK,514,515.0
SLEEP_TASK,514,515.0
SLEEP_TASK,518,518.0
SLEEP_TASK,518,518.0
SLEEP_TASK,518,519.0
SLEEP_TASK,518,524.0
SLEEP_TASK,521,521.0
SLEEP_TASK,521,521.0
SLEEP_TASK,521,522.0
SLEEP_TASK,521,525.0
SLEEP_TASK,531,531.0
SLEEP_TASK,531,531.0
SLEEP_TASK,531,532.0
SLEEP_TASK,531,532.0
SLEEP_TASK,534,534.0
SLEEP_TASK,534,534.0
SLEEP_TASK,534,534.0
SLEEP_TASK,534,534.0
SLEEP_TASK,539,539.0
SLEEP_TASK,539,539.0
SLEEP_TASK,539,539.0
SLEEP_TASK,539,540.0
SLEEP_TASK,539,540.0
SLEEP_TASK,539,540.0
SLEEP_TASK,539,544.5
SLEEP_TASK,539,547.0
SLEEP_TASK,548,548.0
SLEEP_TASK,548,548.0
SLEEP_TASK,548,548.0
SLEEP_TASK,548,548.5
SLEEP_TASK,548,548.5
SLEEP_TASK,548,549.0
SLEEP_TASK,548,550.0
SLEEP_TASK,548,551.0
SLEEP_TASK,562,562.0
SLEEP_TASK,562,562.0
SLEEP_TASK,562,562.0
SLEEP_TASK,562,562.0
SLEEP_TASK,562,562.0
SLEEP_TASK,562,563.0
SLEEP_TASK,562,563.0
SLEEP_TASK,562,566.0
SLEEP_TASK,563,563.0
SLEEP_TASK,563,563.0
SLEEP_TASK,563,563.0
SLEEP_TASK,563,563.0
SLEEP_TASK,571,571.0
SLEEP_TASK,571,572.0
SLEEP_TASK,571,572.0
SLEEP_TASK,571,572.0
SLEEP_TASK,581,581.0
SLEEP_TASK,581,581.0
SLEEP_TASK,581,582.0
SLEEP_TASK,581,583.0
SLEEP_TASK,584,584.0
SLEEP_TASK,584,584.5
SLEEP_TASK,584,585.0
SLEEP_TASK,584,585.0
SLEEP_TASK,586,586.0
SLEEP_TASK,586,586.0
SLEEP_TASK,586,586.5
SLEEP_TASK,586,587.0
SLEEP_TASK,589,589.0
SLEEP_TASK,589,589.0
SLEEP_TASK,589,590.0
SLEEP_TASK,589,598.0
SLEEP_TASK,590,590.0
SLEEP_TASK,590,591.0
SLEEP_TASK,590,592.0
SLEEP_TASK,590,602.0
SLEEP_TASK,612,612.0
SLEEP_TASK,612,612.0
SLEEP_TASK,612,613.0
SLEEP_TASK,612,613.0
SLEEP_TASK,614,615.0
SLEEP_TASK,614,615.0
SLEEP_TASK,614,615.5
SLEEP_TASK,614,616.0
SLEEP_TASK,615,615.0
SLEEP_TASK,615,615.0
SLEEP_TASK,615,616.0
SLEEP_TASK,615,616.0
SLEEP_TASK,619,620.0
SLEEP_TASK,619,620.0
SLEEP_TASK,619,620.0
SLEEP_TASK,619,620.5
SLEEP_TASK,626,626.0
SLEEP_TASK,626,626.5
SLEEP_TASK,626,627.0
SLEEP_TASK,626,627.0
SLEEP_TASK,630,630.0
SLEEP_TASK,630,630.0
SLEEP_TASK,630,631.0
SLEEP_TASK,630,631.0
SLEEP_TASK,635,635.0
SLEEP_TASK,635,635.0
SLEEP_TASK,635,636.0
SLEEP_TASK,635,636.5
SLEEP_TASK,636,636.5
SLEEP_TASK,636,636.5
SLEEP_TASK,636,637.0
SLEEP_TASK,636,638.0
SLEEP_TASK,644,644.0
SLEEP_TASK,644,644.0
SLEEP_TASK,644,645.0
SLEEP_TASK,644,645.0
SLEEP_TASK,644,645.0
SLEEP_TASK,644,645.0
SLEEP_TASK,644,646.0
SLEEP_TASK,644,647.0
SLEEP_TASK,645,645.5
SLEEP_TASK,645,645.5
SLEEP_TASK,645,646.0
SLEEP_TASK,645,646.0
SLEEP_TASK,647,647.0
SLEEP_TASK,647,647.0
SLEEP_TASK,647,647.0
SLEEP_TASK,647,648.0
SLEEP_TASK,650,650.0
SLEEP_TASK,650,650.5
SLEEP_TASK,650,652.0
SLEEP_TASK,650,664.0
SLEEP_TASK,655,655.0
SLEEP_TASK,655,655.0
SLEEP_TASK,655,656.0
SLEEP_TASK,655,656.0
SLEEP_TASK,655,656.0
SLEEP_TASK,655,657.0
SLEEP_TASK,655,657.0
SLEEP_TASK,655,657.0
SLEEP_TASK,656,657.0
SLEEP_TASK,656,657.0
SLEEP_TASK,656,657.0
SLEEP_TASK,656,660.0
SLEEP_TASK,657,657.0
SLEEP_TASK,657,657.5
SLEEP_TASK,657,658.0
SLEEP_TASK,657,659.0
SLEEP_TASK,658,658.0
SLEEP_TASK,658,658.0
SLEEP_TASK,658,658.0
SLEEP_TASK,658,658.0
SLEEP_TASK,658,658.5
SLEEP_TASK,658,658.5
SLEEP_TASK,658,659.0
SLEEP_TASK,658,659.0
SLEEP_TASK,658,659.0
SLEEP_TASK,658,659.0
SLEEP_TASK,658,661.0
SLEEP_TASK,658,665.5
SLEEP_TASK,662,662.0
SLEEP_TASK,662,662.0
SLEEP_TASK,662,662.0
SLEEP_TASK,662,662.5
SLEEP_TASK,673,673.0
SLEEP_TASK,673,673.0
SLEEP_TASK,673,673.5
SLEEP_TASK,673,676.0
SLEEP_TASK,688,688.0
SLEEP_TASK,688,688.5
SLEEP_TASK,688,689.0
SLEEP_TASK,688,689.0
SLEEP_TASK,690,693.0
SLEEP_TASK,690,695.5
SLEEP_TASK,690,697.5
SLEEP_TASK,690,699.0
SLEEP_TASK,695,695.0
SLEEP_TASK,695,696.0
SLEEP_TASK,695,696.0
SLEEP_TASK,695,697.0
SLEEP_TASK,700,701.0
SLEEP_TASK,700,705.0
SLEEP_TASK,700,707.0
SLEEP_TASK,700,708.0
SLEEP_TASK,713,713.0
SLEEP_TASK,713,713.5
SLEEP_TASK,713,714.0
SLEEP_TASK,713,714.0
SLEEP_TASK,723,723.0
SLEEP_TASK,723,723.0
SLEEP_TASK,726,726.0
SLEEP_TASK,726,726.0
SLEEP_TASK,726,727.0
SLEEP_TASK,726,728.0
SLEEP_TASK,729,729.0
SLEEP_TASK,729,729.0
SLEEP_TASK,729,730.0
SLEEP_TASK,729,730.0
SLEEP_TASK,730,730.0
SLEEP_TASK,730,731.0
SLEEP_TASK,730,731.0
SLEEP_TASK,730,743.0
SLEEP_TASK,743,743.0
SLEEP_TASK,743,743.0
SLEEP_TASK,757,757.0
SLEEP_TASK,757,757.0
SLEEP_TASK,757,757.0
SLEEP_TASK,757,758.0
SLEEP_TASK,758,758.0
SLEEP_TASK,758,759.0
SLEEP_TASK,758,759.0
SLEEP_TASK,758,759.0
SLEEP_TASK,761,761.0
SLEEP_TASK,761,761.0
SLEEP_TASK,761,761.5
SLEEP_TASK,761,761.5
SLEEP_TASK,763,763.0
SLEEP_TASK,763,763.5
SLEEP_TASK,763,764.0
SLEEP_TASK,763,764.0
SLEEP_TASK,766,766.0
SLEEP_TASK,766,767.5
SLEEP_TASK,766,768.0
SLEEP_TASK,766,768.0
SLEEP_TASK,768,768.0
SLEEP_TASK,768,768.0
SLEEP_TASK,768,768.5
SLEEP_TASK,768,771.0
SLEEP_TASK,769,769.0
SLEEP_TASK,770,770.0
SLEEP_TASK,770,771.0
SLEEP_TASK,770,772.0
SLEEP_TASK,770,772.0
SLEEP_TASK,770,773.0
SLEEP_TASK,770,776.0
SLEEP_TASK,770,777.0
SLEEP_TASK,770,779.0
SLEEP_TASK,796,796.0
SLEEP_TASK,796,797.0
SLEEP_TASK,796,797.0
SLEEP_TASK,796,797.0
SLEEP_TASK,798,798.0
SLEEP_TASK,798,798.0
SLEEP_TASK,798,798.0
SLEEP_TASK,798,798.5
SORT_TASK,101547,1.0
SORT_TASK,101547,11.5
SORT_TASK,101547,14.5
SORT_TASK,101547,16.5
SORT_TASK,104407,0.0
SORT_TASK,104407,0.0
SORT_TASK,104407,0.0
SORT_TASK,104407,0.0
SORT_TASK,109983,44.5
SORT_TASK,109983,46.0
SORT_TASK,109983,49.0
SORT_TASK,109983,55.0
SORT_TASK,112632,0.0
SORT_TASK,112632,0.0
SORT_TASK,112632,0.0
SORT_TASK,112632,0.0
SORT_TASK,122070,0.0
SORT_TASK,122070,0.0
SORT_TASK,122070,0.0
SORT_TASK,122070,0.0
SORT_TASK,122621,0.0
SORT_TASK,122621,0.0
SORT_TASK,122621,1.0
SORT_TASK,122621,2.0
SORT_TASK,124709,0.0
SORT_TASK,124709,0.0
SORT_TASK,124709,0.0
SORT_TASK,124709,1.0
SORT_TASK,132670,0.0
SORT_TASK,132670,0.0
SORT_TASK,132670,0.0
SORT_TASK,132670,0.5
SORT_TASK,137506,0.0
SORT_TASK,137506,0.0
SORT_TASK,137506,0.0
SORT_TASK,137506,1.0
SORT_TASK,140268,10.5
SORT_TASK,140268,13.0
SORT_TASK,140268,13.5
SORT_TASK,140268,16.0
SORT_TASK,141692,11.0
SORT_TASK,141692,18.5
SORT_TASK,141692,19.0
SORT_TASK,141692,19.0
SORT_TASK,144260,0.0
SORT_TASK,144260,1.0
SORT_TASK,144260,1.0
SORT_TASK,144260,1.0
SORT_TASK,147387,0.0
SORT_TASK,147387,0.0
SORT_TASK,147387,0.0
SORT_TASK,147387,0.0
SORT_TASK,149618,0.0
SORT_TASK,149618,0.0
SORT_TASK,149618,0.5
SORT_TASK,149618,1.0
SORT_TASK,165194,14.0
SORT_TASK,165194,14.0
SORT_TASK,165194,20.0
SORT_TASK,165194,41.0
SORT_TASK,169788,0.0
SORT_TASK,169788,0.0
SORT_TASK,169788,0.0
SORT_TASK,169788,1.5
SORT_TASK,175429,51.0
SORT_TASK,175429,129.0
SORT_TASK,175429,158.0
SORT_TASK,175429,166.0
SORT_TASK,179646,0.0
SORT_TASK,179646,0.0
SORT_TASK,179646,0.0
SORT_TASK,179646,0.5
SORT_TASK,191789,0.0
SORT_TASK,191789,0.0
SORT_TASK,191789,0.0
SORT_TASK,191789,0.5
SORT_TASK,201410,1.0
SORT_TASK,201410,11.0
SORT_TASK,201410,14.0
SORT_TASK,201410,17.0
SORT_TASK,212976,0.0
SORT_TASK,212976,0.0
SORT_TASK,212976,0.0
SORT_TASK,212976,0.0
SORT_TASK,216952,0.0
SORT_TASK,216952,0.0
SORT_TASK,216952,1.0
SORT_TASK,216952,1.0
SORT_TASK,225476,0.0
SORT_TASK,225476,0.0
SORT_TASK,225476,0.0
SORT_TASK,225476,0.0
SORT_TASK,226336,1.5
SORT_TASK,226336,5.5
SORT_TASK,226336,5.5
SORT_TASK,226336,23.0
SORT_TASK,229957,20.0
SORT_TASK,229957,51.0
SORT_TASK,229957,65.5
SORT_TASK,229957,78.0
SORT_TASK,246171,0.0
SORT_TASK,246171,0.0
SORT_TASK,246171,0.0
SORT_TASK,246171,1.0
SORT_TASK,247428,0.0
SORT_TASK,247428,0.0
SORT_TASK,247428,0.0
SORT_TASK,247428,1.0
SORT_TASK,250342,19.0
SORT_TASK,250342,19.0
SORT_TASK,250342,20.0
SORT_TASK,250342,21.0
SORT_TASK,258234,0.0
SORT_TASK,258234,0.0
SORT_TASK,258234,0.0
SORT_TASK,258234,1.0
SORT_TASK,269060,0.5
SORT_TASK,269060,0.5
SORT_TASK,269060,1.0
SORT_TASK,269060,2.5
SORT_TASK,271342,0.0
SORT_TASK,271342,0.0
SORT_TASK,271342,0.0
SORT_TASK,271342,1.5
SORT_TASK,272285,20.0
SORT_TASK,272285,22.0
SORT_TASK,272285,24.0
SORT_TASK,272285,37.0
SORT_TASK,279198,0.0
SORT_TASK,279198,0.0
SORT_TASK,279198,1.0
SORT_TASK,279198,2.0
SORT_TASK,285326,0.0
SORT_TASK,285326,1.0
SORT_TASK,285326,1.0
SORT_TASK,285326,2.0
SORT_TASK,291984,0.0
SORT_TASK,291984,0.0
SORT_TASK,291984,0.0
SORT_TASK,291984,0.0
SORT_TASK,296477,1.0
SORT_TASK,296477,1.0
SORT_TASK,296477,1.0
SORT_TASK,296477,1.0
SORT_TASK,297015,23.0
SORT_TASK,297015,23.0
SORT_TASK,297015,29.0
SORT_TASK,297015,29.0
SORT_TASK,297222,0.0
SORT_TASK,297222,1.0
SORT_TASK,297222,1.5
SORT_TASK,297222,2.0
SORT_TASK,311252,0.5
SORT_TASK,311252,1.0
SORT_TASK,311252,1.0
SORT_TASK,311252,2.5
SORT_TASK,318746,0.0
SORT_TASK,318746,0.0
SORT_TASK,318746,1.0
SORT_TASK,318746,7.0
SORT_TASK,321211,0.0
SORT_TASK,321211,2.0
SORT_TASK,321211,2.0
SORT_TASK,321211,2.0
SORT_TASK,322667,25.0
SORT_TASK,322667,26.0
SORT_TASK,322667,27.0
SORT_TASK,322667,42.0
SORT_TASK,322815,0.0
SORT_TASK,322815,0.0
SORT_TASK,322815,0.0
SORT_TASK,322815,7.0
SORT_TASK,327748,0.0
SORT_TASK,327748,0.0
SORT_TASK,327748,0.0
SORT_TASK,327748,1.0
SORT_TASK,332623,29.0
SORT_TASK,332623,33.0
SORT_TASK,332623,34.0
SORT_TASK,332623,85.0
SORT_TASK,333460,1.0
SORT_TASK,333460,1.0
SORT_TASK,333460,1.0
SORT_TASK,336474,26.0
SORT_TASK,336474,26.5
SORT_TASK,336474,27.0
SORT_TASK,336474,28.0
SORT_TASK,340281,0.0
SORT_TASK,340281,0.0
SORT_TASK,340281,1.0
SORT_TASK,340281,1.0
SORT_TASK,340679,0.5
SORT_TASK,340679,1.0
SORT_TASK,340679,2.0
SORT_TASK,340679,2.0
SORT_TASK,340739,0.0
SORT_TASK,340739,0.0
SORT_TASK,340739,0.0
SORT_TASK,340739,5.0
SORT_TASK,341779,0.0
SORT_TASK,341779,0.0
SORT_TASK,341779,0.0
SORT_TASK,341779,1.0
SORT_TASK,348613,0.0
SORT_TASK,348613,0.0
SORT_TASK,348613,0.0
SORT_TASK,348613,1.0
SORT_TASK,350494,0.0
SORT_TASK,350494,0.0
SORT_TASK,350494,1.0
SORT_TASK,350494,2.0
SORT_TASK,351717,0.0
SORT_TASK,351717,0.0
SORT_TASK,351717,0.5
SORT_TASK,351717,1.0
SORT_TASK,358602,0.0
SORT_TASK,358602,0.0
SORT_TASK,358602,1.0
SORT_TASK,358602,1.0
SORT_TASK,359522,32.0
SORT_TASK,359522,36.0
SORT_TASK,359522,36.0
SORT_TASK,359522,38.0
SORT_TASK,360425,0.0
SORT_TASK,360425,0.0
SORT_TASK,360425,0.0
SORT_TASK,360425,3.0
SORT_TASK,360873,30.0
SORT_TASK,360873,30.0
SORT_TASK,360873,35.5
SORT_TASK,360873,41.0
SORT_TASK,361454,0.0
SORT_TASK,361454,1.0
SORT_TASK,361454,1.5
SORT_TASK,361454,2.0
SORT_TASK,361483,30.0
SORT_TASK,361483,30.0
SORT_TASK,361483,35.0
SORT_TASK,361483,40.0
SORT_TASK,362802,30.0
SORT_TASK,362802,30.0
SORT_TASK,362802,30.0
SORT_TASK,362802,31.0
SORT_TASK,366589,0.0
SORT_TASK,366589,0.0
SORT_TASK,366589,1.0
SORT_TASK,366589,1.0
SORT_TASK,369863,1.0
SORT_TASK,369863,1.0
SORT_TASK,369863,7.0
SORT_TASK,369863,11.0
SORT_TASK,370084,0.0
SORT_TASK,370084,0.5
SORT_TASK,370084,1.0
SORT_TASK,370084,3.0
SORT_TASK,374048,4.5
SORT_TASK,374048,6.5
SORT_TASK,374048,8.0
SORT_TASK,374048,8.0
SORT_TASK,374438,31.5
SORT_TASK,374438,35.5
SORT_TASK,374438,38.5
SORT_TASK,374438,46.0
SORT_TASK,375781,31.0
SORT_TASK,375781,32.0
SORT_TASK,375781,44.5
SORT_TASK,375781,45.0
SORT_TASK,376247,30.0
SORT_TASK,376247,30.0
SORT_TASK,376247,32.5
SORT_TASK,376247,61.0
SORT_TASK,382810,0.0
SORT_TASK,382810,0.0
SORT_TASK,382810,1.5
SORT_TASK,382810,2.0
SORT_TASK,385231,0.0
SORT_TASK,385231,1.0
SORT_TASK,385231,1.0
SORT_TASK,385231,1.5
SORT_TASK,388729,0.0
SORT_TASK,388729,1.0
SORT_TASK,388729,1.0
SORT_TASK,388729,1.5
SORT_TASK,392480,0.5
SORT_TASK,392480,1.0
SORT_TASK,392480,1.5
SORT_TASK,392480,3.0
SORT_TASK,393071,10.0
SORT_TASK,393071,16.0
SORT_TASK,393071,17.0
SORT_TASK,393071,18.0
SORT_TASK,393762,37.0
SORT_TASK,393762,38.0
SORT_TASK,393762,41.0
SORT_TASK,393762,45.0
SORT_TASK,395046,0.0
SORT_TASK,395046,1.0
SORT_TASK,395046,1.5
SORT_TASK,395046,2.0
SORT_TASK,401944,1.0
SORT_TASK,401944,1.0
SORT_TASK,401944,2.0
SORT_TASK,401944,2.0
SORT_TASK,402026,0.0
SORT_TASK,402026,0.0
SORT_TASK,402026,0.0
SORT_TASK,402026,0.0
SORT_TASK,418134,0.0
SORT_TASK,418134,1.0
SORT_TASK,418134,1.0
SORT_TASK,418134,1.0
SORT_TASK,436596,0.0
SORT_TASK,436596,1.0
SORT_TASK,436596,1.0
SORT_TASK,436596,1.5
SORT_TASK,438047,37.0
SORT_TASK,438047,41.0
SORT_TASK,438047,44.0
SORT_TASK,438047,50.0
SORT_TASK,439066,36.0
SORT_TASK,439066,36.0
SORT_TASK,439066,40.0
SORT_TASK,439066,43.0
SORT_TASK,454967,56.0
SORT_TASK,454967,64.0
SORT_TASK,454967,71.0
SORT_TASK,454967,119.0
SORT_TASK,457228,0.0
SORT_TASK,457228,0.0
SORT_TASK,457228,0.0
SORT_TASK,457228,1.0
SORT_TASK,463109,43.0
SORT_TASK,463109,52.0
SORT_TASK,463109,77.0
SORT_TASK,463109,234.0
SORT_TASK,468103,0.0
SORT_TASK,468103,0.0
SORT_TASK,468445,1.0
SORT_TASK,468445,1.0
SORT_TASK,468445,1.5
SORT_TASK,468445,2.0
SORT_TASK,468712,0.0
SORT_TASK,468712,1.0
SORT_TASK,468712,1.0
SORT_TASK,468712,2.0
SORT_TASK,474007,0.0
SORT_TASK,474007,1.0
SORT_TASK,474007,1.0
SORT_TASK,474007,2.5
SORT_TASK,474243,0.0
SORT_TASK,474243,1.0
SORT_TASK,474243,1.0
SORT_TASK,474243,1.0
SORT_TASK,483089,40.0
SORT_TASK,483089,44.0
SORT_TASK,483089,44.0
SORT_TASK,483089,49.0
SORT_TASK,483386,1.0
SORT_TASK,483386,1.0
SORT_TASK,483386,1.0
SORT_TASK,483386,1.0
SORT_TASK,483386,1.5
SORT_TASK,483386,2.0
SORT_TASK,483386,2.0
SORT_TASK,483386,2.5
SORT_TASK,483474,39.0
SORT_TASK,483474,44.0
SORT_TASK,483474,53.0
SORT_TASK,483474,66.0
SORT_TASK,485065,0.0
SORT_TASK,485065,0.0
SORT_TASK,485065,1.0
SORT_TASK,485065,2.0
SORT_TASK,490572,4.0
SORT_TASK,490572,5.0
SORT_TASK,490572,7.0
SORT_TASK,490572,8.0
SORT_TASK,491382,40.0
SORT_TASK,491382,42.0
SORT_TASK,491382,46.0
SORT_TASK,491382,63.5
SORT_TASK,502116,40.0
SORT_TASK,502116,42.0
SORT_TASK,502116,46.0
SORT_TASK,502116,46.0
SORT_TASK,502197,41.0
SORT_TASK,502197,42.5
SORT_TASK,502197,48.0
SORT_TASK,502197,58.0
SORT_TASK,511315,0.0
SORT_TASK,511315,1.0
SORT_TASK,511315,1.0
SORT_TASK,511315,5.0
SORT_TASK,512789,48.0
SORT_TASK,512789,52.0
SORT_TASK,512789,54.0
SORT_TASK,512789,62.5
SORT_TASK,516047,60.0
SORT_TASK,516047,81.5
SORT_TASK,516047,84.0
SORT_TASK,520131,0.0
SORT_TASK,520131,1.0
SORT_TASK,520131,2.0
SORT_TASK,520131,3.0
SORT_TASK,536459,44.0
SORT_TASK,536459,57.0
SORT_TASK,536459,57.0
SORT_TASK,536459,205.0
SORT_TASK,544543,0.0
SORT_TASK,544543,0.0
SORT_TASK,544543,0.5
SORT_TASK,544543,2.0
SORT_TASK,546037,2.0
SORT_TASK,546037,2.5
SORT_TASK,546037,5.0
SORT_TASK,546037,21.0
SORT_TASK,549036,1.0
SORT_TASK,549036,1.0
SORT_TASK,549036,2.0
SORT_TASK,549036,3.0
SORT_TASK,554406,1.0
SORT_TASK,554406,1.0
SORT_TASK,554406,5.0
SORT_TASK,554406,6.0
SORT_TASK,558907,1.0
SORT_TASK,558907,1.0
SORT_TASK,558907,1.0
SORT_TASK,558907,2.0
SORT_TASK,566526,1.0
SORT_TASK,566526,1.0
SORT_TASK,566526,1.5
SORT_TASK,566526,2.0
SORT_TASK,566641,1.0
SORT_TASK,566641,2.0
SORT_TASK,566641,2.5
SORT_TASK,566641,26.0
SORT_TASK,572400,1.0
SORT_TASK,572400,1.0
SORT_TASK,572400,1.5
SORT_TASK,572400,1.5
SORT_TASK,572958,51.0
SORT_TASK,572958,52.5
SORT_TASK,572958,59.0
SORT_TASK,572958,68.0
SORT_TASK,573665,2.0
SORT_TASK,573665,2.5
SORT_TASK,573665,3.0
SORT_TASK,573665,3.0
SORT_TASK,581295,1.0
SORT_TASK,581295,1.0
SORT_TASK,581295,1.0
SORT_TASK,581295,1.0
SORT_TASK,583966,52.0
SORT_TASK,583966,55.0
SORT_TASK,583966,62.0
SORT_TASK,583966,253.0
SORT_TASK,587446,0.0
SORT_TASK,587446,0.0
SORT_TASK,587446,1.0
SORT_TASK,587446,1.5
SORT_TASK,588994,48.0
SORT_TASK,588994,51.0
SORT_TASK,588994,55.0
SORT_TASK,588994,68.0
SORT_TASK,594852,134.0
SORT_TASK,594852,158.0
SORT_TASK,594852,173.0
SORT_TASK,594852,188.0
SORT_TASK,600764,1.5
SORT_TASK,600764,1.5
SORT_TASK,600764,3.0
SORT_TASK,600764,4.0
SORT_TASK,601995,51.0
SORT_TASK,601995,52.0
SORT_TASK,601995,56.0
SORT_TASK,601995,76.0
SORT_TASK,604343,49.0
SORT_TASK,604343,52.0
SORT_TASK,604343,59.0
SORT_TASK,604343,62.0
SORT_TASK,605001,52.0
SORT_TASK,605001,53.0
SORT_TASK,605001,57.0
SORT_TASK,605001,62.0
SORT_TASK,610487,0.0
SORT_TASK,610487,1.0
SORT_TASK,610487,1.0
SORT_TASK,610487,1.5
SORT_TASK,610888,0.0
SORT_TASK,610888,2.0
SORT_TASK,610888,3.0
SORT_TASK,610888,3.0
SORT_TASK,611343,1.0
SORT_TASK,611343,1.0
SORT_TASK,611343,1.5
SORT_TASK,611343,2.5
SORT_TASK,627074,1.0
SORT_TASK,627074,1.0
SORT_TASK,627074,2.0
SORT_TASK,627074,7.0
SORT_TASK,629526,1.0
SORT_TASK,629526,2.5
SORT_TASK,629526,10.0
SORT_TASK,629526,10.0
SORT_TASK,630425,54.0
SORT_TASK,630425,56.0
SORT_TASK,630425,58.5
SORT_TASK,630425,71.0
SORT_TASK,632605,53.0
SORT_TASK,632605,56.0
SORT_TASK,632605,73.0
SORT_TASK,632605,75.5
SORT_TASK,634521,1.0
SORT_TASK,634521,1.0
SORT_TASK,634521,2.0
SORT_TASK,634521,3.0
SORT_TASK,649896,1.0
SORT_TASK,649896,2.5
SORT_TASK,649896,3.0
SORT_TASK,649896,3.5
SORT_TASK,653635,2.0
SORT_TASK,653635,4.0
SORT_TASK,653635,5.0
SORT_TASK,653635,24.0
SORT_TASK,655628,1.0
SORT_TASK,655628,2.0
SORT_TASK,655628,2.0
SORT_TASK,655628,4.0
SORT_TASK,658462,1.0
SORT_TASK,658462,2.0
SORT_TASK,658462,3.0
SORT_TASK,661914,1.0
SORT_TASK,661914,1.0
SORT_TASK,661914,2.0
SORT_TASK,661914,2.0
SORT_TASK,661942,1.0
SORT_TASK,661942,4.0
SORT_TASK,661942,9.5
SORT_TASK,661942,19.0
SORT_TASK,663359,0.0
SORT_TASK,663359,1.0
SORT_TASK,663359,1.0
SORT_TASK,663359,2.0
SORT_TASK,664638,56.0
SORT_TASK,664638,57.0
SORT_TASK,664638,59.0
SORT_TASK,664638,73.0
SORT_TASK,668627,0.0
SORT_TASK,668627,0.0
SORT_TASK,668627,2.0
SORT_TASK,668627,2.0
SORT_TASK,672338,54.0
SORT_TASK,672338,58.0
SORT_TASK,672338,75.0
SORT_TASK,672338,80.0
SORT_TASK,673591,1.0
SORT_TASK,673591,1.0
SORT_TASK,673591,2.0
SORT_TASK,673591,56.0
SORT_TASK,675181,0.0
SORT_TASK,675181,1.0
SORT_TASK,675181,2.0
SORT_TASK,675181,3.0
SORT_TASK,678515,1.0
SORT_TASK,678515,1.5
SORT_TASK,678515,2.0
SORT_TASK,678515,3.5
SORT_TASK,680109,1.0
SORT_TASK,680109,1.0
SORT_TASK,680109,1.0
SORT_TASK,680109,1.0
SORT_TASK,681473,2.0
SORT_TASK,681473,2.0
SORT_TASK,681473,2.0
SORT_TASK,681473,2.0
SORT_TASK,682179,2.0
SORT_TASK,682179,2.0
SORT_TASK,682179,3.0
SORT_TASK,682179,6.5
SORT_TASK,693285,1.0
SORT_TASK,693285,1.0
SORT_TASK,693285,2.0
SORT_TASK,693285,8.0
SORT_TASK,711208,1.0
SORT_TASK,711208,1.5
SORT_TASK,711208,2.0
SORT_TASK,711208,3.0
SORT_TASK,715294,0.0
SORT_TASK,715294,1.0
SORT_TASK,715294,1.5
SORT_TASK,715294,3.0
SORT_TASK,721454,1.0
SORT_TASK,721454,1.0
SORT_TASK,721454,2.0
SORT_TASK,721454,20.0
SORT_TASK,727336,1.0
SORT_TASK,727336,1.0
SORT_TASK,727336,1.5
SORT_TASK,727336,2.0
SORT_TASK,730662,1.0
SORT_TASK,730662,1.0
SORT_TASK,730662,2.0
SORT_TASK,730662,2.5
SORT_TASK,732396,1.0
SORT_TASK,732396,1.0
SORT_TASK,732396,2.0
SORT_TASK,732396,3.5
SORT_TASK,733857,67.0
SORT_TASK,733857,68.0
SORT_TASK,733857,88.0
SORT_TASK,733857,95.0
SORT_TASK,739774,62.0
SORT_TASK,739774,64.5
SORT_TASK,739774,67.0
SORT_TASK,739774,68.0
SORT_TASK,743168,1.0
SORT_TASK,743168,1.0
SORT_TASK,743168,1.0
SORT_TASK,743168,5.0
SORT_TASK,750639,1.0
SORT_TASK,750639,1.0
SORT_TASK,750639,1.0
SORT_TASK,750639,1.5
SORT_TASK,753279,1.0
SORT_TASK,753279,1.0
SORT_TASK,753279,2.0
SORT_TASK,753279,2.5
SORT_TASK,760781,1.0
SORT_TASK,760781,1.0
SORT_TASK,760781,2.0
SORT_TASK,760781,3.0
SORT_TASK,766587,68.5
SORT_TASK,766587,72.0
SORT_TASK,766587,72.0
SORT_TASK,766587,185.5
SORT_TASK,775119,62.0
SORT_TASK,775119,65.0
SORT_TASK,775119,68.0
SORT_TASK,775119,92.0
SORT_TASK,776984,1.0
SORT_TASK,776984,1.0
SORT_TASK,776984,1.0
SORT_TASK,776984,1.5
SORT_TASK,777411,1.0
SORT_TASK,777411,1.0
SORT_TASK,777411,3.0
SORT_TASK,777411,36.0
SORT_TASK,780354,67.0
SORT_TASK,780354,70.0
SORT_TASK,780354,73.0
SORT_TASK,780354,78.0
SORT_TASK,781091,1.0
SORT_TASK,781091,1.0
SORT_TASK,781091,1.0
SORT_TASK,781091,3.0
SORT_TASK,781723,1.0
SORT_TASK,781723,2.0
SORT_TASK,781723,2.0
SORT_TASK,781723,4.0
SORT_TASK,782688,68.0
SORT_TASK,782688,72.0
SORT_TASK,782688,86.0
SORT_TASK,782688,129.0
SORT_TASK,784594,1.0
SORT_TASK,784594,1.0
SORT_TASK,784594,1.0
SORT_TASK,784594,1.0
SORT_TASK,785016,65.0
SORT_TASK,785016,67.0
SORT_TASK,785016,86.0
SORT_TASK,785016,158.0
SORT_TASK,786321,68.0
SORT_TASK,786321,71.0
SORT_TASK,786321,86.5
SORT_TASK,786321,87.0
SORT_TASK,790550,1.0
SORT_TASK,790550,2.0
SORT_TASK,790550,2.0
SORT_TASK,790550,3.0
SORT_TASK,793713,73.5
SORT_TASK,793713,95.0
SORT_TASK,793713,100.0
SORT_TASK,793713,141.0
SORT_TASK,803943,1.0
SORT_TASK,803943,1.0
SORT_TASK,803943,2.0
SORT_TASK,803943,2.0
SORT_TASK,805845,1.0
SORT_TASK,805845,1.0
SORT_TASK,805845,2.0
SORT_TASK,805845,4.5
SORT_TASK,807451,1.0
SORT_TASK,807451,1.5
SORT_TASK,807451,2.0
SORT_TASK,807451,5.0
SORT_TASK,814234,70.0
SORT_TASK,814234,76.0
SORT_TASK,814234,77.0
SORT_TASK,814234,84.5
SORT_TASK,815846,1.0
SORT_TASK,815846,1.0
SORT_TASK,815846,1.0
SORT_TASK,815846,2.0
SORT_TASK,821801,68.0
SORT_TASK,821801,74.5
SORT_TASK,821801,76.5
SORT_TASK,821801,89.0
SORT_TASK,822702,3.5
SORT_TASK,822702,4.0
SORT_TASK,822702,4.0
SORT_TASK,828899,1.0
SORT_TASK,831136,2.5
SORT_TASK,831136,3.5
SORT_TASK,831136,3.5
SORT_TASK,831136,8.0
SORT_TASK,834300,1.0
SORT_TASK,834300,2.0
SORT_TASK,834300,2.0
SORT_TASK,834300,3.0
SORT_TASK,835017,71.0
SORT_TASK,835017,75.0
SORT_TASK,835017,76.0
SORT_TASK,835017,92.0
SORT_TASK,835373,72.0
SORT_TASK,835373,75.0
SORT_TASK,835373,86.0
SORT_TASK,835373,90.0
SORT_TASK,843700,73.0
SORT_TASK,843700,76.0
SORT_TASK,843700,98.0
SORT_TASK,843700,99.0
SORT_TASK,850544,2.0
SORT_TASK,850544,3.0
SORT_TASK,850544,3.0
SORT_TASK,850544,3.0
SORT_TASK,854224,2.0
SORT_TASK,854224,2.0
SORT_TASK,854224,2.0
SORT_TASK,854224,2.5
SORT_TASK,855663,1.0
SORT_TASK,855663,1.0
SORT_TASK,855663,1.5
SORT_TASK,855663,2.0
SORT_TASK,860260,2.0
SORT_TASK,860260,3.0
SORT_TASK,860260,4.0
SORT_TASK,860260,4.0
SORT_TASK,863201,1.0
SORT_TASK,863201,1.0
SORT_TASK,863201,2.0
SORT_TASK,863201,3.0
SORT_TASK,868019,1.0
SORT_TASK,868019,1.0
SORT_TASK,868019,1.0
SORT_TASK,868019,5.0
SORT_TASK,868945,3.0
SORT_TASK,868945,3.0
SORT_TASK,868945,8.0
SORT_TASK,868945,31.0
SORT_TASK,871905,76.0
SORT_TASK,871905,78.0
SORT_TASK,871905,80.5
SORT_TASK,871905,81.5
SORT_TASK,880577,91.0
SORT_TASK,880577,126.0
SORT_TASK,880577,152.0
SORT_TASK,880762,2.0
SORT_TASK,880762,2.0
SORT_TASK,880762,3.0
SORT_TASK,880762,4.0
SORT_TASK,882520,2.0
SORT_TASK,882520,2.0
SORT_TASK,882520,2.0
SORT_TASK,882520,3.0
SORT_TASK,882749,25.0
SORT_TASK,882749,27.0
SORT_TASK,882749,34.0
SORT_TASK,882749,35.0
SORT_TASK,888579,1.0
SORT_TASK,888579,1.0
SORT_TASK,888579,2.0
SORT_TASK,888579,5.0
SORT_TASK,890221,76.0
SORT_TASK,890221,97.0
SORT_TASK,890221,98.0
SORT_TASK,890221,105.5
SORT_TASK,893999,3.0
SORT_TASK,893999,3.5
SORT_TASK,893999,4.0
SORT_TASK,893999,6.0
SORT_TASK,898627,1.0
SORT_TASK,898627,3.0
SORT_TASK,898627,3.0
SORT_TASK,898627,4.0
SORT_TASK,901927,1.0
SORT_TASK,901927,1.0
SORT_TASK,901927,2.5
SORT_TASK,901927,5.5
SORT_TASK,902555,2.0
SORT_TASK,902555,2.5
SORT_TASK,902555,2.5
SORT_TASK,902555,6.0
SORT_TASK,903082,1.0
SORT_TASK,903082,1.0
SORT_TASK,903082,2.0
SORT_TASK,903082,3.5
SORT_TASK,910394,2.0
SORT_TASK,910394,2.0
SORT_TASK,910394,2.0
SORT_TASK,910394,2.0
SORT_TASK,910562,2.0
SORT_TASK,910562,2.0
SORT_TASK,910562,2.0
SORT_TASK,910562,15.0
SORT_TASK,910932,131.0
SORT_TASK,910932,161.0
SORT_TASK,910932,276.0
SORT_TASK,910932,448.0
SORT_TASK,916413,102.0
SORT_TASK,916413,123.0
SORT_TASK,916413,142.0
SORT_TASK,916413,154.0
SORT_TASK,917401,87.0
SORT_TASK,917401,101.0
SORT_TASK,917401,108.0
SORT_TASK,917401,119.0
SORT_TASK,917643,83.0
SORT_TASK,917643,88.0
SORT_TASK,917643,91.0
SORT_TASK,917643,97.0
SORT_TASK,923576,80.5
SORT_TASK,923576,93.0
SORT_TASK,923576,95.0
SORT_TASK,923576,246.0
SORT_TASK,930924,80.0
SORT_TASK,930924,82.0
SORT_TASK,930924,89.0
SORT_TASK,930924,102.0
SORT_TASK,932385,1.0
SORT_TASK,932385,2.0
SORT_TASK,932385,2.0
SORT_TASK,932385,2.5
SORT_TASK,944413,1.0
SORT_TASK,944413,2.0
SORT_TASK,944413,2.0
SORT_TASK,944413,14.5
SORT_TASK,952177,1.0
SORT_TASK,952177,2.0
SORT_TASK,952177,3.0
SORT_TASK,952177,18.0
SORT_TASK,954300,1.0
SORT_TASK,954300,1.5
SORT_TASK,954300,2.0
SORT_TASK,954300,3.0
SORT_TASK,956039,2.0
SORT_TASK,956039,2.0
SORT_TASK,956039,4.0
SORT_TASK,956039,9.5
SORT_TASK,957659,2.0
SORT_TASK,957659,2.0
SORT_TASK,957659,3.5
SORT_TASK,957659,17.0
SORT_TASK,961044,2.0
SORT_TASK,961044,2.0
SORT_TASK,961044,3.0
SORT_TASK,961044,3.5
SORT_TASK,965486,2.0
SORT_TASK,965486,2.0
SORT_TASK,965486,2.0
SORT_TASK,965486,3.0
SORT_TASK,971840,85.0
SORT_TASK,971840,86.0
SORT_TASK,971840,88.0
SORT_TASK,971840,101.0
SORT_TASK,980191,84.0
SORT_TASK,980191,87.0
SORT_TASK,980191,97.5
SORT_TASK,980191,98.5
SORT_TASK,982062,1.0
SORT_TASK,982062,1.0
SORT_TASK,982062,3.0
SORT_TASK,982062,15.0
SORT_TASK,988742,3.0
SORT_TASK,988742,4.0
SORT_TASK,988742,4.5
SORT_TASK,988742,6.0
SORT_TASK,999569,6.5
SORT_TASK,999569,7.5
SORT_TASK,999569,9.0
SORT_TASK,999569,11.0
SORT_TASK,1038796,98.5
SORT_TASK,1038796,102.0
SORT_TASK,1038796,102.0
SORT_TASK,1038796,204.0
SORT_TASK,1068519,97.0
SORT_TASK,1068519,100.0
SORT_TASK,1068519,102.0
SORT_TASK,1068519,107.5
SORT_TASK,1076947,1.0
SORT_TASK,1076947,2.0
SORT_TASK,1076947,2.0
SORT_TASK,1076947,4.0
SORT_TASK,1077882,102.5
SORT_TASK,1077882,104.5
SORT_TASK,1077882,108.5
SORT_TASK,1077882,145.0
SORT_TASK,1088849,1.0
SORT_TASK,1088849,2.0
SORT_TASK,1088849,2.0
SORT_TASK,1088849,3.0
SORT_TASK,1096656,114.0
SORT_TASK,1096656,143.0
SORT_TASK,1096656,161.0
SORT_TASK,1096656,184.5
SORT_TASK,1113282,2.0
SORT_TASK,1113282,3.0
SORT_TASK,1113282,4.0
SORT_TASK,1113282,5.0
SORT_TASK,1116307,1.0
SORT_TASK,1116307,2.0
SORT_TASK,1116307,2.0
SORT_TASK,1116307,3.0
SORT_TASK,1126545,2.0
SORT_TASK,1126545,3.0
SORT_TASK,1126545,3.0
SORT_TASK,1126545,5.0
SORT_TASK,1143110,2.0
SORT_TASK,1143110,3.0
SORT_TASK,1143110,5.0
SORT_TASK,1143110,27.5
SORT_TASK,1144936,1.0
SORT_TASK,1144936,3.0
SORT_TASK,1144936,3.5
SORT_TASK,1144936,4.0
SORT_TASK,1145479,98.0
SORT_TASK,1145479,99.0
SORT_TASK,1145479,127.5
SORT_TASK,1145479,198.0
SORT_TASK,1147371,2.0
SORT_TASK,1147371,3.0
SORT_TASK,1147371,4.0
SORT_TASK,1147371,6.0
SORT_TASK,1157461,4.5
SORT_TASK,1157461,5.0
SORT_TASK,1157461,7.0
SORT_TASK,1178920,2.0
SORT_TASK,1178920,3.0
SORT_TASK,1178920,3.5
SORT_TASK,1178920,4.0
SORT_TASK,1179815,3.0
SORT_TASK,1179815,4.0
SORT_TASK,1179815,4.0
SORT_TASK,1179815,5.0
SORT_TASK,1180716,2.0
SORT_TASK,1180716,2.0
SORT_TASK,1180716,4.0
SORT_TASK,1211605,125.0
SORT_TASK,1211605,126.0
SORT_TASK,1211605,133.0
SORT_TASK,1211605,140.0
SORT_TASK,1212217,116.0
SORT_TASK,1212217,123.5
SORT_TASK,1212217,134.0
SORT_TASK,1212217,158.0
SORT_TASK,1227050,138.0
SORT_TASK,1227050,171.0
SORT_TASK,1227050,213.0
SORT_TASK,1229260,2.5
SORT_TASK,1229260,2.5
SORT_TASK,1229260,3.0
SORT_TASK,1229260,3.0
SORT_TASK,1233037,112.0
SORT_TASK,1233037,114.0
SORT_TASK,1233037,149.5
SORT_TASK,1233037,161.0
SORT_TASK,1233563,1.0
SORT_TASK,1233563,3.0
SORT_TASK,1233563,4.0
SORT_TASK,1233563,5.0
SORT_TASK,1237328,2.5
SORT_TASK,1237328,3.0
SORT_TASK,1237328,4.0
SORT_TASK,1237328,5.0
SORT_TASK,1254306,2.0
SORT_TASK,1254306,2.0
SORT_TASK,1254306,3.0
SORT_TASK,1254306,4.0
SORT_TASK,1256469,4.0
SORT_TASK,1256469,5.0
SORT_TASK,1256469,11.5
SORT_TASK,1256551,151.0
SORT_TASK,1256551,169.0
SORT_TASK,1256551,219.0
SORT_TASK,1264735,3.0
SORT_TASK,1264735,3.0
SORT_TASK,1264735,4.0
SORT_TASK,1264735,9.0
SORT_TASK,1277271,2.0
SORT_TASK,1277271,4.5
SORT_TASK,1277271,5.5
SORT_TASK,1277271,47.0
SORT_TASK,1290569,126.5
SORT_TASK,1290569,138.0
SORT_TASK,1290569,144.0
SORT_TASK,1290569,158.0
SORT_TASK,1296277,2.0
SORT_TASK,1296277,2.0
SORT_TASK,1296277,2.5
SORT_TASK,1296277,4.0
SORT_TASK,1301081,1.0
SORT_TASK,1301081,3.0
SORT_TASK,1301081,3.5
SORT_TASK,1301081,5.0
SORT_TASK,1321090,2.0
SORT_TASK,1321090,3.5
SORT_TASK,1321090,5.0
SORT_TASK,1321090,5.0
SORT_TASK,1334815,2.0
SORT_TASK,1334815,2.0
SORT_TASK,1334815,2.5
SORT_TASK,1334815,2.5
SORT_TASK,1337097,2.0
SORT_TASK,1337097,2.0
SORT_TASK,1337097,8.0
SORT_TASK,1337097,19.0
SORT_TASK,1344618,159.0
SORT_TASK,1344618,207.0
SORT_TASK,1344618,236.0
SORT_TASK,1346181,1.0
SORT_TASK,1346181,2.0
SORT_TASK,1346181,2.0
SORT_TASK,1346181,2.0
SORT_TASK,1348421,3.0
SORT_TASK,1348421,5.5
SORT_TASK,1348421,7.0
SORT_TASK,1353879,1.0
SORT_TASK,1353879,2.0
SORT_TASK,1353879,2.0
SORT_TASK,1353879,10.0
SORT_TASK,1371960,1.0
SORT_TASK,1371960,2.0
SORT_TASK,1371960,2.0
SORT_TASK,1371960,2.0
SORT_TASK,1374256,5.0
SORT_TASK,1374256,5.0
SORT_TASK,1374256,5.0
SORT_TASK,1374256,20.5
SORT_TASK,1379243,1.0
SORT_TASK,1379243,2.0
SORT_TASK,1379243,2.0
SORT_TASK,1379243,3.0
SORT_TASK,1380707,2.0
SORT_TASK,1380707,3.5
SORT_TASK,1380707,3.5
SORT_TASK,1380707,6.5
SORT_TASK,1402972,2.0
SORT_TASK,1402972,4.0
SORT_TASK,1402972,4.0
SORT_TASK,1402972,5.0
SORT_TASK,1417800,3.0
SORT_TASK,1417800,4.5
SORT_TASK,1417800,5.0
SORT_TASK,1417800,5.0
SORT_TASK,1433546,2.0
SORT_TASK,1433546,3.0
SORT_TASK,1433546,3.0
SORT_TASK,1433546,3.0
SORT_TASK,1441911,128.0
SORT_TASK,1441911,151.0
SORT_TASK,1441911,156.0
SORT_TASK,1441911,176.0
SORT_TASK,1447276,3.0
SORT_TASK,1447276,3.0
SORT_TASK,1447276,4.0
SORT_TASK,1447276,4.0
SORT_TASK,1450699,137.0
SORT_TASK,1450699,149.0
SORT_TASK,1450699,158.0
SORT_TASK,1450699,189.5
SORT_TASK,1478544,129.0
SORT_TASK,1478544,138.0
SORT_TASK,1478544,144.0
SORT_TASK,1478544,169.0
SORT_TASK,1486407,3.0
SORT_TASK,1486407,3.0
SORT_TASK,1486407,4.0
SORT_TASK,1486407,19.0
SORT_TASK,1497858,145.0
SORT_TASK,1497858,148.0
SORT_TASK,1497858,163.0
SORT_TASK,1497858,178.0
SORT_TASK,2027735,3.5
SORT_TASK,2027735,5.0
SORT_TASK,2027735,6.0
SORT_TASK,2027735,11.0
SORT_TASK,2084588,219.0
SORT_TASK,2084588,281.0
SORT_TASK,2084588,340.0
SORT_TASK,2084588,378.0
SORT_TASK,2252184,3.0
SORT_TASK,2252184,3.0
SORT_TASK,2252184,4.0
SORT_TASK,2252184,5.5
SORT_TASK,2314839,6.0
SORT_TASK,2314839,6.0
SORT_TASK,2314839,7.0
SORT_TASK,2314839,9.0
SORT_TASK,2495269,8.0
SORT_TASK,2495269,8.5
SORT_TASK,2495269,9.5
SORT_TASK,2495269,11.5
SORT_TASK,2610605,6.0
SORT_TASK,2610605,8.5
SORT_TASK,2610605,14.0
SORT_TASK,2610605,24.5
SORT_TASK,2667942,5.0
SORT_TASK,2667942,8.0
SORT_TASK,2667942,8.5
SORT_TASK,2667942,9.0
SORT_TASK,2799108,265.0
SORT_TASK,2799108,276.0
SORT_TASK,2799108,282.0
SORT_TASK,2799108,316.0
SORT_TASK,2818907,334.0
SORT_TASK,2818907,340.0
SORT_TASK,2818907,358.0
SORT_TASK,2818907,427.0
SORT_TASK,2827618,8.0
SORT_TASK,2827618,9.0
SORT_TASK,2827618,11.0
SORT_TASK,2827618,11.0
SORT_TASK,2839870,5.5
SORT_TASK,2839870,13.0
SORT_TASK,2839870,13.0
SORT_TASK,2839870,14.0
SORT_TASK,2887301,8.0
SORT_TASK,2887301,9.0
SORT_TASK,2887301,12.0
SORT_TASK,2887301,13.0
SORT_TASK,2906570,5.0
SORT_TASK,2906570,5.0
SORT_TASK,2906570,15.0
SORT_TASK,2906570,18.0
SORT_TASK,3011485,334.0
SORT_TASK,3011485,363.0
SORT_TASK,3011485,375.0
SORT_TASK,3011485,488.5
SORT_TASK,3082123,8.0
SORT_TASK,3082123,9.0
SORT_TASK,3082123,10.0
SORT_TASK,3082123,10.0
SORT_TASK,3179643,10.0
SORT_TASK,3179643,13.0
SORT_TASK,3179643,15.0
SORT_TASK,3179643,20.5
SORT_TASK,3208587,4.0
SORT_TASK,3208587,8.5
SORT_TASK,3208587,9.0
SORT_TASK,3208587,10.0
SORT_TASK,3316500,9.0
SORT_TASK,3316500,10.0
SORT_TASK,3316500,15.0
SORT_TASK,3316500,15.5
SORT_TASK,3521231,6.0
SORT_TASK,3521231,6.0
SORT_TASK,3521231,8.0
SORT_TASK,3521231,19.5
SORT_TASK,3597334,7.0
SORT_TASK,3597334,9.0
SORT_TASK,3597334,12.0
SORT_TASK,3597334,13.0
SORT_TASK,3750147,9.5
SORT_TASK,3750147,10.0
SORT_TASK,3750147,10.5
SORT_TASK,3750147,14.0
SORT_TASK,3787026,8.0
SORT_TASK,3787026,10.0
SORT_TASK,3787026,11.0
SORT_TASK,3787026,11.5
SORT_TASK,3876985,362.0
SORT_TASK,3876985,382.0
SORT_TASK,3876985,386.0
SORT_TASK,3876985,543.0
SORT_TASK,3920899,10.0
SORT_TASK,3920899,12.5
SORT_TASK,3920899,14.0
SORT_TASK,3920899,15.0
SORT_TASK,4051268,8.0
SORT_TASK,4051268,9.0
SORT_TASK,4051268,10.5
SORT_TASK,4051268,11.0
SORT_TASK,4163709,12.0
SORT_TASK,4163709,13.0
SORT_TASK,4163709,13.5
SORT_TASK,4163709,16.0
SORT_TASK,4296669,7.0
SORT_TASK,4296669,8.5
SORT_TASK,4296669,9.0
SORT_TASK,4296669,9.0
SORT_TASK,4719760,13.0
SORT_TASK,4719760,16.0
SORT_TASK,4719760,19.0
SORT_TASK,4719760,43.5
SORT_TASK,4767536,460.0
SORT_TASK,4767536,478.5
SORT_TASK,4767536,507.0
SORT_TASK,4767536,517.0
SORT_TASK,4879937,11.0
SORT_TASK,4879937,12.5
SORT_TASK,4879937,16.0
SORT_TASK,4879937,27.0
SORT_TASK,5005910,9.0
SORT_TASK,5005910,13.0
SORT_TASK,5005910,26.0
SORT_TASK,5005910,38.5
SORT_TASK,5094026,13.0
SORT_TASK,5094026,14.0
SORT_TASK,5094026,17.0
SORT_TASK,5094026,17.0
SORT_TASK,5150741,547.0
SORT_TASK,5150741,734.0
SORT_TASK,5150741,882.5
SORT_TASK,5150741,1031.0
SORT_TASK,5211199,485.0
SORT_TASK,5211199,520.0
SORT_TASK,5211199,531.0
SORT_TASK,5211199,696.5
SORT_TASK,5278255,9.0
SORT_TASK,5278255,11.0
SORT_TASK,5278255,14.0
SORT_TASK,5278255,21.0
SORT_TASK,5371251,15.0
SORT_TASK,5371251,15.5
SORT_TASK,5371251,22.0
SORT_TASK,5371251,22.0
SORT_TASK,5538002,620.0
SORT_TASK,5538002,673.0
SORT_TASK,5538002,680.0
SORT_TASK,5538002,790.0
SORT_TASK,5622833,572.0
SORT_TASK,5622833,607.0
SORT_TASK,5622833,704.5
SORT_TASK,5622833,710.5
SORT_TASK,5640052,14.0
SORT_TASK,5640052,15.5
SORT_TASK,5640052,21.0
SORT_TASK,5640052,38.0
SORT_TASK,5840400,572.0
SORT_TASK,5840400,574.5
SORT_TASK,5840400,585.0
SORT_TASK,5840400,740.0
SORT_TASK,5849856,566.0
SORT_TASK,5849856,583.0
SORT_TASK,5849856,587.0
SORT_TASK,5849856,728.0
SORT_TASK,5924855,701.5
SORT_TASK,5924855,711.0
SORT_TASK,5924855,727.0
SORT_TASK,5924855,763.0
